Participant_ID,SEX,Participant_Age,Participant_Ethnicity_1,Participant_Ethnicity_2,Participant_Ethnicity_3,Education_Level,Family_Income,Participant_LTR,Dating_Length,Relationship_Satisfaction,Probability_Leave_Current_Partner,Partner_Number,Had_Sex,Age_Sex,Participant_Primarily_Attracted,Participant_Lifetime_Sex_Partners,Past_Year_Sex_Partners,Past_Month_Sex,Orientation,GenHealth1,CMVS1,CMVS2,CMVS3,CMVS4,CMVS5,CMVS6,CMVS7,CMVS8,CMVS9,CMVS10,CMVS11_rc,CMVS12,CMVS13,CMVS14,CMVS15,CMVS16,CMVS17,CMVS18,CMVS19,CMVS20,CMVS21,CMVS22,CMVS23,CMVS25,CMVS24_rc,CMVS25_rc,CMVS26_rc
38,0,28,1, , ,2,1,1,5,8,9,3,1,17,2,4,1,0,1,3,3,5,2,2,5,6,4,4,3,6,3,5,1,4,2,2, ,4,4,2,3,5,5,3,6,5,1
40,0,31,3, , ,4,2,1,5,11,1,1,1,27,2,1,1,0,1,4,4,3,4,4,5,1, ,1,1,2,5,4,3,4,4,3,3,2,2,3,2,3,4,4,4,4,6
44,0,29,3, , ,4,4,1,3,9,5,5,1,18,2,4,2,5,1,5,6,5,4,5,5,6,5,4,5,5,4,5,5,6,5,4,5,6,5,4,6,4,6,4,3,4,2
49,0,36,8, , ,4,4,1,4,10,8,30,1,18,2,5,5,3,1,3,1,1,1,1,1,1,1,1,1,1,7,1,1,4,1,1,1,1,1,2,2,1,2,2,7,6,6
50,0,23,2, , ,4,6,1,2,9,8,3,1,17,2,2,1,14,1,3,5,4,5,3,4,6,5,4,5,4,3,4,5,6,4,4,4,5,4,6,4,4,3,5,3,3,4
51,0,27,3, , ,5,1,1,5,11,11,0,2, ,2,1,1,0,1,5,5,5,5,6,5,6,5,4,5,3,5,4,5,5,5,5,4,4,2,3,4,5,6,3,3,5,4
67,0,37,3, , ,3,1,1,5,7,1,2,1,21,2,2,2,10,1,4,7,7,7,7,7,7,7,7,5,6,1,7,4,5,6,6,7,6,4,6,6,3,6,7,2,1,2
72,0,29,2, , ,4,3,1,2,10,10,2,1,28,2,1,1,1,1,4,2,3,2,3,2,3,4,3,2,2,5,2,3,4,3,2,3,4,3,2,3,4,3,3,6,5,4
92,0,34,1,6, ,1,7,1,5,10,1,5,1,16,2,20,0,0,1,3,4,4,6,6,4,3,7,6,6,6,7,7,7,7,7,6,7,1,1,2,4,6,6,1,4,7,1
102,0,49,1, , ,5,7,1,5,10,9,6,1,21,2,4,4,100,1,4,4,5,5,4,5,4,5,4,5,5,4,5,4,5,4,5,4,5,5,4,5,4,5,5,4,3,4
106,0,29,1, , ,4,1,1,4,11,1,5,1,15,2,5,1,30,1,2,5,6,5,3,5,4,6,5,6,5,2, ,5,5,5,6,5,5,6,4,2,4,5,6,3,2,3
123,1,24,3, , ,4,6,1,2,10,8,1,1,23,1,1,1,1,1,5,6,2,3,4,5,3,4,6,4,2,5,4,5,2,3,4,5,4,2,3,4,5,6,3,4,5,4
132,1,24,1, , ,4,7,1,5,11,10,1,1,21,1,1,1,1,1,5,6,5,6,4,6,5,5,5,4,2,3,4,5,4,6,5,5,6,5,5,4,5,5,5,3,3,5
161,1,29,2, , ,4,6,1,5,10,8,2,1,19,1,2,1,5,1,5,3,1,2,3,2,1,2,2,1,1,6,3,2,2,1,2,3,1,2,2,3,2,1,1,6,7,6
181,1,27,2, , ,4,1,2, , , ,5,1,21,1,1,1,6,1,4,3,4,4,3,4,3,4,2,2,4,5,4,3,2,2,3,2,1,4,3,2,2,2,2,5,6,5
200,1,31,2, , ,3,1,1,5,10,10,3,1, ,1,1,1,1,1,5,2,3,2,1,2,2,1,2,2,3,6,3,2,3,2,1,2,2,2,2,3,2,3,1,7,7,6
215,1,58,1, , ,3,2,2, , , ,10,1,17,1,10,0,0,1,3,4,4,5,4,4,5,5,5,5,5,6,5,5,5,5,5,5,3,2,4,4,4,4,2,4,6,3
217,1,28,3, , ,5,7,1,4,10,9,5,1,18,1,5,3,4,1,4,1,3,2,2,3,2,2,3,2,2,7,2,1,1,2,2,1,2,2,2,2,1,2,2,6,6,6
224,1,43,2, , ,4,2,1,5,10,2, ,2, ,1,2,1,1,1,4,4,5,6,6,6,5,5,6,6,3,4,4,4,3,4,5,4,3,4,3,3,3,3,4,4,4,5
236,1,27,2,3, ,4,3,1,2,7,8, ,1,27,1,1,1,3,1,4,6,4,6,7,6,4,6,5,7,5,1,3,5,7,3,4,6,4,6,3,5,5,4,7,4,1,3
241,1,27,1, , ,4,6,1,4,10,10,1,1,24,1,1,1,1,1,5,7,5,5,5,5,5,7,5,4,5,3,7,6,6,7,5,6,7,7,4,5,5,5,4,3,4,3
257,1,31,3, , ,5,1,1,5,9,10,1,2, ,1,1,1,0,1,4,5,6,6,6,6,5,6,6,5,6,3,4,6,4,3,5,5,6,6,5,4,6,6,3,4,5,3
263,1,56,1, , ,4,3,1,3,6,8,4,1,27,1,3,1,2,1,4,3,4,6,4,5,6,5,5,6,6,6,6,6,3,2,2,5,6,6,3,4,6,3,6,4,2,2
272,1,29,3, , ,5,1,1, ,8,8,2,1,20,1,2,2,2,1,4,2,3,2,3,5,3,2,3,3,3,6,2,2,3,3,2,3,2,5,5,2,3,3,2,5,6,5
275,1,29,3, , ,4,2,1,5,8, ,2,1,21,1,2,2,0,1,5,3,5,2,4,3,2,4,3,4,4,6,3,1,3,4,3,2,3,2,1,3,5,6,3,5,5,4
279,1,44,6, , ,5,6,1,5,9,1,3,2, ,1,3,3,0,1,4,5,5,5,4,5,1,3,3,3,4,4,7,7,6,5,1,2,4,4,5,5,5,4,2,6,6,6
288,1,28,1, , ,2,2,1,5,7,2,3,1,18,1,10,15,10,1,2,6,6,6,6,6,6,6,7,7,7,6,2,3,2,7,7,7,1,1,7,7,7,7,3,5,5,6
310,0,26,1, , ,4,2,1,4,9,9,1,2, ,2,1,1,3,1,3,3,2,5,4,6,2,4,5,3,4,6,1,2,6,3,4,2,3,2,3,1,6,4,2,1,6,4
311,0,29,7, , ,5,3,1,5,5,5,1,1,20,2,1,1,6,1,5,3,3,3,4,4,3,2,4,4,4,5,3,2,3,4,4,5,4,3,2,3,4,3,2,5,6,4
313,0,33,1, , ,4,7,1,5,8,1,5,1,20,2,16,1,2,1,2,5,4,6,4,3,4,5,4,5,4,5,4,6,4,3,5,3,5,4,5,3,4,5,4,4,4,4
319,0,35,1, , ,4,2,3, , , ,2,1,22,2,1,0,0,1,2,2,6,3,2,6,1,7,3,5,3,4,7,6,3,5,6,5,2,3,6,4,3,5,5,4,3,4
325,0,25,3, , ,4,5,1,4,10,7,3,1,20,2,2,3,2,1,3,4,2,1,3,4,5,2,4,3,3,7,3,4,2,1,3,4,3,3,2,2,3,4,2,6,6,5
327,0,28,3, , ,4,1,1,2,6,8,3,1,18,2,2,2,2,1,4,4,3,3,3,3,4,3,3,5,5,3,6,5,3,6,4,4,5,5,5,5,4,5,5,4,3,4
344,0,30,3, , ,5,1,1,4,6,5,2,1,18,2,3,1,1,1,4,5,4,3,4,5,5,4,4,3,3,4,5,5,4,4,3,4,5,5,4,3,4,5,4,3,4,5
356,0,37,2, , ,4,2,1,5,7,8,3,1,21,2,4,4,1,1,3,4,2,3,3,4,3,2,3,4,3,6,3, ,5,2,3,2,3,3,2,5,3,2,3,6,5,5
367,0,28,2, , ,4,1,1,5,10,11,2,1,21,2,3,1,35,1,3,4,3,7,6,5,7,7,6,6,7,2,1,1,2,1,4,2,4,5,4,3,3,4,7,1,1,4
376,0,28,2, , ,3,3,1,5,7,9,3,1,22,2,2,1,1,1,4,4,3,5,6,6,5,3,5,4,6,4,6,4,4,5,3,5,3,5,3,4,6,3,4,2,4,3
379,0,27,6, , ,4,7,1,5,11,1,3,1,16,2,7,6,8,1,5,1,1,2,2,2,2,7,6,4,2,2,1,1,2,7,7,7,1,1,1,1,6,1,7,1,1,1
384,0,29,6, , ,4,6,1,5,7,3,1,1,18,2,1,1,1,1,3,2,1,2,4,3,1,3,1,2,3,7,2,2,1,3,2,2,3,3,4,2,3,3,1,5,7,7
28,0,33,3, , ,4,4,1,5,8,1,2,1,18,2,2,1,1,1,5,4,2,3,2,1,3,4,3,3,4,6,4,2,3,2,1,3,4,4,2,3,2,2,4,7,4,6
30,0,35,3, , ,4,1,2, , , ,4,1,14,2,1,1,0,1,4,1,1,1,1,1,4,2,4,4,4,5,3,3,2,4,4,4,1,1,2,2,4,4,2,5,6,2
33,0,27,3, , ,4,1,1,5,9, ,1,1,22,2,1,1,3,1,4,3,4,4,2,3,3,4,2,3,3,5,4,5,2,4,3,3,4,3,2,2,3,4,4,5,4,6
35,0,42,3, , ,4,2,1,5,11,1,1,1,30,2,1,1,0,1,5,4,4,4,6,4,7,1,1,4,2,2,1,1,1,4,4,7,4,4,2,4,7,4,5,4,3,7
110,0,29,3, , ,4,1,1,3,9,1,1,1,28,2,1,1,3,1,4,2,1,2,2,2,1,4,3,1,3,7,1,2,1,1,3,1,1,4,1,5,2,1,4,6,4,6
115,0,36,1, , , ,8,1,5,11,11,5,1,17,2,5,1,1,1,5,6,7,5,7,5,6,5,6,7,6,1,5,7,5,5,6,6,5,4,6,5,7,5,5,2,3,4
122,1,26,3, , ,4,1,1,4,9,2,2,1,25,1,1,1,3,1,3,2,3,5,4,4,2,4,5,4,5,7,5,4,7,6,5,5,6,6,5,6,5,4,3,6,5,6
129,1,41,1, , ,4,3,2, , , ,4,1,18,1,2,0,0,1,4,4,3,3,5,2,3,3,4,5,3,2,7,3,5,5,4,5,2,2,3,4,5,1,5,2,3,3
140,1,44,1, , ,1,1,1,5,9,1,3,1,16,1,3,1,0,1,2,2,2,3,7,3,7,7,7,7,7,6,7,1,1,7,7,7,2,3,3,1,7,2,7,1,1,1
145,1,29,3, , ,4,1,1,4,9,1,2,2, ,1,0,0,0,1,4,6,5,3,5,7,5,4,2,4,5,4,4,3,5,4,6,4,5,7,4,2,1,3,4,1,4,3
183,1,58,1, , ,3,1,1,5,9,1,3,1,18,1, ,0,2,1,2,3,3,3,4,3,7,6,7,7,7,7,7,1,4,7,7,7,3,7,3,1,1,1,7,5,1,1
197,1,41,1, , ,4,6,2, , , ,6,1,17,1,5,1,2,1,5,3,2,2,2,2,4,5,3,4,2,4,4,2,5,5,4,4,2,2,4,2,3,3,5,2,3,5
249,1,66,1, , ,2,3,1,5,11,1,2,1,21,1,2,2,2,1,2,4,5,5,6,6,6,2,4,5,5,7,7,1,1,7,7,7,7,7,7,4,7,7,7,1,1,1
306,0,38,3, , ,4,1,1,4,9,6,10,1,27,2,1,1,4,1,3,6,7,7,6,6,7,7,6,7,7,3,6,5,6,4,5,6,6,6,7,7,5,6,6,3,2,3
315,0,29,3, , ,4,4,1,2,8,6,10,1,26,2,1,1,4,1,3,2,4,3,7,5,7,3,4,7,3,3,4,7,6,3,5,4,7,3,7,5,7,6,5,5,3,1
317,0,29,3, , ,5,5,1,5,10,8,5,1,14,2,12,5,4,1,4,6,5,4,6,5,4,5,6,4,5,2,4,6,5,4,6,5,4,3,2,3,2,2,2,6,6,6
330,0,25,2, , ,4,7,1,2,7,7,5,1,18,2,5,2,2,1,4,4,5,6,5,6,5,6,5,6,4,3,6,5,6,5,6,5,6,4,5,6,5,6,6,3,2,3
332,0,34,1, , ,4,7,1,5,9,1,5,1,18,2,11,2,2,1,3,2,4,3,3,3,4,5,4,5,5,5,1,1,2,5,7,5,2,1,3,3,3,3,4,2,4,2
333,0,29,3, , ,5,1,1,4,7,6,2,2, ,2,3,1,2,1,4,5,4,3,4,5,5,4,3,4,3,4,5,5,4,3,4,3,5,3,4,5,5,4,4,5,4,3
348,0,47,2, , ,5,2,1,5,10,1,1,1,27,2,1,1,1,1,4,4,3,5,6,4,7,3,3,3,3,2,2,1,2,4,4,5,3,4,3,5,5,5,6,2,2,4
351,0,30,3, , ,5,1,1,4,7,7,1,1,16,2,2,2,2,1,5,6,5,6,5,5,5,6,6,6,5,3,5,6,6,5,4,5,4,5,5,7,6,6,5,2,3,2
352,0,33,3, , ,4,4,1,5,11,1,4,1,16,2,2,1,10,1,5,3,2,4,3,2,2,3,3,2,4,6,3,4,2,3,1,2,2,3,1,3,1,1,3,4,5,4
370,0,56,1, , ,2,5,1,5,8,1,20,1,18,2,30,1,10,1,1,3,3,5,5,3,5,5,5,5,5,5,2,2,3,5,5,5,4,4,5,5,5,5,5,3,3,3
372,0,28,3, , ,5,3,1,4,9,2,2,2, ,2,0,0,0,1,4,3,3,4,6,3,5,5,3,4,4,4,4,3,5,4,3,4,5,4,3,4,5,4,4,5,4,4
377,0,28,3, , ,4,4,1,5,9,2,2,1,19,2,2,1,0,1,4,3,2,2,2,2,3, ,1,3,2,3,3,2,3,5,6,7,3,3,3,2,3,4,4,2,4,3
21,0,30,2, , ,3,5,1,5,10,1,5,1,14,2,25,1,7,1,4,6,6,6,6,6,5,5,4,5,5,5,6,6,5,4,4,4,6,6,6,6,6,6,5,6,3,5
22,0,30,3, , ,5,6,1,5,11,1,1,2, ,2,1,1,12,1,4,5,3,5,5,5,6,2,1,1,2,3,2,2,1,2,5,2,3,5,3,3,3,5,6,1,2,3
23,0,30,1, , ,2,2,2, , , ,1,1,28,2,1,0,0,1,3,3,3,5,7,6,7,7,7,7,7,7,7,7,7,7,7,7,2,2,4,7,7,7,3,2,5,7
24,0,30,3, , ,4,1,1,5,7,2,1,2, ,2,0,0,0,1,4,5,4,5,5,6,7,3,5,5,5,2,5,6,6,7,5,6,6,5,5,5,6,6,5,3,3,2
25,0,25,3, , ,4,1,1,2,10,2,2,1,25,2,2,2,3,1,5,2,1,2,2,2,3,1,2,2,3,6,2,1,1,1,1,2,1,1,1,1,2,2,2,2,6,2
26,0,29,3, , ,4,2,1,5,9,1,3,1,19,2,3,2,6,1,4,1,1,1,1,1,4,1,1,1,1,1,1,1,1,1,4,4,1,4,1,1,1,1,4,1,4,1
27,0,24,2, , ,4,3,1,3,9,3,6,1,18,2,8,3,12,1,5,2,1,2,3,2,4,6,5,4,3,3,7,7,7,7,7,7,1,2,3,2,3,4,5,2,3,1
29,0,35,1,2, ,4,3,1,5,10,1,3,1,15,2,3,1,6,1,3,4,4,4,7,4,7,5,5,5,5,4,7,4,4,7,7,7,1,1,5,4,4,5,1,1,7,1
31,0,22,1, , ,5,2,1,5,9,3,3,2, ,2,1,3,3,1,4,3,4,4,3,5,6,6,4,5,4,3,5,6,5,4,3,4,5,3,5,4,3,2,4,4,4,3
32,0,34,1, , ,4,6,2, , , ,55,1,11,2,160,4,25,1,4,2,2,2,2,2,2,6,6,4,5,6,7,7,7,7,7,7,4,4,2,1,1,1,7,1,1,1
34,0,32,4, , ,4,1,1,5,10,1,5,1,27,2,1,1,8,1,3,4,4,4,4,4,4,4,4,5,4,4,4,4,4,4,4,4,4,4,4,4,4,4,4,4,4,3
36,0,49,1, , ,3,5,1,5,8,2,10,1,16,2,20,1,2,1,3,6,5,5,6,5,5,4,4,4,4,5,3,5,5,3,2,3,5, ,5,5,6,6,3,6,5,5
37,0,34,1, , ,4,8,1,5,10,2,10,1,17,2,15,1,8,1,3,3,3,4,5,4,4,3,3,3,3,4,1,2,3,6,6,4,1,1,4,3,4,2,2,1,6,2
39,0,26,3, , ,5,2,1,3,8,2,3,2, ,2,2,1,0,1,5,3,2,2,3,2,2,2,2,3,3,4,2,2,1,4,4,4,3,2,2,2,1,4,2,5,6,4
41,0,33,3, , ,4,3,1,5,10,3,3,1,21,2,3,1,25,1,5,2,1,2,2,1,2,1,2,1,2,7,1,1,2,1,3,1,2,1,1,1,6,6,2,6,6,6
42,0,32,1, , ,4,6,2, , , ,5,1,18,2,23,19,3,1,5,1,1,1,1,1,2,1,1,1,1,2,1,1,4,6,7,4,2,1,2,1,1,1,4,1,4,4
43,0,29,3, , ,5,3,1,5,11,1,1,1,25,2,1,1,2,1,4,6,6,4,1,4,7,5,5,4,5,5,7,7,7,1,1,1,7,7,5,5,4,7,1,7,7,7
45,0,70,1, , ,3,2,2, , , ,23,1,18,2,12,0,0,1,3,3,2,3,5,4,5,4,3,2,5,6,1,1,2,4,5,5,1,1,3,5,6,3,2,2,6,1
46,0,45,3, , ,5,6,1,5, ,3,1,1,24,2,1,1,8,1,4,2,2,2,6,3,4,3,2,3,2,2,2,2,2,5,6,6,2,3,2,4,3,3,4,2,4,2
47,0,32,1, , ,4,6,1,5,9,1,3,1,21,2,1,1,7,1,3,3,5,5,2,5,1,3,3,5,5,6,7,7,7,1,1,3,7,7,5,5,3,5,6,6,2,5
48,0,65,1, , ,4,2,2, , , ,5,1,17,2,200,3,2,1,3,2,3,3,4,2,5,6,6,4,3,6,7,1,1,6,7,7,1,1,3,2,6,6,2,1,6,5
52,0,32,1, , ,5,7,1,5,10,2,7,1,17,2,12,1,15,1,4,2,2,3,4,2,4,5,5,5,3,2,3,2,2,5,5,3,2,2,2,2,3,4,3,2,5,3
53,0,40,1, , ,4,7,1,5,11,1,15,1,18,2,23,1,9,1,4,2,2,3,3,2,3,3,3,3,3,4,7,2,3,6,4,5,1,2,3,2,2,2,4,3,4,3
54,0,51,1, , ,5,8,1,5,10,1,7,1,16,2,7,1,0,1,3,4,4,6,7,4,7,7,7,7,7,1,1,1,7,7,7,7,2,3,6,2,7,3,1,1,7,1
55,0,40,1, , ,5,6,2, , , ,7,1,25,2,4,0,0,1,3,4,4,4,4,4,4,5,5,5,5,5,3,2,4,6,7,7,2,2,4,2,3,5,2,5,6,4
56,0,34,1, , ,4,9,1,5,10,1,10,1,17,2,18,1,2,1,4,2,2,2,4,2,6,4,4,4,3,2,2,3,4,3,6,6,2,3,3,6,4,5,6,2,2,2
57,0,22,6, , ,4,6,2, , , ,9,1,14,2,4,0,0,1,2,3,2,3,4,4,5,3,4,5,5,3,2,3,2,6,6,5,1,1,4,3,3,3,5,3,3,2
58,0,45,1, , ,4,7,1,5,9,2,20,1,12,2,25,1,12,1,3,6,6,7,6,6,7,6,6,6,6,6,3,2,2,6,7,7,1,1,7,6,7,7,1,7,7,7
59,0,54,1, , ,2,4,2, , , ,12,1,15,2,45,2,0,1,2,5,3,6,6,5,7,4,4,4,7,5,4,3,3,5,6,6,2,2,5,3,4,5,2,4,6,4
60,0,66,2,3, ,4,1,1,5,7,1,6,1,24,2,13,1,5,1,1,1,1,1,1,1,2,2,3,2,3,5,1,2,2,3,4,3,2,1,1,2,2,2,4,2,4,4
61,0,76,1, , ,5,4,2, , , ,45,1,18,2,25,0,0,1,5,4,5,5,5,5,5,5,5,5,5,5,4,5,5,7,7,7,4,4,6,4,4,5,4,1,4,4
62,0,59,1, , ,4,2,2, , , ,9,1,16,2,14,1,0,1,4,3,3,4,5,4,6,4,4,4,4,5,1,2,2,6,6,6,3,3,5,4,3,4,3,2,5,2
63,0,35,4, , ,2,6,1,5,11,1,10,1,15,2,12,1,8,1,2,3,3,4,3,4,7,3,2,4,3,1,1,2,4,7,7,7,1,1,6,3,6,4,7,1,1,1
64,0,46,1, , ,5,3,1,5,8,2,7,1,20,2,10,1,4,1,4,4,4,4,4,4,6,6,6,6,6,6,5,4,4,4,4,4,4,2,2,2,4,4,4,4,4,4
65,0,48,1, , ,4,3,1,5,1,10,3,1,20,2,3,1,0,1,2,2,2,5,4,1,1,7,7,7,7,7,1,1,1,7,7,7,2,2,2,2,7,1,6,1,2,2
66,0,36,1, , ,4,4,2, , , ,5,1,23,2,2,0,0,1,3,1,1,1,1,1,1,2,1,1,1,1,5,5,4,1,1,1,3,2,1,1,1,1,5,3,3,4
68,0,28,1, , ,5,6,1,5,10,1,6,1,18,2,4,1,1,1,3,5,6,5,2,6,1,6,6,7,6,7,7,7,7,1,1,3,7,7,2,1,1,4,7,7,1,7
69,0,53,1, , ,2,3,1,5,11,1,1,1,19,2,1,1,5,1,2,3,6,6,7,6,7,5,5,5,7,5,1,3,4,7,7,7,3,3,7,4,7,5,4,1,4,1
73,0,35,1, , ,2,6,1,5,11,1,6,1,16,2,12,1,2,1,5,3,2,3,5,3,7,3,3,2,3,3,1,1,1,4,3,4,1,1,2,3,3,4,2,3,6,3
74,0,69,1, , ,4,2,1,5,11,1,5,1,18,2,3,1,2,1,4,6,6,6,2,6,2,4,5,5,3,5,2,1,1,6,3,5,4,4,3,3,3,3,4,2,4,2
75,0,30,1, , ,2,2,1,5,9,1,20,1,16,2,20,1,15,1,3,6,6,5,3,6,1,7,6,7,5,7,4,7,6,1,1,1,4,4,6,7,5,7,1,7,7,7
76,0,30,1, , ,5,8,1,5,10,1,5,1,16,2,16,1,10,1,4,2,2,2,3,2,3,3,3,3,2,2,2,1,2,5,5,6,2,2,2,2,2,2,2,6,6,2
77,0,25,3, , ,5,2,1,4,11,1,4,1,19,2,2,1,2,1,5,3,2,4,3,3,2,4,2,3,3,4,3,2,2,3,2,3,2,3,2,2,2,2,2,5,6,6
78,0,34,2, , ,5,7,2, , , ,2,1,21,2,2,0,0,1,3,7,7,7,7,6,6,7,6,7,6,6,4,4,4,6,7,6,2,2,7,6,7,7,1,6,7,6
79,0,27,3, , ,4,3,1,4,11,1,4,1,18,2,10,2,15,1,5,2,1,2,3,2,3,4,4,4,5,1,1,1,1,6,7,7,1,1,3,2,3,2,5,1,3,1
80,0,63,1, , ,4,5,1,5,11,1,10,1,19,2,15,1,12,1,3,2,3,3,4,3,6,3,5,4,3,3,2,2,2,5,6,6,2,4,5,2,6,4,5,2,3,2
81,0,33,6, , ,4,7,1,5,10,1,3,1,17,2,3,1,4,1,4,4,3,3,5,2,3,5,5,5,6,4,3,5,2,3,4,5,2,6,5,2,5,4,3,2,5,3
82,0,38,3, , ,5,1,1,5,9,2,5,1,32,2,1,1,5,1,3,2,2,5,7,2,5,2,5,4,3,6,2,2,2,2, ,5,2,2,1,2,6,3,6,3,2,3
83,0,38,3, , ,4,2,1,5,9,2,5,1,21,2,5,1,1,1,3,3,3,3,5,3,5,3,3,3,3,2,2,2,2,3,4,4,3,3,3,3,3,3,3,2,5,2
84,0,36,1, , ,2,8,1,5,11,6,4,1,21,2,4,1,20,1,5,7,7,7,7,7,7,1,1,1,1,7,7,7,7,1,1,1,7,7,7,6,7,7,1,7,7,7
85,0,25,3, , ,4,3,1,4,6,9,1,2, ,2,1,1,1,1,4,6,7,7,6,6,7,6,6,7,6,1,6,6,6,6,7,6,6,6,6,6,7,6,5,4,3,1
86,0,51,1, , ,3,4,1,4,9,2,15,1,15,2,20,1,6,1,4,3,3,3,4,3,5,4,4,4,3,3,2,2,2,5,5,5,2,2,3,2,3,3,4,3,4,3
87,0,45,1, , ,5,7,1,5,10,1,16,1,17,2,16,1,0,1,3,3,2,2,6,3,5,5,3,3,3,3,7,2,7,5,7,7,4,3,3,3,4,6,6,2,2,2
88,0,27,1, , ,4,5,1,3,9,7,2,1,16,2,1,2,1,1,4,4,6,3,6,5,3,5,3,6,3,3,3,6,4,3,6,3,5,3,5,3,6,4,3,3,5,3
89,0,36,1,5, ,2,7,1,5,11,1,10,1,15,2,50,3,20,1,5,1,1,2,3,1,4,7,2,3,2,4,1,1,1,7,7,7,1,1,1,1,1,1,6,7,2,1
90,0,61,1, , ,4,6,1,5,9,1,1,1,23,2,1,1,0,1,2,4,6,7,7,7,7,7,7,6,7,5,1,2,2,7,6,6,3,3,7,4,7,6,6,2,2,2
91,0,26,1, , ,4,6,1,4,9,2,3,1,18,2,5,1,4,1,4,6,6,6,6,7,4,5,5,5,5,6,7,7,7,3,3,5,7,7,7,7,6,7,7,5,1,1
93,0,31,1, , ,5,8,1,5,11,1,1,1,21,2,1,1,6,1,4,4,4,4,4,4,4,3,4,3,2,2,1,1,1,7,7,7,4,4,4,4,4,4,4,4,4,4
94,0,32,2, , ,3,2,1,4,6,5,3,1,18,2,3,1,5,1,3,4,2,4,3,5,2,6,4,3,3,3,4,6,3,5,3,7,6,4,2,3,6,3,4,4,4,2
96,0,76,1, , ,4,2,2, , , ,4,1,14,2,20,0,0,1,4,3,3,5,5,3,5,5,5,5,5,3,1,1,1,7,7,7,1,1,1,1,1,1,5,1,3,1
97,0,67,1, , ,2,3,1,5,10,1,20,1,17,2,12,1,2,1,5,2,2,3,3,3,7,7,7,7,7,6,6,2,3,6,7,7,1,1,3,2,3,3,7,1,1,1
98,0,25,5, , ,5,4,1,4,11,1,3,2, ,2,0,0,0,1,3,4,6,3,7,6,4,7,3,4,6,6,3,4,3,7,7,4,2,2,7,4,7,6,7,1,1,5
99,0,32,1, , ,2,4,2, , , ,5,1,15,2,4,1,0,1,4,3,3,6,4,3,4,3,3,6,4,6,2,1,4,6,6,6,4,4,4,4,6,6,4,2,4,2
100,0,48,1, , ,4,7,1,5,10,1,11,1,15,2, ,1,12,1,5,1,1,1,4,1,4,5,1,1,2,4,1,1,3,4,2,4,1,1,2,1,4,1,4, ,4,1
101,0,33,6, , ,4,6,1,5,11,1,8,1,14,2,26,1,20,1,5,1,1,1,1,1,1,1,1,1,4,5,3,4,3,2, ,2,1,1,4,2,3,2,3,4,5,4
103,0,33,1, , ,3,2,1,5,11,1,15,1,15,2,9,1,25,1,2,2,2,2,5,2,6,4,5,5,3,5,3,3,2,6,6,6,2,2,3,3,3,2,3,2,5,3
104,0,27,1, , ,4,6,1,5,9,1,3,1,19,2,2,1,3,1,4,5,5,5,6,4,6,5,6,6,5,5,3,3,4,7,7,7,5,5,6,4,6,4,7,2,1,1
107,0,36,1, , ,4,9,1,3,10,1,7,1,16,2,4,1,7,1,5,4,5,4,5,4,5,6,7,5,3,6,6,4,4,7,7,7,2,2,4,6,5,4,3,3,5,4
108,0,28,3, , ,5,4,1,1,3,1,5,2, ,2,0,0,0,1,4,2,3,3,6,6,6,2,2,2,2,4,2,2,2,2,2,2,2,5,3,3,5,5,5,5,3,3
109,0,25,1, , ,4,5,1,5,10,1,4,1,19,2,2,1,5,1,4,3,3,4,7,3,7,7,7,4,7,5,3,1,7,7,7,7,3,3,4,3,7,2,6,1,2,1
111,0,25,3, , ,4,2,1,5,10,1,2,1,19,2,2,2,3,1,4,2,2,3,3,2,4,3,3,3,3,5,1,1,2,2,2,3,3,2,2,2,4,4,3,5,5,4
112,0,49,1, , ,2,3,2, , , ,6,1,21,2,6,1,0,1,4,2,2,2,2,2,2,5,5,4,3,3,1,1,2,5,6,6,1,1,3,2,5,2,3,1,5,1
113,0,28,3, , ,5,5,1,5,10,2,2,1,27,2,2,1,1,1,4,2,2,3,1,2,3,2,1,2,2,5,4,2,1,2,2,3,2,2,4,3,2,1,3,6,5,6
114,0,36,8, , ,4,4,1,5,9,1,8,1,12,2,6,1,6,1,2,3,2,3,4,3,3,5,6,6,5,5,3,2,3,2,2,3,1,3,3,3,2,5,1,2,7,5
116,0,30,3, , ,5,7,1,4,10,2,2,1,20,2,2,2,5,1,5,4,1,5,6,4,3,3,1,2,2,4,1,1,1,2,3,3,2,2,1,2,3,1,2,5,6,5
117,0,28,6, , ,4,5,1,4,7,6, ,1,13,2,4,1,4,1,3,2,1,5,1,1,6,3,3,2,4,4,2,3,3,4,1,4,3,2,7,2,3,2,4,2,4,5
118,0,30,3, , ,4,2,1,3,9,9,2,2, ,2,2,1,5,1,4,2,3,2,3,2,2,3,2,3,2,5,2,3,2,3,2,3,2,2,3,2,3,2,2,5,6,5
119,0,38,1, , ,4,7,2, , , ,10,1,15,2,15,2,6,1,4,3,3,3,4,2,6,4,5,4,3,2,6,4,6,6,6,7,4,3,4,4,3,2,4,1,4,1
120,0,57,1, , ,4,6,1,5,7,1,6,1,18,2,10,0,0,1,2,3,3,4,6,4,3,3,3,4,4,2,7,6,7,7,6,7,2,2,6,4,7,5,2,2,6,6
121,0,26,1, , ,4,5,2, , , ,12,1,15,2,13,1,0,1,4,2,2,6,3,2,3,6,5,6,6,5,2,3,3,3,1,3,1,1,1,1,3,4,1,1,7,5
124,1,42,1, , ,5,7,1,5,8,1,5,1,17,1,8,1,1,1,3,3,4,4,4,4,3,2,2,4,3,2,3,3,4,6,6,6,3,3,4,3,4,1,7,1,1,1
125,1,40,1, , ,4,6,1,5,10,1,3,1,17,1,2,1,6,1,3,5,5,5,4,5,5,5,5,5,5,5,6,6,5,2,2,2,6,5,5,5,3,5,2,5,6,6
126,1,44,2, , ,5,6,1,5,7,2,3,1,20,1,2,1,8,1,2,2,1,2,3,2,7,1,1,3,1,3,2,2,2,6,6,6,2,3,2,2,2,1,5,2,3,3
127,1,25,2, , ,4,5,1,3,10,1,3,2, ,1,1,1,0,1,4,1,3,2,3,3,2,2,3,2,2,4,3,2,3,1,2,4,3,4,3,3,4,2,3,6,5,5
128,1,25,1, , ,4,5,1,5,8,1,5,1,14,1,5,1,0,1,2,6,6,6,5,5,5,6,5,6,6,6,7,4,5,2,1,1,4,5,5,4,3,6,2,6,6,6
131,1,29,3,8, ,5,5,2, , , ,1,1,20,1,11,1,0,1,5,7,7,7,4,4,7,7,7,7,7,7,1,3,3,7,7,7,1,1,7,7,7,7,1,7,7,1
133,1,33,1, , ,3,4,1,5,10,1,8,1,16,1,7,1,3,1,2,4,4,3,1,4,2,4,4,3,3,3,1,3,4,6,5,7,4,4,5,4,6,4,5,2,3,3
134,1,39,8, , ,4,6,1,4,10,1,5,1,18,1,5,1,6,1,4,3,2,4,5,2,3,3,2,5,3,3,2,1,2,6,6,7,3,3,5,3,5,3,5,2,3,2
135,1,43,1, , ,3,8,1,5,4,1,4,1,15,1,4,1,8,1,2,6,6,5,6,6,7,6,5,4,5,7,7,7,5,6,1,1,7,7,5,5,7,7,4,7,4,5
136,1,28,1, , ,5,8,1,5,11,1,1,1,16,1,1,1,3,1,3,3,3,4,6,4,7,7,7,7,7,5,1,1,4,6,7,7,4,4,3,2,7,4,7,1,1,1
137,1,39,1, , ,3,5,1,5,8,2,11,1,14,1,5,1,8,1,3,2,2,2,2,2,4,2,2,2,2,2,2,7,7,3,5,4,6,6,6,6,6,5,5,3,3,5
138,1,27,1, , ,2,6,1,5,10,1,10,1,17,1,10,1,10,1,2,2,4,4,4,4,2,6,7,7,6,7,1,1,1,6,7,7,2,2,6,4,6,3,6,4,2,6
139,1,50,1, , ,4,3,1,5,7,1,2,1,19,1,2,1,4,1,3,3,3,5,7,4,7,7,7,7,7,7,4,4,3,7,3,7,3,6,6,7,7,5,6,1,2,6
141,1,27,1, , ,5,7,1,5,11,1,100,1,21,1,1,1,10,1,5,1,2,3,4,4,4,5,5,4,2,6,3,3,3,2,3,3,3,3,3,2,3,2,3,5,5,6
142,1,52,1, , ,3,8,1,5,8,1,10,1,14,1,68,1,6,1,3,6,6,6,6,6,1,4,3,4,5,7,4,2,4,5,6,6,1,1,7,4,7,7,1,1,7,4
143,1,27,1, , ,4,5,1,4,10,2,2,1,22,1,2,1,9,1,4,3,3,2,3,2,4,3,4,4,4,4,3,3,3,5,5,5,5,4,3,3,3,3,4,4,4,4
144,1,32,8, , ,3,3,1,5,11,1,5,1,17,1,5,1,30,1,3,1,3,3,2,3,2,1,1,2,1,1,1,1,1,7,7,7,2,2,1,1,1,2,7,1,1,1
146,1,57,1, , ,5,4,1,5,11,1,7,1,18,1,6,1,0,1,4,4,4,5,7,7,4,5,5,4,5,1,1,1,7,7,7,7,7,7,7,4,7,3,7,1,1,1
147,1,42,1, , ,2,3,1,5,9,1,8,1,14,1,20,4,4,1,3,2,2,2,1,2,1,2,2,2,2,3,2,2,2,5,7,7,1,1,2,2,1,2,4,1,4,2
148,1,63,1, , ,4,8,1,5,10,1,5,1,20,1,1,1,2,1,4,3,3,3,7,4,6,5,3,4,3,2,1,1,4,6,6,7,3,4,4,4,7,2,7,1,1,4
149,1,38,1, , ,3,4,1,5,11,1,5,1,14,1,20,1,4,1,2,2,1,1,1,1,2,1,1,1,1,1,7,5,4,2,1,1,3,2,1,2,1,1,4,2,4,4
150,1,33,1, , ,5,2,1,5,8,1,3,1,19,1,5,1,0,1,5,4,2,2,3,2,2,5,5,5,4,3,6,6,7,7,7,7,3,3,2,2,5,2,6,2,2,2
151,1,33,1, , ,3,8,1,5,10,1,15,1,16,1,15,1,1,1,5,7,7,7,4,4,2,2,1,1,1,7,7,4,7,1,1,1,7,7,2,7,7,7,1,7,7,7
152,1,36,1, , ,4,8,1,4,11,1,2,1,18,1,2,1,1,1,4,4,4,4,4,4,3,3,3,3,2,6,2,2,2,2,2,2,2,2,2,2,2,2,4,3,4,2
153,1,36,1, , ,4,8,1,5,10,1,3,1,22,1,1,1,5,1,4,2,2,3,6,2,6,4,4,4,4,3,1,2,4,5,6,5,2,3,3,4,5,2,6,2,2,2
154,1,29,3, , ,4,1,1,5,11,1,1,1,19,1,1,1,20,1,4,7,7,7,7,7,7,7,7,7,7,2,6,7,7,6,6,6,6,6,6,7,6,6,7,2,1,2
155,1,33,1, , ,4,3,1,5,10,1,10,1,16,1,7,1,2,1,4,6,6,6,6,6,7,5,3,2,2,2,6,6,7,1,1,4,7,7,5,7,7,7,7,6,1,2
156,1,44,1, , ,5,2,2, , , ,6,1,20,1,3,1,0,1,3,2,2,2,3,2,6,3,2,3,2,5,1,1,1,6,5,6,2,2,3,1,3,2,6,2,2,2
157,1,42,1, , ,3,7,2, , , ,6,1,14,1,6,0,0,1,1,4,4,5,7,4,7,6,7,7,6,5,7,6,7,7,7,7,2,2,6,4,4,5,5,6,3,3
158,1,59,1, , ,4,8,1,5,10,1,5,1,15,1,30,1,4,1,4,2,2,3,6,4,4,3,3,3,4,2,6,3,3,6,7,7,3,3,4,3,6,3,7,1,1,1
159,1,35,1, , ,3,6,1,5,6,1,7,1,18,1,7,1,2,1,2,4,4,5,5,5,5,5,6,6,5,5,6,6,6,6,5,5,2,2,6,3,6,6,2,2,6,2
160,1,65,1, , ,4,5,1,5,8,1,3,1,17,1,1,1,1,1,4,5,5,5,5,5,5,1,1,2,3,2,4,4,4,4, ,7,2,3,5,5,5,5,5,3,3,3
162,1,40,1, , ,5,6,2, , , ,20,1,15,1,20,1,0,1,2,7,7,7,7,7,7,7,7,7,7,7,2,1,2,6,7,7,1,1,7,7,7,6,1,6,7,5
163,1,31,1, , ,4,6,1,5,8,1,1,1,17,1,1,1,0,1,2,3,4,5,6,4,5,7,7,7,6,6,1,2,3,7,7,7,2,3,6,4,7,3,3,1,5,5
164,1,55,1, , ,3,6,2, , , ,5,1,13,1, ,0,0,1,5,6,5,5,5,5,3,6,6,6,6,5,4,2,6,6,6,6,6,2,6,6,6,5,6,2,2,2
165,1,56,1, , ,2,6,1,5,9,1,10,1,17,1,10,1,2,1,4,5,4,3,4,3,2,3,5,4,3,6,4,5,5,2,2,2,5,5,5,5,5,3,4,3,4,5
166,1,62,1, , ,5,8,2, , , ,35,1,18,1,25,0,0,1,3,2,2,2,2,2,6,4,4,4,3,2,2,1,4,6,6,6,2,2,2,2,4,5,6,2,2,2
167,1,29,3, , ,4,5,1,5,11,1,1,1,25,1,1,1,12,1,4,1,2,3,5,3,6,2,2,4,2,2,1,2,2,6,5,7,3,5,2,2,4,2,4,2,4,3
168,1,32,1, , ,5,7,1,5,11,1,3,1,18,1,3,1,6,1,4,2,2,2,2,2,2,2,2,2,2,6,2,2,2,5,2,4,2,2,2,2,2,2,4,3,4,3
169,1,26,2, , ,5,2,1,5,11,1,6,1,15,1,2,1,4,1,5,7,7,7,7,7,7,7,7,7,7,1,7,7,7,7,1,1,1,7,7,7,7,7,7,1,1,1
170,1,53,1,8, ,4,5,1,5,9,1,3,1,23,1,2,1,0,1,4,4,4,4,7,4,6,6,4,6,4,5,1,1,7,7,7,7,4,4,4,4,7,5,6,5,2,2
171,1,39,1, , ,5,3,1,5,9,2,30,1,17,1,20,1,10,1,4,2,2,2,2,2,1,3,3,4,3,7,1,1,3,5,5,6,1,1,2,2,2,1,3,1,5,3
172,1,27,1, , ,4,3,1,5,10,1,1,1,20,1,1,1,4,1,3,5,6,6,6,4,3,6,7,6,6,5,2,3,5,7,7,5,3,3,5,4,6,5,7,2,1,1
173,1,59,1, , ,3,4,1,5,9,2,5,1,16,1,4,1,1,1,4,3,5,5,6,6,7,3,2,5,5,3,1,2,2,6,6,6,4,4,7,4,7,5,6,3,2,2
174,1,21,1, , ,2,1,1,4,9,3,12,1,14,3,5,2,3,1,3, , , , , , , , , , , , , , , , , , , , , , , , , , , 
175,1,49,1,2,6,4,5,1,2,10,1,14,1,14,1,33,1,0,1,4,2,2,2,2,2,3,4,2,1,1,2,2,2,2,3,4,4,1,1,1,2,1,5,4,3,4,3
176,1,27,6, , ,4,4,1,5,7,3,7,1,17,1,10,1,2,1,3,4,3,4,3,3,3,6,5,6,6,6,2,2,2,6,6,6,2,3,3,3,3,2,6,2,2,3
177,1,66,1, , ,3,8,1,5,11,1,3,1,16,1,1,1,4,1,5,2,2,2,3,3,3,2,2,3,3,2,1,1,4,7,7,7,2,2,4,4,6,2,7,1,1,1
178,1,41,1, , ,2,6,1,5,10,1,5,1,19,1,1,1,4,1,3,3,2,3,3,2,4,3,6,6,3,2,1,1,6,7,7,7,2,2,4,2,6,3,3,1,5,3
179,1,33,1, , ,4,6,1,5,7,1,13,1,15,1,10,1,8,1,2,3,5,5,6,6,7,3,5,6,7,3,1,2,2,7,7,7,1,1,7,3,7,3,2,1,6,1
180,1,55,1, , ,2,8,1,5,10,1,4,1,15,1,4,1,4,1,5,2,2,2,4,2,4,4,2,4,4,2,6,6,4,1,1,1,6,2,4,2,4,3,6,2,2,2
184,1,30,1,6, ,3,6,1,5,9,1,7,1,17,1,25,1,3,1,3,4,5,5,2,4,1,1,1,1,1,3,7,7,3,1,1,1,5,5,1,5,2,6,4,6,4,6
185,1,31,3, , ,5,1,1,2,5,4,2,2, ,1,1,1,1,1,4,2,2,3,6,2,3,4,5,6,3,3,3,2,2,2,3,4,3,2,2,3,2,3,2,2,6,6
186,1,60,1,6, ,3,2,2, , , ,20,1,18,1,15,0,0,1,2,2,2,2,2,2,2,3,3,2,2,2,1,2,2, ,7,7,2,2,2,2,6,1,6, ,2,2
187,1,32,3, , ,4,3,1,5,8,1,3,1,21,1,1,1,4,1,4,4,4,5,5,6,4,4,4,4,4,6,7,4,5,5,4,4,5,4,4,5,4,4,5,3,3,3
188,1,70,1, , ,2,3,1,5,11,1,1,1,19,1,2,1,2,1,3,2,1,1,1,1,1,3,3,4,3,6,5,3,3,7,7,7,5,5,6,6,7,3,7,3,1,1
189,1,29,1, , ,4,4,1,5,10,2,5,1,16,1,3,1,2,1,4,2,2,3,5,2,5,6,6,4,3,3,1,2,2,3,6,3,2,2,2,3,2,2,6,2,2,3
190,1,46,6, , ,4,6,1,5,10,1,2,1,22,1,3,1,6,1,4,2,2,2,3,3,3,2,2,3,2,2,2,1,3,5,6,6,3,2,2,3,3,4,5,3,3,3
191,1,37,6, , ,4,6,1,5,10,1,6,1,20,1,6,1,20,1,3,4,4,4,1,4,2,1,1,1,1,2,7,7,1,1,1,1,5,5,1,5,1,6,1,7,7,7
192,1,41,1, , ,4,9,1,5,10,1,4,1,21,1,2,1,0,1,3,3,4,4,4,4,6,3,4,4,5,5,2,2,2,4,4,4,3,3,4,3,5,3,4,3,4,4
193,1,46,1, , ,3,7,1,5,11,1,10,1,18,1,5,1,15,1,5,2,3,7,7,6,7,4,5,3,4,3,1,1,1,5,5,5,1,1,2,2,2,3,6,2,2,3
194,1,56,1, , ,3,3,2, , , ,20,1,15,1,25,0,0,1,3,3,5,5,5,4,4,4,5,4,3,5,1,1,4,5,5,5,2,3,4,3,6,2,6,2,2,2
195,1,25,1,2, ,4,7,2, , , ,1,1,24,1,4,1,0,1,3,5,4,4,3,4,5,7,7,7,7,7,7,7,7,4,7,7,1,1,5,4,5,7,1,7,7,7
196,1,49,1, , ,3,2,2, , , ,6,1,15,1,12,2,1,1,3,3,3,4,3,3,3,3,6,5,4,3,4,4,4,4,6,6,3,3,4,4,4,3,7,1,1,1
198,1,34,1, , , ,7,1,1,9,3,5,1,17,1,32,3,1,1,3,4,3,4,2,2,3,3,3,4,3,2,5,3,4,5,3,2,2,2,4,3,4,6,3,2,5,1
199,1,60,1, , ,4,3,1,5,8,1,5,1,15,1,6,1,0,1,1,5,7,7,7,7,7,6,7,7,7,7,1,4,7,7,7,7,2,2,7,7,7,7,7,5,1,1
201,1,35,1, , ,2,8,1,5,10,1,20,1,17,1,40,1,1,1,4,3,4,3,2,3,5,2,3,3,3,4,6,6,5,2,2,2,1,1,3,4,1,5,1,7,7,7
202,1,50,1, , ,3,7,1,5,10,1,4,1,21,1,9,1,12,1,4,6,6,6,1,6,6,2,4,4,4,5,7,7,6,1,1,1,6,6,5,6,2,5,1,7,7,7
203,1,48,1, , ,2,6,1,5,11,1,5,1,18,1,5,1,5,1,2,2,5,5,5,4,7,1,1,3,3,2,1,1,2,7,7,7,1,2,5,2,6,1,7,1,1,3
204,1,42,6, , ,3,6,1,5,9,1,4,1,21,1,4,1,30,1,4,1,1,1,3,3,7,7,7,7,5,3,3,1,7,7,7,7,3,3,3,1,3,3,7,1,1,1
205,1,48,1, , ,5,6,1,5,10,1,5,1,16,1,21,1,1,1,2,4,4,5,5,3,5,6,6,6,5,2,6,3,6,7,7,7,2,3,5,3,6,3,5,2,3,4
206,1,48,8, , ,4,4,1,4,9,1,5,1,28,1,5,1,4,1,4,3,3,5,6,3,7,6,6,7,5,2,2,1,1,6,7,7,3,3,6,2,7,5,7,1,1,2
207,1,41,1, , ,5,6,2, , , ,6,1,15,1,65,1,0,1,4,3,2,2,1,3,1,7,7,7,7,6,7,7,7,7,7,7,2,1,3,4,5,2,7,1,1,1
208,1,60,1,7, ,3,6,1,5,10,1,50,1,15,1,80,1,10,1,4,2,2,2,2,2,3,4,4,4,3,2,2,2,6,6,6,6,3,4,3,2,2,2,6,2,2,2
209,1,31,1, , ,4,8,1,5,10,1,3,1,17,1,10,1,5,1,4,2,2,2,4,2,2,6,6,6,4,3,1,1,2,6,6,6,2,1,1,1,4,1,6,6,2,6
210,1,38,1, , ,5,8,1,4,10,1,6,1,17,1,6,1,13,1,3,3,6,6,7,6,7,3,3,5,6,6,1,1,1,5,6,3,3,3,6,3,7,6,7,5,1,5
211,1,32,3, , ,4,1,1,5,10,1,1,1,23,1,1,1,1,1,3,4,4,3,6,4,7,4,3,4,4,5,1,1,1,6,6,6,3,4,5,4,7,4,7,1,1,4
212,1,48,1, , ,5,2,1,5,8,1,8,1,16,1,20,1,0,1,2,6,5,6,7,5,6,6,5,6,6,4,3,2,2,6,6,7,3,3,7,4,7,6,5,1,3,1
213,1,45,1, , ,5,4,2, , , ,3,1,24,1,17,1,4,1,3,7,7,7,7,7,3,5,5,5,4,4,7,4,7,7,7,7,1,1,7,7,7,7,1,1,7,2
214,1,39,1, , ,5,3,1,5,9,1,30,1,17,1,30,1,20,1,4,3,3,3,3,3,1,3,3,3,3,1,1,1,3,5,6,6,2,1,5,2,5,2,5,3,3,3
216,1,32,1, , ,4,5,1,4,10,1,2,1,23,1,5,1,2,1,3,2,2,2,2,2,2,6,6,6,6,6,6,6,6,6,6,6,2,2,2,1,2,3,6,2,2,2
218,1,19,6, , ,2,4,2, , , ,0,2, ,1,0,0,0,1,3,7,7,7,7,7,7,7,7,7,7,7,7,7,7,7,7,7,7,7,7,7,7,7,7,1,1,1
219,1,56,1, , ,2,6,1,5,9,1,18,1,16,1,8,1,0,1,3,2,2,2,3,2,4,5,6,6,7,6,2,1,7,7,7,7,3,2,2,3,6,2,7,1,1,1
220,1,52,1, , ,4,2,1,5,10,1,6,1,17,1, ,1,0,1,3,2,4,4,6,6,6,1,1,2,4,4,1,1,1,7,7,7,2,2,7,4,7,2,7,1,1,1
221,1,39,1, , ,4,5,1,5,11,1,3,1,17,1,3,1,20,1,5,2,1,2,5,2,5,6,3,4,5,5,2,1,2,5,6,5,1,2,3,3,5,4,5,2,3,3
222,1,26,1, , ,4,9,1,5,10,1,4,1,16,1,4,1,1,1,4,2,1,2,3,2,3,2,2,3,2,2,3,3,3,2,3,2,1,1,2,2,1,2,7,2,1,3
223,1,26,1, , ,5,6,1,5,11,1,3,1,21,1,4,1,10,1,5,5,7,6,7,5,5,6,6,7,6,3,5,6,4,4,5,6,5,5,4,4,5,5,3,4,5,5
225,1,45,1, , ,3,4,1,5,11,1,4,1,15,1,4,1,6,1,4,2,2,2,2,2,2,5,5,6,5,3,6,2,2,3,4,3,4,3,3,4,3,4,3,3,5,4
226,1,32,1, , ,4,4,1,5,7,2,6,1,19,1,6,1,1,1,3,1,7,6,6,6,4,7,7,7,7,6,1,1,2,7,6,6,2,2,6,4,7,5,3,4,5,3
227,1,47,1, , ,4,4,1,4,8,5,6,1,17,1,20,1,5,1,4,4,4,4,5,4,2,5,5,4,4,5,6,7,6,2,3,4,7,6,5,4,3,3,4,3,4,5
228,1,33,1, , ,3,6,1,5,9,1,5,1,19,1,5,1,11,1,3,3,6,5,5,3,3,3,2,2,4,3,7,7,7,7,4,3,5,2,4,3,2,3,3,6,5,6
229,1,30,1,6, ,3,6,1,5,8,1,10,1,17,1,25,2,10,1,3,3,4,4,6,4,6,6,6,6,6,5,4,2,3,6,6,6,3,3,6,5,6,5,6,2,2,2
230,1,34,1, , ,4,6,1,5,9,1,3,1,23,1,2,1,2,1,3,5,5,5,5,5,6,5,5,5,6,5,1,2,2,6,6,6,3,5,3,5,5,5,5,3,3,3
231,1,57,1, , ,3,4,1,5,11,1,8,1,15,1,7,1,10,1,4,2,3,3,3,3,4,2,2,2,2,1,4,1,2,7,6,6,1,1,3,1,4,1,4,1,4,3
232,1,27,1, , ,4,4,1,5,9, ,2,1,17,1,2,1,5,1,3,2,4,4,6,2,6,6,6,6,6,6,2,2,2,6,6,6,6,3,3,4,4,3,6,2,2,2
233,1,34,1, , ,4,8,1,5,11,1,7,1,23,1,7,1,4,1,5,4,4,4,4,3,5,3,3,4,3,2,1,1,2,5,6,4,3,4,5,3,6,3,5,2,3,4
234,1,25,1, , ,4,4,2, , , ,1,1,20,1,1,0,0,1,3,6,7,7,7,5,6,5,5,6,7,6,1,2,5,7,6,6,2,3,7,5,7,7,3,5,5,2
235,1,29,1, , ,4,2,1,4,10,1,6,1,17,1,10,1,5,1,3,5,5,5,6,5,6,6,6,6,5,5,7,3,7,5,5,5,3,3,6,3,5,3,6,3,2,3
237,1,28,1, , ,5,7,1,5,9,1,3,1,15,1,3,1,6,1,4,2,2,3,5,3,4,4,4,4,3,3,2,2,4,4,5,5,2,2,3,3,3,2,4,3,4,3
238,1,25,1, , ,5,3,1,5,10,11,1,1,21,1,1,1,1,1,4,3,1,1,7,3,7,2,1,2,1,6,3,3,2,3,4,3,3,2,3,2,3,3,4,1,4,6
239,1,60,1, , ,4,7,1,5,11,1,3,1,19,1,3,1,12,1,5,4,6,7,7,6,6,2,2,4,2,2,1,1,1,7,7,7,3,4,3,4,7,1,7,1,1,1
240,1,39,1, , ,3,7,1,5,9,1,1,1,21,1,1,1,0,1,4,1,1,1,5,1,6,6,7,7,7,1,1,1,1,7,7,7,7,7,2,6,6,1,7,1,1,1
242,1,29,1, , ,5,8,1,5,8,1,1,1,17,1,2,2,5,1,3,4,5,6,5,5,7,5,4,5,6,5,2,3,4,7,7,6,2,3,7,4,4,5,5,1,3,2
243,1,45,1, , ,5,7,1,5,11,1,50,1,14,1,30,1,10,1,3,4,3,4,3,3,4,3,4,4,4,3,1,1,4,6,6,6,2,2,4,4,4,1,6,1,2,2
244,1,30,1, , ,2,6, , , , ,1,1,21,1,1,1,8,1,4,5,6,6,7,7,7,6,6,6,7,6,7,6,6,6,6,5,2,2,7,7,7,7,7,1,1,1
245,1,31,1, , ,4,6,1,5,11,1,1,1,16,1,1,1,1,1,1,2,6,6,6,2,3,6,6,6,6,5,6,6,3,6,3,6,5,6,6,2,4,2,4,6,4,2
246,1,37,1, , ,2,6,1,5,8,1,3,1,15,1,5,1,2,1,3,5,6,6,5,6,2,7,7,7,7,5,1,2,3,7,7,7,1,1,7,4,7,7,1,1,7,1
247,1,45,1, , ,2,6,1,5,11,1,5,1,17,1,2,1,6,1,4,3,3,3,4,3,4,3,6,6,3,7,1,1,1,7,7,7,1,1,3,4,4,4,7,1,1,1
248,1,33,1, , ,4,7,1,5,11,1,10,1,18,1,12,1,4,1,5,2,2,2,5,3,1,2,2,3,1,1,1,1,1,5,4,5,1,1,2,3,5,1,3,1,5,1
250,1,47,1, , ,4,5,1,5,10,5,10,1,16,1,20,2,25,1,4,3,3,3,3,3,3,1,3,3,7,1,7,7,7,7,7,7,7,7,7,7,7,7,7,1,1,1
251,1,50,1, , ,4,6,1,5,10,1,6,1,19,1,5,1,10,1,4,2,3,3,7,4,7,3,4,4,4,4,2,1,2,7,6,6,3,5,4,4,5,3,6,1,2,2
252,1,47,1, , ,2,6,1,5,10,1,4,1,13,1,80,1,3,1,4,3,2,2,2,2,2,6,6,4,6,6,7,7,7,7,7,7,2,3,3,4,6,2,6,2,2,2
253,1,36,2, , ,5,1,1,5,11,4,1,2, ,1,1,1,1,1,3,6,6,6,6,6,6,6,6,4,3,6,2,2,2,4,2,4,2,3,2,2,2,2,2,3,6,3
254,1,57,1, , ,3,7,1,5,6,1,7,1,17,1,6,1,0,1,4,1,1,1,1,1,7,6,4,4,6,5,1,1,4,7,7,7,2,6,6,4,7,4,7,1,1,4
255,1,29,1, , ,3,6,1,5,10,1,3,1,17,1,2,1,3,1,4,2,2,3,5,3,2,3,3,3,3,3,1, ,2,5,6,6,2,3,3,3,3,1,5,1,3,2
256,1,25,1, , ,4,4,1,4,4,10,2,1,16,1,15,1,1,1,4,3,3,3,3,3,3,2,2,4,1,1,1,1,3,6,6,6,1,1,5,3,2,2,4,3,4,3
258,1,32,1, , ,5,6,1,5,11,1,5,1,19,1,5,1,6,1,5,3,4,7,7,5,7,7,6,7,7,6,1,1,2,6,7,7,3,3,6,4,7,3,7,1,1,1
259,1,36,6, , ,4,7,1,5,9,1,3,1,14,1,2,1,20,1,4,5,6,5,3,5,1,1,1,1,3,7,7,7,6,1,1,1,5,4,4,5,1,6,1,7,7,7
260,1,41,1, , ,3,3,1,5,4,8,7,1,26,1,2,1,0,1,4,3,4,5,1,5,1,7,7,6,2,7,7,7,5,1,1,1,4,4,2,4,1,4,1,7,7,7
261,1,33,1, , ,4,6,1,5,10,1,3,1,18,1,6,1,15,1,3,5,4,5,6,2,4,4,3,5,4,3,1,1,1,6,6,4,2,3,2,2,4,5,6,3,2,4
262,1,26,1, , ,3,7,1,5,10,1,6,1,17,1,6,1,2,1,4,2,2,2,5,3,5,5,5,3,3,2,2,2,2,7,6,7,3,5,3,3,3,3,6,1,2,2
264,1,34,3, , ,4,1,1,5,10,10,5,1,15,1,3,1,1,1,4,3,3,5,2,2,6,3,6,6,2,6,2,3,3,3,2,3,3,2,2,2,3,3,3,5,5,5
265,1,33,1, , ,2,4,1,5,7,2,1,1,25,1,1,1,5,1,3,5,1,1,1,1,4,1,3,5,4,5,3,3,3,5,5,5,3,1,1,1,1,1,5,3,3,3
266,1,56,1, , ,4,7,1,5,11,1,4,1,17,1,3,1,8,1,5,2,2,2,3,2,4,3,2,2,2,2,4,2,2,4,5,6,3,3,2,2,3,2,6,2,2,2
267,1,34,3, , ,5,6,1,5,11,1,4,1,23,1,1,1,4,1,4,5,6,6,7,7,7,3,4,4,5,4,2,1,1,7,5,7,7,6,7,7,7,2,7,2,1,1
268,1,55,1, , ,4,4,1,5,9,1,11,1,17,1,11,1,3,1,3,3,4,5,6,4,7,3,3,5,5,3,1,1,3,7,7,7,2,5,6,2,7,2,7,1,1,4
269,1,24,6,7,8,4,4,1,5,9,1,5,1,16,1,20,1,4,1,3,2,2,2,7,2,7,6,6,7,7,7,4,4,4,7,7,7,5,1,2,2,4,4,4, ,4,4
270,1,30,3, , ,5,6,1,4,6,5,3,1,19,1,3,1,8,1,3,5,6,5,4,5,6,5,6,6,5,5,6,6,6,4,5,6,5,5,4,4,5,5,6,3,2,6
271,1,32,1, , ,4,1,1,5,10,1,11,1,18,1,11,1,8,1,4,3,4,3,5,3,4,6,6,6,6,6,7,4,7,7,7,7,1,1,3,4,7,5,4,2,4,3
273,1,42,2, , ,4,1,1,5,11,1,1,1,23,1,1,1,2,1,5,1,2,1,2,1,7,5,1,1,1,2,1,1,1,1,2,1,2,2,1,2,6,2,6,2,2,2
274,1,43,1, , ,5,6,1,5,7,1,5,1,16,1,5,1,15,1,3,1,1,1,4,1,1,4,4,4,1,4,1,4,7,7,7,7,1,1,1,1,4,1,7,1,1,1
276,1,35,1, , ,2,6,1,5,11,1,3,1,16,1,11,1,15,1,5,1,1,2,7,1,7,1,3,5,3,5,1,1,1,5,6,6,2,6,5,3,7,7,7,1,1,1
277,1,24,1, , ,2,8,1,4,11,1,2,1,17,1,2,1,1,1,4,4,3,6,5,4,3,4,5,5,5,4,4,5,6,5,4,3,4,5,4,3,3,4,4,3,4,5
278,1,45,1, , ,3,6,1,5,7,2,20,1,15,1,11,1,6,1,3,2,4,3,3,3,5,5,5,5,4,3,1,1,1,7,7,7,3,3,4,2,5,2,4,1,4,3
280,1,30,1, , ,4,7,1,5,8,3,4,1,18,1,10,1,2,1,3,3,3,3,3,3,5,3,3,3,2,5,2,2,2,3,2,2,3,3,3,2,3,2,2,6,6,6
281,1,32,1, , ,4,3,1,5,4,3,10,1,19,1,8,1,0,1,4,3,4,4,2,2,3,5,5,5,5,5,2,3,4,6,7,7,4,4,3,4,5,3,5,2,3,4
282,1,34,8, , ,4,6,1,5,9,1,3,1,14,1,4,1,0,1,3,3,2,5,7,5,5,2,1,4,6,1,7,4,6,7,7,7,3,3,6,4,7,6,7,1,1,1
283,1,35,6, , ,4,2,1,5,11,1,0,1,20,1,3,1,30,1,3,7,7,7,6,7,2,5,3,6,2,2,2,1,1,6,6,6,1,1,1,1,1,1,7,1,1,1
284,1,40,1, , ,2,6,1,5,10,11,10,1,16,1,8,1,3,1,1,3,3,4,4,3,5,2,2,4,3,5,2,2,3,5,5,6,3,3,3,4,3,2,5,6,3,3
285,1,25,8, , ,4,2,1,4,9,1,3,1,20,1,3,1,20,1,3,4,4,3,3,4,4,6,6,6,3,5,7,2,7,7,7,7,4,4,4,3,4,5,7,1,1,1
286,1,38,3, , ,4,1,1,5,9,1,2,1,26,1,1,1,5,1,3,2,2,3,6,3,6,4,5,4,5,4,2,2,2,3,4,4,3,3,3,3,4,3,5,2,3,2
287,1,35,3, , ,4,8,1,5,10,1,2,1,24,1,2,1,0,1,2,2,3,4,6,3,7,4,5,4,3,3,1,1,2,5,7,6,2,4,4,6,6,1,4,1,4,2
289,1,44,3, , ,5,3,1,5,5,3,2,1,29,1,1,1,1,1,3,2,3,2,1,2,3,3,2,1,4,5,2,1,2,3,2,3,3,2,1,3,4,3,3,6,5,6
290,1,39,6, , ,4,3,1,5,2,1,2,1,20,1,4,0,0,1,4,4,3,5,6,4,6,6,7,7,7,6,4,1,2,7,7,7,4,5,7,4,7,4,7,1,1,1
291,1,47,1, , ,4,8,1,5,6,1,7,1,17,1,7,1,4,1,3,3,3,3,3,3,7,7,7,7,7,7,1,3,1,7,7,7,2,2,3,2,7,5,7,1,1,5
292,1,38,1, , ,3,2,1,5,11,1,11,1,15,1,11,1,20,1,4,7,5,4,4,4,1,7,7,7,4,7,7,7,6,4,4,1,4,4,5,5,5,4,1,4,7,6
293,1,36,1, , ,3,3,2, , , ,7,1,12,1,7,0,0,1,3,3,2,2,2,2,2,3,4,4,5,3,4,3,6,6,6,6,3,3,3,2,3,2,5,1,3,3
295,1,44,1, , ,4,3,1,5,10,1,6,1,16,1,6,1,15,1,3,4,3,3,4,3,3,4,5,6,4,2,6,4,6,7,7,7,3,3,4,3,6,4,6,2,2,2
296,1,34,8, , ,3,6,1,5,10,1,2,1,18,1,4,1,5,1,4,3,3,3,3,3,5,3,6,5,5,5,1,1,1,7,7,7,3,2,3,5,7,4,6,1,2,6
297,1,38,1, , ,4,5,1,4,10,1,5,1,18,1,5,1,12,1,4,2,2,2,2,2,5,3,4,4,4,2,2,2,1, ,6,6,2,1,2,3,3,2,5,2,3,1
298,1,44,1, , ,3,7,1,5,6,1,15,1,16,1,12,1,12,1,3,3,6,5,6,6,6,6,6,6,6,6,2,2,2,6,6,6,2,2,6,3,5,3,6,2,2,6
299,1,44,1, , ,3,1,2, , , ,6,1,17,1,10,0,0,1,1,5,6,6,6,6,6,6,6,7,6,2,7,4,6,7,7,7,2,3,6,4,6,3,6,2,2,2
300,1,28,6, , ,4,8,1,5,9,1,2,1,21,1,2,1,12,1,5,6,6,5,3,5,1,3,3,3,2,3,7,7,6,3,3,3,5,6,5,4,5,6,4,3,4,3
301,1,56,6, , ,4,3,2, , , ,4,1,21,1,6,0,0,1,4,4,2,3,4,2,4,1,2,4,4,3,7,2,6,7,7,7,4,4,2,4,4,7,4,5,4,4
302,1,66,1, , ,4,3,2, , , ,20,1,15,1,100,0,0,1,2,4,6,6,6,6,6,6,6,6,6,6,4,4,6,6,6,6,4,4,6,4,6,6,6,2,2,2
303,1,62,1, , ,3,3,2, , , ,4,1,17,1,12,0,0,1,2,3,3,3,5,3,7,5,6,7,7,7,4,4,4,7,7,7,1,1,4,3,6,3,2,1,6,1
304,1,33,1, , ,3,4,1,5,2,10,8,1,17,1,11,1,0,1,5,4,4,4,4,4,4,4,4,4,4,4,4,4,4,4,4,4,4,4,4,4,4,4,4,4,4,4
305,1,31,3, , ,5,1,1,2,5,7,2,1,27,1,1,1,1,1,3,3,2,3,7,4,7,4,3,5,5,4,2,2,6,5,2,3,3,4,3,4,3,4,5,6,3,4
307,0,30,1, , ,2,2,2, , , ,1,1,28,2,1,0,0,1,3,3,3,5,7,6,7,7,7,7,7,7,7,7,7,7,7,7,2,2,4,7,7,7,3,2,5,7
308,0,30,3, , ,5,6,1,5,11,1,1,2, ,2,1,1,12,1,4,5,3,5,5,5,6,2,1,1,2,3,2,2,1,2,5,2,3,5,3,3,3,5,6,1,2,3
309,0,35,1, , ,4,8,1,5,11,1,4,1,18,2,2,1,15,1,4,5,7,4,4,5,2,5,4,6,4,6,7,6,5,7,5,4,4,5,5,2,5,6,4,3,4,6
312,0,34,1, , ,2,1,2, , , ,2,1,18,2,2,0,0,1,3,4,4,4,6,5,7,7,4,6,7,6,1,2,2,4,5,4,3,4,7,4,7,7,6,1,2,1
316,0,39,1, , ,4,7,1,5,8,2,5,1,23,2,2,1,10,1,3,3,5,4,6,3,7,3,3,3,2,2,1,2,3,6,6,6,2,1,5,6,6,6,2,2,6,3
318,0,25,8, , ,2,7,1,5,11,1,6,1,16,2,6,1,8,1,5,3,3,3,4,5,5,5,6,6,6,3,2,2,6,6,6,6,6,6,7, ,6,2,6,3,2,2
321,0,30,3, , ,5,2,1,2,9,8,2,1,24,2,2,2,2,1,4,3,2,3,2,2,2,2,1,2,2,6,2,3,2,2,1,2,2,1,1,1,2,2,2,3,6,2
322,0,32,6, , ,4,3,1,4,9,1,12,1,21,2,4,1,18,1,4,1,1,1,1,1,1,1,1,1,1,1,7,4,1,1,1,1,7,7,1,4,1,1,1,7,7,7
323,0,33,1, , ,5,4,2, , , ,7,1,26,2,5,1,0,1,3,5,3,6,7,5,6,6,5,5,4,2,2,1,2,7,6,6,2,3,5,2,6,6,3,4,5,2
324,0,32,1, , ,3,5,1,5,7,1,5,1,21,2,4,1,4,1,2,3,4,5,6,4,6,6,4,5,5,6,2,1,1,6,6,7,1,1,6,4,5,3,2,1,6,1
326,0,45,3, , ,5,5,1,5,10,1,2,1,25,2,1,1,10,1,4,2,2,2,6,2,6,2,2,4,2,2,2,2,2,6,6,2,2,2,3,3,3,3,3,1,5,2
328,0,31,3, , ,4,1,1,5,9,6,1,2, ,2,1,1,0,1,4,3,2,5,3,4,3,3,3,2,2,4,3,3,2,3,4,3,2,3,2,3,3,4,2,5,6,5
329,0,43,1, , ,4,7,1,5,10,1,15,1,18,2,14,1,1,1,4,2,2,3,3,2,5,4,4,3,5,2,1,1,2,5,5,5,2,2,3,4,4,3,5,2,3,1
331,0,39,2, , ,2,2,2, , , ,8,1,19,2,8,1,0,1,4,5,5,5,5,5,4,4,4,3,5,6,7,7,7,1,1,1,6,6,4,5,5,6,3,7,5,7
334,0,50,1, , ,4,8,1,5,10,1,12,1,15,2,10,1,2,1,5,4,3,5,5,3,3,4,4,5,2,5,4,5,4,4,3,3,4,5,5,5,3,3,3,4,5,5
335,0,30,1, , ,4,3,1,5,11,1,5,1,23,2,1,1,8,1,4,3,3,3,6,3,7,5,4,4,4,4,2,1,2,4,5,6,3,3,4,3,4,4,5,4,3,3
336,0,34,2, , ,4,3,1,5,10,1,1,1,27,2,1,1,5,1,4,5,4,5,6,4,5,6,4,4,5,4,3,5,6,4,2,6,4,5,2,5,4,5,6,3,2,3
337,0,37,2, , ,3,1,1,5,7,1,3,1,21,2,3,1,10,1,4,5,7,7,6,3,6,4,6,5,5,1,7, ,7,7,5,7,7,3,5,4,5, ,6,2,2,4
338,0,26,3, , ,4,1,1,1,11,9,10,2, ,2,1,1,1,1,4,2,4,2,4,2,3,1,1,2,2,7,2,1,4,2,3,1,2,4,2,6,4,4,3,3,5,2
339,0,47,1, , ,2,3,2, , , ,2,1,28,2,3,0,0,1,3,6,6,4,7,7,7,3,3,4,4,2,3,4,4,5,5,4,1,1,6,4,7,7,1,5,7,6
340,0,66,1, , ,4,6,1,5,11,1,3,1,20,2,1,1,4,1,4,2,3,4,6,4,7,5,6,6,6,4,1,1,4,6,6,7,4,4,4,4,7,4,7,1,1,1
341,0,25,3, , ,4,2,1,5,7,7,1,1,21,2,1,1,1,1,4,2,3,4,3,4,3,2,3,4,2,5,3,4,3,2,4,3,2,4,3,4,3,2,4,5,4,5
342,0,29,1, , ,5,5,1,4,10,1,7,1,16,2,7,1,22,1,5,2,2,2,2,2,2,1,1,1,1,3,1,1,2,1,1,2,1,1,1,1,2,1,2,1,6,5
343,0,62,1, , ,5,8,1,5,11,1,10,1,18,2,4,1,4,1,3,3,6,6,6,6,6,3,5,6,6,2,2,2,2,6,6,6,3,3,6,3,6,6,6,2,2,2
345,0,27,3, , ,4,2,1,4,9,9,2,1,22,2,2,1,1,1,4,4,2,3,4,6,4,5,3,4,5,4,2,4,4,2,4,6,4,5,4,3,4,5,3,4,5,4
346,0,53,1, , ,4,7,1,5,7,2,10,1,17,2,4,1,1,1,4,3,3,2,1,2,1,1,1,1,1,6,1,1,4,1,2,5,5,5,4,4,4,5,6,5,2,6
347,0,32,1, , , ,5,1,3,8,3,5,1,20,2,5,1,1,1,3,5,4,4,2,4,2,4,4,3,4,4,3,5,3,3,5,4,4,5,3,4,4,4,3,5,5,3
349,0,32,3, , ,4,1,1,4,8,8,1,1,31,2,1,1,2,1,4,3,4,4,3,3,2,3,2,2,3,5,2,2,2,2,3,3,2,2,2,2,3,3,2,5,6,6
350,0,26,3, , ,5,3,1,5,10,2,1,1,25,2,1,1,1,1,4,2,2,2,4,1,2,2,3,4,4,4,3,2,3,4,5,5,3,2,2,2,2,3,2,5,6,4
353,0,34,2, , ,3,6,1,5,9,2,6,1,16,2,6,1,15,1,4,2,3,4,3,3,4,3,4,5,3,3,2,2,5,6,5,6,4,4,3,3,3,2,4,2,4,3
354,0,26,1, , ,4,8,2, , , ,10,1,13,2,30,10,5,1,4,1,1,1,1,1,1,1,1,1,1,1,7,7,7,1,1,5,1,1,1,1,1,1,7,1,1,1
357,0,27,1, , ,4,6,1,5,10,1,7,1,18,2,7,1,11,1,4,5,5,3,5,5,6,6,6,5,6,6,1,2,2,6,6,6,2,2,2,2,5,6,5,2,3,3
358,0,43,1, , ,5,7,1,5,11,1,1,1,22,2,4,1,30,1,3,2,3,4,4,4,4,4,5,6,4,5,1,1,1,6,6,6,1,2,4,4,2,5,2,4,6,4
359,0,42,3, , ,4,1,1,5,11,2,2,1,28,2,1,1,3,1,2,3,6,4,5,3,3,6,4,3,2,4,3,5,3,4,2,3,5,3,3,4,5,4,3,6,5,3
360,0,44,3, , ,4,1,1,5,10,1,0,2, ,2,1,1,0,1,4,3,4,3,2,3,4,5,4,4,4,5,4,5,3,3,4,5,4,4,5,4,3,3,6,3,2,3
361,0,39,3, , ,5,2,1,4,10,1,3,1,15,2,5,1,17,1,3,3,3,3,3,2,4,3,3,3,3,5,2,3,3,3,3,2,2,3,2,2,4,2,4,4,4,4
362,0,71,3, , ,4,2,1,5,11,1,3,2, ,2,1,1,4,1,3,2,2,2,2,2,5,2,1,1,2,6,1,1,1,1,2,2,1,1,1,1,2,2,2,6,6,6
363,0,24,6, , ,4,4,1,3,8,5,2,1,23,2,10,5,1,1,5,6,4,2,5,3,2,5,3,7,5,6,4,3,5,3,5,2,5,5,2,5,2,4,5,6,3,2
364,0,29,1, , , ,7,1,5,8,4,5,1,17,2,9,1,3,1,4,5,6,5,3,2,2,4,3,3,2,4,3,3,5,6,4,3,3,4,3,3,2,4,3,2,5,6
365,0,32,3, , ,4,1,1,5,11,1,3,1,25,2,1,1,20,1,4,2,2,3,4,3,5,3,3,2,3,3,2,1,2,2,3,3,2,2,4,3,3,4,4,2,4,4
366,0,34,3, , ,4,4,1,5,9,1,3,1,22,2,8,1,2,1,4,3,3,4,5,2,5,4,6,5,5,4,2,1,4,3,4,3,2,1,3,2,4,4,2,4,6,5
368,0,32,3, , ,4,3,1,5,11,1,1,1,26,2,1,1,35,1,3,3,2,2,2,2,2,2,2,2,1,2,6,2,2,2,2,2,1,2,2,2,6,3,3,6,5,6
371,0,30,3, , ,4,1,3, , , ,1,2, ,2,0,0,0,1,4,3,3,5,7,7,7,7,5,4,4,3,4,3,7,5,4,5,5,7,7,7,7,5,7,3,1,1
373,0,45,1, , ,2,3,1,5,10,1,8,1,17,2,7,1,7,1,4,2,3,3,3,3,4,1,1,3,3,4,1,1,1,4,6,6,2,1,4,2,7,4,7,1,1,1
374,0,29,1, , ,4,6,2, , , ,10,1,17,2,11,0,0,1,5,2,2,2,2,2,3,3,3,4,3,2,4,2,2,7,7,7,3,3,2,1,2,2,6,1,2,1
375,0,49,3, , ,5,1,1,5,11,1,1,1,25,2,2,1,10,1,4,4,4,4,5,5,6,3,2,4,2,2,4,1,2,4,4,4,2,3,3,4,4,4,5,3,3,5
378,0,29,1, , ,4,3,1,5,10,1,6,1,18,2,4,1,8,1,3,6,6,6,3,6,2,4,4,3,4,6,7,7,6,1,1,1,5,5,4,6,1,7,1,7,7,7
380,0,31,1, , ,4,7,1,5,11,1,2,1,17,2,1,1,18,1,5,2,2,2,6,2,2,3,4,2,2,1,1,1,3,6,7,5,1,1,3,4,5,3,5,2,3,2
381,0,31,1, , ,4,4,1,4,11,1,12,1,14,2,10,1,5,1,4,3,3,3,3,3,5,5,5,5,5,2,7,3,6,7,7,7,2,2,3,5,2,2,3,2,5,2
382,0,43,2, , ,5,8,1,5,9,1,12,1,19,2,10,1,2,1,4,5,4,6,5,6,4,5,6,6,6,4,6,6,4,2,4,4,5,6,6,5,4,3,5,2,3,3
385,0,27,3, , ,4,4,1,5,10,1,2,1,20,2,2,1,1,1,5,2,2,2,2,2,2,2,2,2,2,6,2,2,2,6,7,7,1,2,2,2,2,2,5,1,3,2
387,0,57,1, , ,5,8,1,5,9,2,22,1,17,2,17,1,6,1,4,3,4,4,5,4,5,4,4,4,4,5,4,4,4,5,6,6,2,2,4,3,3,2,4,3,4,3
388,0,21,8, , ,2,5,1,4,11,1,1,1,21,2,1,1,4,1,3,3,4,7,7,4,7,3,1,4,4,6,1,2,2,7,7,7,1,1,4,4,7,7,7,1,1,4
389,0,29,1, , ,2,8,1,5,11,1,4,1,24,2,3,1,5,1,3,4,4,4,4,4,4,5,5,5,5,5,7,4,7,7,7,7,4,4,4,5,7,3,7,1,1,4
390,0,38,1, , ,2,3,2, , , ,5,1,16,2,5,1,10,1,3,6,4,6,7,5,7,5,6,7,6,6,3,4,2,7,7,7,2,1,7,5,7,7,1,1,7,1
391,0,32,6, , ,4,1,2, , , ,0,2, ,2,0,0,0,1,4,4,4,6,4,4,4,6,6,6,6,6,2,1,3,7,7,7,4,1,4,4,4,4,3,1,5,5
392,0,30,1, , ,5,6,1,5,9,2,5,1,17,2,5,1,15,1,3,3,2,6,5,2,6,5,5,5,4,5,1,2,2,4,3,4,3,2,5,4,3,4,5,2,3,4
393,0,40,1, , ,5,4,1,5,8,1,8,1,21,2,5,1,10,1,4,2,2,2,6,3,5,5,4,4,2,2,1,1,2,3,5,5,2,2,3,2,4,3,5,3,3,4
394,0,62,1, , ,4,6,1,5,11,1,12,1,14,2,7,1,2,1,3,2,3,3,6,3,6,2,2,2,3,2,4,1,2,6,4, ,3,4, ,4,4,3,6,1,2,1
395,0,33,3, , ,5,4,1,5,10,1,3,1,8,2,3,2,1,1,5,1,2,2,4,3,4,3,2,2,2,3,2,1,1,2,3,2,2,2,2,2,4,3,3,2,5,2
396,0,42,1,2, ,3,8,1,5,9,2,5,1,15,2,20,1,12,1,4,3,3,4,4,3,4,4,4,4,3,5,2,2,2,6,6,6,2,2,4,3,4,3,6,2,2,2
397,0,25,3, , ,5,8,1,5,7,1,2,1,19,2,1,1,3,1,3,2,2,3,5,3,4,4,6,6,4,6,3,2,2,4,2,3,2,2,4,3,4,3,3,5,5,5
398,0,36,3, , ,4,4,1,5,11,1,2,1,24,2,1,1,4,1,4,4,5,2,1,4,1,2,3,1,1,2,7,7,7,1,1,1,5,5,3,4,2,2,6,7,2,7
399,0,35,1, , ,4,6,2, , , ,12,1,17,2,18,2,0,1,3,3,3,3,3,3,6,2,3,3,3,2,1,1,3,6,6,6,3,3,3,2,6,3,3,2,5,3
400,0,33,6, , ,4,6,1,5,11,1,26,1,17,2,26,1,20,1,5,1,1,1,1,1,1,1,1,1,3,3,1,1,1,1,1,1,1,1,1,1,1,1,7,1,1,1
