ParticipantID,SEX,ParticipantAge,PartnerNumber,AgeSex,ParticipantLifetimeSexPartners,PastYearSexPartners,PastMonthSex,MMS1,MMS2,MMS3,MMS4,MMS5,MMS6,MMS7,MMS8,MMS9,MMS10,MMS11,MMS12,MMS13,MMS14,ZSDQ1,ZSDQ2,ZSDQ3,ZSDQ4,MiniK1,MiniK2,MiniK3,MiniK4,MiniK5,MiniK6,MiniK7,MiniK8,MiniK9,MiniK10,MiniK11,MiniK12,MiniK13,MiniK14,MiniK15,MiniK16,MiniK17,MiniK18,MiniK19,MiniK20,NumberChildrenExpect,YearsLeftLive
186,1,60,20,18,15,0,0,6,4,4,2,2,5,1,4,4,1,6,1,6,2,-2.22400635515272,-1.30329764467567,-.612600690624048,-1.80354082028217,5,6,6,6,7,7,4,4,3,4,7,5,3,3,5,5,5, ,1,4,6,5
138,1,27,10,17,10,1,10,2,3,1,5,1,7,1,1,1,7,7,1,7,5,-.507406671266396,.500040728977605,-1.39039707310177,-1.04084942862055,6,6,6,7,6,7,7,5,7,7,1,5,7,7,7,5,4,4,3,1,5,40
153,1,36,3,22,1,1,5,1,4,4,5,1,5,1,1,1,5,4,1,4,4,-.507406671266396,-.401628457849034,-1.39039707310177,-1.04084942862055,3,5,5,5,5,6,5,6,7,7,7,7,6,5,5,5,5,4,4,6,5,50
196,1,49,6,15,12,2,1,3,2,3,2,3,5,3,2,3,3,5,4,7,5,-.507406671266396,-1.30329764467567,-.612600690624048,.484533354702674,6,7,7,7,7,6,1,6,6,4,7,7,3,5,6,5,5,5,5,5,5,35
370,0,56,20,18,30,1,10,5,3,3,2,5,5,2,2,3,2,6,2,6,2,.350893170676764,.500040728977605,.942992074331398,-1.80354082028217,6,6,6,6,6,6,6,5,6,5,6,5,5,5,5,4,4,4,3,3,3,20
75,0,30,20,16,20,1,15,1,7,7,1,1,5,1,1,1,1,6,1,7,1,1.20919301261993,1.40170991580424,-1.39039707310177,.484533354702674,7,7,6,7,6,3,5,3,7,7,7,6,6,4,4,2,3,2,1,1,4, 
96,0,76,4,14,20,0,0,2,3,3,2,2,6,2,3,3,2,4,2,4,1,-3.08230619709588,-2.20496683150231,-1.39039707310177,-2.56623221194378,3,3,3,5,5,5,5,5,5,4,5,5,5,5,5,3,3,3,3,3,4,20
128,1,25,5,14,5,1,0,4,3,2,6,5,5,4,6,3,5,7,1,7,7,1.20919301261993,1.40170991580424,.165195691853675,.484533354702674,6,6,4,4,6,5,6,6,7,7,7,7,7,7,6, ,6,7,7,1,4,50
147,1,42,8,14,20,4,4,3,1,3,5,1,7,1,2,2,4,6,2,6,2,.350893170676764,-1.30329764467567,-.612600690624048,-.27815803695894,5,6,6,5,5,4,4,5,6,6,5,3,6,6,6,7,6,6,5,4,4,30
210,1,38,6,17,6,1,13,1,7,1,3,1,7,1,1,1,1,6,1,6,2,.350893170676764,-1.30329764467567,-1.39039707310177,.484533354702674,3,6,5,6,7,7,1,3,5,7,7,7,2,1,1,5,6,6,6,1,4,40
232,1,27,2,17,2,1,5,1,4,3,1,1,4,1,1,1,1,4,1,4,1,.350893170676764,-.401628457849034,.165195691853675,-1.04084942862055,5,5,5,5,6,2,6,6,6,6,7,7,7,6,6,2,2,2,2,2,4,40
296,1,34,2,18,4,1,5,1,4,1,4,1,7,1,6,1,4,6,1,7,4,.350893170676764,.500040728977605,-1.39039707310177,-1.80354082028217,7,6,7,7,7,7,5,1,7,7,7,6,7,7,7,7,7,7,5,7,4,65
332,0,34,5,18,11,2,2,3,3,3,5,3,6,3,3,3,4,5,3,4,3,1.20919301261993,1.40170991580424,.942992074331398,-.27815803695894,6,6,6,7,7,5,6,6,6,6,4,5,6,6,6,7,6,6,5,2,3,45
54,0,51,7,16,7,1,0,5,1,1,7,1,5,1,7,1,7,7,1,7,7,.350893170676764,.500040728977605,.942992074331398,-.27815803695894,6,7,7,7,7,5,5,5,6,7,7,1,7,6,6,1,5,5,2,1,3,40
59,0,54,12,15,45,2,0,5,5,2,1,5,6,5,6,5,1,5,4,5,3,.350893170676764,-.401628457849034,.165195691853675,-1.04084942862055,5,6,3,6,7,3,3,5,2,4,5,2,7,7,7,3,2,2,1,1,3,30
65,0,48,3,20,3,1,0,1,7,6,7,1,7,1,5,3,7,4,1,4,5,1.20919301261993,1.40170991580424,.942992074331398,1.24722474636429,5,7,5,7,7,6,6,2,4,6,7,7,1,1,1,1,1,1,1,1,3,30
74,0,69,5,18,3,1,2,1,3,3,1,1,5,1,5,1,1,7,2,7,5,-.507406671266396,-.401628457849034,.165195691853675,-1.04084942862055,6,6,7,7,7,5,5,3,6,7,7,6,3,3,5,6,6,6,2,1,3,30
126,1,44,3,20,2,1,8,2,3,5,2,2,7,2,2,1,2,6,1,6,2,.350893170676764,.500040728977605,-1.39039707310177,.484533354702674,5,6,5,6,6,5,7,5,7,5,1,7,6,5,5,6,7,7,7,6,3,36
133,1,33,8,16,7,1,3,3,2,4,5,2,5,3,3,2,5,4,2,4,5,.350893170676764,-1.30329764467567,-1.39039707310177,-.27815803695894,4,5,5,6,6,4,3,4,6,6,7,5,6,5,6,6,6,6,6,6,3, 
159,1,35,7,18,7,1,2,2,2,2,4,2,6,2,2,2,4,4,2,4,4,1.20919301261993,.500040728977605,.942992074331398,2.0099161380259,6,6,5,7,4,7,2,4,2,2,3,2,4,3,6,2,2,6,2,2,3,50
170,1,53,3,23,2,1,0,1,3,3,1,1,5,1,3,4,1,6,1,6,3,-2.22400635515272,-1.30329764467567,-1.39039707310177,-1.80354082028217,6,6,3,5,7,5,7,7,7,7,7,6,6,6,6,5,5,5,4,3,3,35
173,1,59,5,16,4,1,1,2,3,2,7,3,6,3,3,3,7,5,5,5,5,-.507406671266396,-1.30329764467567,-.612600690624048,-1.04084942862055,5,3,5,5,5,5,7,7,7,6,7,6,7,7,7,6,6,6,5,5,3,25
184,1,30,7,17,25,1,3,1,3,2,5,1,4,1,2,2,6,2,2,4,2,-.507406671266396,-1.30329764467567,-.612600690624048,-1.04084942862055,5,6,2,6,6,6,7,2,7,6,7,7,7,6,6,5,4,4,2,6,3,45
193,1,46,10,18,5,1,15,5,4,3,6,1,6,1,2,6,6,7,3,7,4,.350893170676764,.500040728977605,-1.39039707310177,.484533354702674,6,6,7,6,3,2,7,2,7,7,1,7,7,7,7,5,4,4,5,6,3,50
227,1,47,6,17,20,1,5,3,2,3,1,4,6,5,5,4,1,7,4,7,5,.350893170676764,.500040728977605,.165195691853675,.484533354702674,5,5,3,4,7,6,1,1,7,6,6,5,2,1,1,7,7,7,7,2,3,40
228,1,33,5,19,5,1,11,2,5,6,1,5,7,4,1,3,2,3,6,4,5,.350893170676764,.500040728977605,.942992074331398,-.27815803695894,6,7,6,7,7,5,6,7,5,6,7,7,6,6,6,5,6,5,6,6,3,50
229,1,30,10,17,25,2,10,1,3,3,7,1,4,1,3,2,6,5,1,3,3,.350893170676764,-.401628457849034,.165195691853675,-1.04084942862055,6,6,5,5,6,5,6,1,7,6,7,4,6,6,6,5,5,5,3,3,3,50
240,1,39,1,21,1,1,0,1,7,1,1,1,1,1,1,1,1,7,1,1,1,-2.22400635515272,-1.30329764467567,-.612600690624048,-1.80354082028217,7,7,7,7,7,7,7,1,7,7,7,7,7,7,7,7,7,7,7,7,3,40
276,1,35,3,16,11,1,15,1,7,7,1,1,1,1,5,1,1,1,1,1,1,.350893170676764,-.401628457849034,-.612600690624048,-.27815803695894,7,7,7,7,7,7,7,7,7,7,7,7,7,7,7,7,7,7,7,7,3,50
290,1,39,2,20,4,0,0,5,2,1,2,4,4,4,1,4,4,5,6,5,1,-2.22400635515272,-1.30329764467567,-.612600690624048,-1.80354082028217,4,5,3,4,5,6,7,7,7,2,7,7,6,6,6,6,6,6,1,1,3,50
291,1,47,7,17,7,1,4,1,2,1,1,1,7,1,5,1,1,7,1,4,1,-.507406671266396,-.401628457849034,-.612600690624048,-1.80354082028217,5,6,7,6,7,7,1,2,2,3,7,7,1,1,1,5,5,5,1,3,3,0
297,1,38,5,18,5,1,12,1,7,3,6,3,3,1,1,1,6,5,1,5,2,.350893170676764,1.40170991580424,-1.39039707310177,1.24722474636429,3,6,6,6,7,6,7,7,7,7,1,6,6,7,6,6,6,6,6,7,5,60
298,1,44,15,16,12,1,12,5,3,2,2,2,4,2,3,2,2,6,2,6,2,-.507406671266396,-1.30329764467567,-.612600690624048,-1.04084942862055,1,5,1,1,1,6,3,7,5,2,7,7,6,5,7,5,5,6,2,2,3,16
312,0,34,2,18,2,0,0,1,2,2,7,1,6,1,2,1,7,7,1,7,5,-.507406671266396,-.401628457849034,.165195691853675,-.27815803695894,7,7,7,7,5,4,6,4,7,7,7,5,4,5,5,5,4,4,3,3,3,40
357,0,27,7,18,7,1,11,2,6,6,5,5,6,2,5,2,6,6,2,5,6,.350893170676764,.500040728977605,.165195691853675,-.27815803695894,6,6,6,6,3,6,6,6,6,6,7,5,5,5,5,5,5,5,5,5,7,80
380,0,31,2,17,1,1,18,1,4,2,7,1,6,1,1,1,6,7,1,6,5,1.20919301261993,.500040728977605,.942992074331398,1.24722474636429,7,7,7,7,7,7,5,1,7,7,7,2,6,5,6,6,6,6,6,4,4,55
67,0,37,2,21,2,2,10,6,6,4,6,7,5,6,7,6,6,7,3,6,7,.350893170676764,-.401628457849034,.942992074331398,.484533354702674,6,5,5,6,7,5,6,6,3,5,5,6,6,4,3,6,7,7,5,6,2,5
102,0,49,6,21,4,4,100,6,3,4,5,4,5,4,5,4,5,4,5,4,5,-.507406671266396,.500040728977605,.942992074331398,.484533354702674,5,4,5,4,5,4,5,4,5,4,5,4,5,4,4,5,4,5,4,5,6,115
181,1,27,5,21,1,1,6,6,3,4,5,5,6,4,5,6,4,7,5,5,6,-.507406671266396,1.40170991580424,.942992074331398,-.27815803695894,5,5,4,4,4,5,4,5,4,4,5,4,5,4,5,4,5,4,5,4,4,65
263,1,56,4,27,3,1,2,5,6,2,4,4,6,3,6,1,6,5,3,5,6,-.507406671266396,1.40170991580424,.942992074331398,1.24722474636429,6,3,5,3,5,4,6,5,3,5,5,4,5,6,3,5,3,5,3,5,2,30
288,1,28,3,18,10,15,10,1,7,3,3,1,7,1,2,1,2,3,1,3,1,-.507406671266396,-1.30329764467567,.165195691853675,-1.80354082028217,5,6,3,6,3,7,1,7,6,3,1,7,3,2,2,1,1,1,1,1,3,20
313,0,33,5,20,16,1,2,1,6,5,4,4,5,4,4,2,4,5,5,5,6,1.20919301261993,-.401628457849034,1.72078845680912,.484533354702674,4,3,2,4,5,5,4,3,4,5,4,3,4,3,4,4,4,4,4,4,2,40
367,0,28,2,21,3,1,35,3,3,3,6,5,5,5,6,6,5,4,4,3,4,.350893170676764,1.40170991580424,.942992074331398,-1.04084942862055,3,5,3,2,2,2,1,2,2,1,2,3,3,1,2,1,2,1,1,1,2,90
28,0,33,2,18,2,1,1,6,2,1,7,5,6,5,6,5,7,6,4,6,7,.350893170676764,1.40170991580424,.942992074331398,.484533354702674,5,6,7,6,6,1,6,7,6,6,6,5,6,6,7,6,6,5,7,6,2,55
249,1,66,2,21,2,2,2,1,7,1,7,1,4,1,1,1,7,4,4,7,1,-2.22400635515272,-1.30329764467567,-1.39039707310177,-.27815803695894,6,6,7,7,7,7,7,6,7,7,7,5,7,7,7,7,7,7,7,7,2,30
348,0,47,1,27,1,1,1,5,4,3,4,3,4,3,2,2,2,5,2,6,2,-1.36570651320956,-1.30329764467567,-1.39039707310177,-.27815803695894,5,6,6,6,7,4,7,7,7,7,7,6,6,6,7,6,6,6,6,6,2,20
352,0,33,4,16,2,1,10,6,4,1,7,5,4,6,7,4,7,4,6,7,5,.350893170676764,.500040728977605,-.612600690624048,.484533354702674,6,4,7,6,7,6,7,5,6,5,7,5,7,5,7,5,6,7,4,6,2,50
377,0,28,2,19,2,1,0,1,7,4,5,1,4,1,1,1,5,7,1,4,5,-2.22400635515272,-1.30329764467567,-.612600690624048,-1.04084942862055,5,6,4,7,6,2,6,5,6,6,1,5,6,4,4,7,6,6,7,7,2,40
45,0,70,23,18,12,0,0,3,3,3,3,2,6,4,5,5,2,6,3,5,2,-1.36570651320956,-1.30329764467567,-.612600690624048,.484533354702674,3,5,5,7,3,3,1,1,3,2,2,3,1,2,5,4,3,4,2,2,2,10
47,0,32,3,21,1,1,7,1,7,3,7,5,5,2,6,5,5,4,2,5,6,1.20919301261993,.500040728977605,.942992074331398,1.24722474636429,5,6,6,6,5,5,7,6,7,7,7,7,6,5,4,6,4,5,4,5,3,55
61,0,76,45,18,25,0,0,5,3,4,1,6,4,5,5,5,1,4,5,4,1,-2.22400635515272,-2.20496683150231,-1.39039707310177,-.27815803695894,4,5,5,5,3,3,2,2,5,4,3,2,4,3,3,4,3,3,3,4,2,30
62,0,59,9,16,14,1,0,2,3,3,1,1,5,2,4,5,2,5,5,5,2,.350893170676764,-.401628457849034,.165195691853675,-.27815803695894,6,5,6,5,5,3,6,5,6,5,7,6,5,5,5,5,5,5,4,4,2,25
73,0,35,6,16,12,1,2,2,2,2,7,1,6,7,5,2,7,5,1,6,7,1.20919301261993,.500040728977605,.165195691853675,.484533354702674,5,4,5,5,5,5,6,6,6,6,7,2,4,4,4,5,4,4,4,6,2,50
93,0,31,1,21,1,1,6,1,4,3,2,1,6,1,1,1,1,7,1,7,4,.350893170676764,.500040728977605,-.612600690624048,.484533354702674,1,1,1,1,1,1,1,1,1,1,1,1,1,1,1,1,1,1,1,1,2,50
101,0,33,8,14,26,1,20,1,7,1,1,1,7,1,1,3,1,5,3,6,3,1.20919301261993,1.40170991580424,.942992074331398,.484533354702674,6,7,4,7,4,1,7,7,7,7,7,5,3,6,4, ,5,5,7,6,2,35
124,1,42,5,17,8,1,1,1,1,4,6,1,4,1,1,4,6,4,1,4,6,-.507406671266396,.500040728977605,.942992074331398,-.27815803695894,5,5,6,6,4,5,6,6,6,6,7,4,6,6,6,6,6,6,6,4,2,30
125,1,40,3,17,2,1,6,1,2,2,6,2,5,2,2,2,6,6,2,6,6,-.507406671266396,-.401628457849034,-.612600690624048,-.27815803695894,2,2,2,2,2,2,4,4,7,7,7,7,7,4,2,6,2,6,6,6,0,40
134,1,39,5,18,5,1,6,2,2,2,5,2,7,2,5,3,5,6,2,4,5,-.507406671266396,.500040728977605,.165195691853675,-.27815803695894,5,6,7,7,6,2,2,1,7,6,2,6,5,5,6,5,6,6,6,5,2,40
135,1,43,4,15,4,1,8,3,7,7,1,1,6,2,1,4,1,6,3,6,1,-.507406671266396,-.401628457849034,.165195691853675,-1.04084942862055,5,6,6,6,5,3,4,4,7,2,7,7,6,6,6,5,6,6,2,6,2,30
139,1,50,2,19,2,1,4,1,3,1,1,1,3,1,1,1,1,7,1,7,7,-2.22400635515272,-1.30329764467567,-1.39039707310177,-.27815803695894,7,7,3,7,7,7,1,1,1,1,7,7,3,1,6,4,2,6,1,2,2,50
142,1,52,10,14,68,1,6,7,2,3,7,6,7,4,7,6,7,6,3,7,7,-.507406671266396,-.401628457849034,.165195691853675,-1.04084942862055,2,5,6,5,3,3,5,6,7,5,7,5,2,2,2,3,5,5,2,2,2,15
151,1,33,15,16,15,1,1,1,4,1,7,4,7,1,1,1,7,7,1,7,7,1.20919301261993,.500040728977605,-.612600690624048,1.24722474636429,4,7,7,7,7,7,7,4,6,7,7,3,7,7,7,4,4,4,1,5,2,50
160,1,65,3,17,1,1,1,1,7,6,1,1,1,1,1,1,1,7,1,7,1,-2.22400635515272,-1.30329764467567, ,-.27815803695894,6,7,7,7,7,7,7,7,7,5,7,7,7,7,7,7,7,7,4,6,2,29
163,1,31,1,17,1,1,0,3,3,3,5,1,3,1,1,1,5,5,1,4,5,-1.36570651320956,-1.30329764467567,-.612600690624048,-2.56623221194378,6,7,3,5,7,7,7,7,7,6,7,7,7,7,7,3,3,3,1,1,2,55
165,1,56,10,17,10,1,2,1,2,1,7,3,7,1,1,1,6,6,1,7,6,.350893170676764,-1.30329764467567,-1.39039707310177,-1.04084942862055,5,6,5,6,4,5,3,1,3,6,7,7,1,1,1,3,1,1,2,5,2,20
166,1,62,35,18,25,0,0,6,2,2,4,4,5,4,2,6,4,6,4,6,6,-1.36570651320956,-1.30329764467567,-.612600690624048,-1.04084942862055,6,6,6,6,6,7,2,6,7,3,7,6,6,6,6,7,7,7,3,2,2,22
176,1,27,7,17,10,1,2,4,2,2,2,3,3,3,3,2,2,5,2,5,3,-1.36570651320956, ,-1.39039707310177,-2.56623221194378,4,6,5,6,5,4,7,6,6,3,6,5,6,5,5,3,3,3,2,2,2,73
177,1,66,3,16,1,1,4,1,7,7,4,1,5,1,2,1,6,6,1,6,6,-.507406671266396,-.401628457849034,-.612600690624048,-.27815803695894,6,6,7,7,7,6,7,6,7,7,7,7,4,6,7,7,6,6,6,1,2,30
188,1,70,1,19,2,1,2,1,7,3,1,2,3,1,1,1,1,7,1,7,6,-1.36570651320956,-1.30329764467567,-1.39039707310177,-1.80354082028217,5,6,5,5,4,6,7,6,6,7,1,7,7,6,7,7,6,7,6,7,2,5
189,1,29,5,16,3,1,2,2,6,2,1,1,5,1,1,1,1,5,1,5,2,-2.22400635515272,-1.30329764467567,-.612600690624048,-.27815803695894,5,5,5,6,6,5,6,3,6,6,7,5,7,7,7,3,3,5,2,1,2,50
192,1,41,4,21,2,1,0,3,4,3,4,4,5,3,2,2,4,5,2,6,4,-2.22400635515272,-1.30329764467567,-.612600690624048,-1.80354082028217,5,5,5,5,6,5,7,7,7,7,7,7,6,6,6,5,5,5,5,5,2,20
201,1,35,20,17,40,1,1,2,1,4,4,5,4,5,3,2,4,6,2,5,2,-.507406671266396,-.401628457849034,-.612600690624048,-1.04084942862055,6,6,4,6,6,4,7,5,7,6,7,3,5,5,5,5,5,5,3,1,2,40
202,1,50,4,21,9,1,12,1,1,1,4,1,5,1,1,1,5,5,1,5,5,-.507406671266396,.500040728977605,.165195691853675,-.27815803695894,6,7,7,6,7,6,7,6,7,7,7,7,7,7,7,7,7,7,3,5,2,30
203,1,48,5,18,5,1,5,1,2,1,1,1,7,1,1,1,1,7,1,7,3,.350893170676764,-.401628457849034,-1.39039707310177,-.27815803695894,2,6,7,6,6,6,6,5,7,7,7,7,5,6,7,7,7,7,7,7,2,50
208,1,60,50,15,80,1,10,1,2,2,4,1,6,1,2,4,4,5,1,6,6,.350893170676764,.500040728977605,-.612600690624048,.484533354702674,6,6,6,6,7,6,2,6,6,7,6,2,5,5,6,5,5,5,4,2,2,20
209,1,31,3,17,10,1,5,1,7,3,6,4,6,5,1,1,7,6,1,6,7,.350893170676764,.500040728977605,-1.39039707310177,-.27815803695894,7,6,6,6,4,5,1,1,6,7,7,7,1,1,5,2,2,2,2,2,2,40
211,1,32,1,23,1,1,1,1,3,4,5,1,4,1,1,1,5,5,1,5,5,-1.36570651320956,-1.30329764467567,-.612600690624048,-.27815803695894,5,6,6,6,6,6,6,6,6,6,7,7,7,7,7,6,6,6,5,5,2,40
212,1,48,8,16,20,1,0,1,7,3,3,1,5,1,3,1,2,6,1,6,2,-.507406671266396,-1.30329764467567,-.612600690624048,-.27815803695894,4,5,4,4,5,6,6,6,7,6,1,5,7,7,6,5,5,5,3,1,2,25
220,1,52,6,17, ,1,0,7,4,1,4,1,6,1,1,1,4,7,1,4,4,-2.22400635515272,-2.20496683150231,-1.39039707310177,-1.80354082028217,7,7,7,7,7,7,5,7,7,7,7,7,7,4,7,7,7,7,7,7,2,30
231,1,57,8,15,7,1,10,4,2,2,2,2,7,2,3,3,2,6,1,6,6,.350893170676764,.500040728977605,.165195691853675,.484533354702674,5,7,7,7,6,5,7,6,7,7,7,7,7,7,7,6,6,6,5,6,2,25
239,1,60,3,19,3,1,12,2,2,1,5,1,7,1,1,1,6,6,1,6,6,.350893170676764,-.401628457849034,.165195691853675,.484533354702674,7,6,7,7,7,6,7,7,7,7,7,7,7,7,7,7,7,7,7,2,2,30
243,1,45,50,14,30,1,10,1,4,4,4,4,6,1,4,4,4,7,4,7,4,1.20919301261993,.500040728977605,-.612600690624048,1.24722474636429,6,5,5,5,6,5,3,1,7,7,7,2,7,5,5,5,4,4,5,6,2,50
244,1,30,1,21,1,1,8,1,6,7,2,1,1,1,1,1,1,3,1,1,1,-2.22400635515272,-.401628457849034,-1.39039707310177,-1.80354082028217,5,4,2,5,6,4,6,6,5,4,7,4,5,4,4,4,4,4,2,4,2,50
247,1,45,5,17,2,1,6,1,4,1,4,1,7,1,1,1,5,7,1,7,1,.350893170676764,.500040728977605,-1.39039707310177,.484533354702674,5,6,7,7,6,7,6,5,7,7,7,7,6,6,6,7,7,7,4,4,2,45
248,1,33,10,18,12,1,4,7,3,1,7,1,7,1,3,1,7,7,1,7,5,1.20919301261993,.500040728977605,-.612600690624048,.484533354702674,5,7,7,7,7,5,5,5,6,7,7,3,6,5,5,5,5,5,3,3,2,50
251,1,50,6,19,5,1,10,2,2,1,2,2,6,2,3,4,2,6,2,5,5,.350893170676764,.500040728977605,-1.39039707310177,.484533354702674,2,6,4,6,6,6,6,6,7,7,7,5,6,6,6,6,7,7,4,1,2,40
254,1,57,7,17,6,1,0,5,1,1,1,6,4,5,1,6,1,5,5,7,5,1.20919301261993,-1.30329764467567,-.612600690624048,-1.80354082028217,7,7,4,7,7,6,7,7,7,7,7,7,7,7,7,7,7,5,4,5,2,30
258,1,32,5,19,5,1,6,1,1,3,1,1,3,1,1,2,1,7,1,6,1,.350893170676764,-2.20496683150231,-1.39039707310177,-1.80354082028217,6,6,7,7,7,6,7,7,7,7,7,6,7,7,7,3,3,3,2,6,2,50
259,1,36,3,14,2,1,20,1,2,1,1,1,6,1,1,1,4,7,2,6,1,.350893170676764,.500040728977605,-.612600690624048,.484533354702674,6,7,5,7,7,5,5,7,7,7,7,7,6,6,6,7,7,7,4,7,2,50
260,1,41,7,26,2,1,0,1,4,3,2,3,3,1,1,1,3,4,1,4,2,-.507406671266396,-1.30329764467567,-1.39039707310177,-.27815803695894,3,6,6,6,6,2,6,3,7,2,7,7,7,7,7,7,7,7,5,6,2,40
261,1,33,3,18,6,1,15,3,6,3,6,1,6,1,3,2,6,7,1,7,6,.350893170676764,-1.30329764467567,-.612600690624048,-.27815803695894,6,6,6,7,7,5,7,4,7,7,7,6,7,7,6,6,6,6,5,5,2,40
266,1,56,4,17,3,1,8,2,2,2,2,2,6,2,1,5,2,5,5,5,4,.350893170676764,.500040728977605,-.612600690624048,-.27815803695894,6,6,6,6,6,6,7,7,7,7,7,7,7,7,7,7,7,7,7,7,2,35
268,1,55,11,17,11,1,3,2,2,3,3,1,5,1,1,1,3,6,1,6,5,-.507406671266396,-.401628457849034,-.612600690624048,-1.04084942862055,6,6,5,5,6,6,5,3,7,7,7,7,6,5,5,3,3,3,2,2,2,30
273,1,42,1,23,1,1,2,7,7,6,3,5,6,5,1,1,2,6,1,6,6,-.507406671266396,-.401628457849034,.165195691853675,.484533354702674,7,7,7,7,7,7,7,7,7,7,7,7,7,7,7,7,7,7,7,7,0,20
274,1,43,5,16,5,1,15,1,7,7,1,1,7,7,1,1,1,7,1,7,1,.350893170676764,.500040728977605,-1.39039707310177,-.27815803695894,6,7,7,6,6,5,1,1,6,6,7,7,1,1,1,7,7,7,1,1,2,20
280,1,30,4,18,10,1,2,2,1,2,4,5,5,5,2,5,4,4,6,5,5,-.507406671266396,-1.30329764467567,-.612600690624048,-1.80354082028217,6,5,5,6,5,6,6,6,6,6,6,5,6,6,6,5,5,6,6,6,2,60
286,1,38,2,26,1,1,5,2,4,3,5,2,5,2,3,2,5,5,2,5,4,-.507406671266396,.500040728977605,-.612600690624048,-1.04084942862055,6,5,5,5,5,5,6,6,6,6,6,6,6,6,6,6,5,4,5,5,2,15
287,1,35,2,24,2,1,0,4,5,2,5,1,5,1,3,1,5,7,1,6,5,-.507406671266396,-1.30329764467567,-.612600690624048,-1.04084942862055,6,6,6,6,7,6,7,7,7,7,7,7,7,7,7,7,7,7,5,1,2,50
292,1,38,11,15,11,1,20,1,1,4,4,4,4,4,4,3,3,3,3,3,4,1.20919301261993,1.40170991580424,.165195691853675,2.0099161380259,7,7,6,7,7,5,1,1,7,7,7,7,1,1,1,6,4,4,5,7,2, 
300,1,28,2,21,2,1,12,2,6,6,2,2,6,2,2,3,3,3,2,3,3,1.20919301261993,1.40170991580424,-1.39039707310177,1.24722474636429,6,6,5,3,4,5,5,5,4,3,3,4,5,4,3,4,5,4,3,4,3,60
302,1,66,20,15,100,0,0,2,2,2,6,2,6,2,6,6,6,4,6,4,6,-2.22400635515272,-1.30329764467567,-.612600690624048,-.27815803695894,2,7,2,6,6,6,7,7,1,4,7,7,1,1,1,4,4,4,1,1,2,5
304,1,33,8,17,11,1,0,4,4,4,4,4,4,4,4,4,4,4,4,4,4,-2.22400635515272,-2.20496683150231,-1.39039707310177,-2.56623221194378,6,6,5,5,5,5,4,4,6,1,7,7,6,2,5,5,5,5,5,5,2,50
309,0,35,4,18,2,1,15,3,3,3,4,4,6,3,2,4,4,5,1,4,3,.350893170676764,.500040728977605,.165195691853675,-.27815803695894,4,5,3,5,6,5,3,5,3,6,4,2,5,6,3,5,4,4,5,6,3,40
316,0,39,5,23,2,1,10,5,1,2,7,2,5,2,1,2,7,5,2,5,6,.350893170676764,.500040728977605,-.612600690624048,-1.04084942862055,6,3,7,5,2,6,7,7,6,7,7,7,6,7,7,6,7,7,6,6,2,40
318,0,25,6,16,6,1,8,3,4,5,5,4,4,3,2,3,5,5,4,6,2,.350893170676764,.500040728977605,1.72078845680912,.484533354702674,5,6,6,6,6,3,6,5,5,6,5,6,5,5,5,6,6,5,5,5,2,40
324,0,32,5,21,4,1,4,2,2,1,6,1,5,1,5,3,7,5,3,4,7,.350893170676764,.500040728977605,.942992074331398,-.27815803695894,5,5,6,5,6,7,2,7,7,6,5,1,5,5,5,5,5,5,3,1,5,40
329,0,43,15,18,14,1,1,1,7,2,1,1,6,1,1,1,1,6,1,6,5,1.20919301261993,-1.30329764467567,-.612600690624048,-.27815803695894,5,5,6,5,6,6,7,7,7,7,7,6,5,7,7,7,6,6,4,6,4,50
334,0,50,12,15,10,1,2,5,3,2,6,5,5,3,5,5,5,4,5,4,5,.350893170676764,.500040728977605,.942992074331398,.484533354702674,3,4,3,2,5,3,4,3,3,6,6,5,5,3,4,4,3,4,5,3,2,30
337,0,37,3,21,3,1,10,6,2,2,4,5,5,5,7,5,3,6,6,5,7,1.20919301261993,.500040728977605,-.612600690624048,.484533354702674,5,3,7,7,7,7,1,1,5,4,5,6,3,6,7,4,3,5,7,7,2,20
340,0,66,3,20,1,1,4,2,4,3,4,1,5,1,1,4,4,7,1,7,5,.350893170676764,-.401628457849034,-.612600690624048,-.27815803695894,5,6,6,7,6,2,5,3,6,7,7,7,5,3,5,5,3,3,5,5,2,15
343,0,62,10,18,4,1,4,2,6,2,2,1,5,1,2,2,2,4,2,4,2,-.507406671266396,-.401628457849034,-1.39039707310177,.484533354702674,2,6,2,5,6,3,2,2,5,7,7,3,3,2,2,3,2,2,2,2,2,35
346,0,53,10,17,4,1,1,5,5,3,5,5,4,7,6,2,6,5,2,4,6,1.20919301261993,.500040728977605,.942992074331398,-.27815803695894,5,5,6,6,4,2,6,6,2,5,6,3,4,5,5,4,4,4,4,2,2,20
358,0,43,1,22,4,1,30,1,6,2,4,4,7,1,4,1,4,7,2,7,6,1.20919301261993,2.30337910263088,2.49858483928684,1.24722474636429,4,6,4,4,5,5,6,2,7,7,4,2,2,2,2,3,3,3,3,3,2,35
359,0,42,2,28,1,1,3,2,6,3,1,3,7,2,4,2,1,7,4,7,1,-2.22400635515272,-1.30329764467567,.165195691853675,-1.04084942862055,1,4,6,5,4,7,6,4,6,6,6,6,4,3,3,5,5,6,6,4,2,30
361,0,39,3,15,5,1,17,5,5,2,5,5,5,5,4,6,6,6,5,4,6,.350893170676764,.500040728977605,-.612600690624048,1.24722474636429,5,5,6,6,5,3,6,4,6,6,6,6,5,6,6,6,6,5,6,2,2,50
365,0,32,3,25,1,1,20,2,2,4,1,2,7,2,2,1,1,7,1,7,5,1.20919301261993,.500040728977605,-.612600690624048,.484533354702674,5,6,6,6,6,3,5,5,7,7,1,1,5,5,6,6,6,6,5,6,2,40
375,0,49,1,25,2,1,10,1,6,3,6,2,7,2,3,5,6,6,4,6,7,.350893170676764,.500040728977605,-.612600690624048,-.27815803695894,6,7,7,7,7,6,7,7,7,7,2,5,7,7,7,7,6,7,7,7,2,10
382,0,43,12,19,10,1,2,6,2,4,3,4,3,5,3,3,5,5,2,4,4,.350893170676764,1.40170991580424,.942992074331398,1.24722474636429,5,6,4,4,4,6,4,3,5,5,3,3,6,4,3,5,5,2,5,5,2,2
394,0,62,12,14,7,1,2,3,2,2,1,2,5,1,1,1,1,7,1,7,4,.350893170676764,.500040728977605,-1.39039707310177,-.27815803695894,6,7,7,7,7,6,6,5,7,7,7,7,1,1,1,7,7,7,6,1,2,25
396,0,42,5,15,20,1,12,4,4,3,4,4,5,4,5,4,4,6,4,5,5,1.20919301261993,.500040728977605,.942992074331398,-.27815803695894,5,5,6,6,5,5,6,6,6,6,7,5,6,6,6,6,6,6,5,1,2,50
398,0,36,2,24,1,1,4,1,1,5,1,1,4,1,1,1,1,6,1,5,3,.350893170676764,.500040728977605,1.72078845680912,.484533354702674,5,6,5,6,7,6,6,5,7,7,7,2,6,5,5,6,6,6,3,2,2,50
400,0,33,26,17,26,1,20,5,1,1,5,5,7,7,6,7,5,7,5,7,5,1.20919301261993,.500040728977605,.165195691853675,-.27815803695894,7,7,7,7,7,1,7,7,7,7,7,5,6,2,2,7,5,5,5,6,2,30
44,0,29,5,18,4,2,5,7,3,3,5,3,6,3,5,4,6,4,6,4,6,.350893170676764,.500040728977605,.942992074331398,-.27815803695894,6,6,5,7,4,6,6,5,7,5,5,6,6,5,7,6,5,6,7,6,2,50
161,1,29,2,19,2,1,5,6,3,1,6,5,6,6,6,5,7,6,5,6,7,.350893170676764,.500040728977605,.942992074331398,1.24722474636429,6,5,7,6,5,6,7,7,5,6,6,5,7,6,5,6,7,6,5,6,1,70
275,1,29,2,21,2,2,0,6,1,3,3,5,6,4,3,6,7,6,5,3,5,.350893170676764,.500040728977605,.165195691853675,.484533354702674,6,7,4,3,4,5,5,4,3,5,6,5,2,5,7,5,5,3,5,6,5,2
311,0,29,1,20,1,1,6,5,3,4,4,4,5,4,6,5,4,4,3,4,4,-1.36570651320956,-.401628457849034,.165195691853675,-1.04084942862055,6,7,5,6,5,5,4,6,6,5,6,5,4,4,6,5,3,5,6,4,2,20
319,0,35,2,22,1,0,0,2,1,7,1,2,6,2,7,7,4,1,6,2,1,-.507406671266396,2.30337910263088,.942992074331398,-.27815803695894,2,5,2,5,3,6,3,6,2,7,3,6,7,3,4,3,6,2,3,2,3,50
327,0,28,3,18,2,2,2,5,3,5,4,5,3,4,5,6,3,3,3,4,4,-.507406671266396,.500040728977605,.165195691853675,-1.04084942862055,5,6,6,6,7,5,4,4,6,5,1,7,6,5,6,5,6,5,6,6,3,2
356,0,37,3,21,4,4,1,5,4,3,6,5,4,6,5,4,5,6,5,6,4,.350893170676764,.500040728977605,.942992074331398,.484533354702674,6,7,6,5,6,7,6,5,6,7,6,7,6,5,6,7,6,5,5,6,1,30
33,0,27,1,22,1,1,3,5,2,5,5,5,4,5,5,5,3,6,5,5,4,-.507406671266396,-.401628457849034,-.612600690624048,-.27815803695894,5,5,5,6,5,4,6,5,5,6,5,5,6,4,6,6,5,5,4,6,1,30
110,0,29,1,28,1,1,3,6,4,2,4,3,6,7,6,4,7,6,4,7,5,-.507406671266396,-.401628457849034,.942992074331398,-.27815803695894,6,5,7,4,6,1,4,6,4,7,6,4,7,6,4,3,6,5,4,6,1,20
122,1,26,2,25,1,1,3,5,5,3,3,4,6,5,6,7,3,7,4,6,7,-.507406671266396,-.401628457849034,.165195691853675,.484533354702674,6,5,6,6,5,3,6,6,7,7,7,5,7,5,4,6,6,7,5,4,2,30
306,0,38,10,27,1,1,4,6,2,3,6,6,5,5,6,4,5,4,5,5,6,-.507406671266396,-.401628457849034,-1.39039707310177,.484533354702674,4,5,5,6,4,5,4,5,4,6,6,5,5,5,5,4,6,6,5,4,2,60
317,0,29,5,14,12,5,4,5,3,2,5,4,5,3,4,5,5,6,3,5,5,.350893170676764,.500040728977605,1.72078845680912,1.24722474636429,5,6,7,5,5,3,7,5,6,6,5,6,4,5,4,5,6,5,4,5,2,65
330,0,25,5,18,5,2,2,4,3,2,5,6,5,5,4,5,5,4,5,4,5,-.507406671266396,.500040728977605,.942992074331398,-.27815803695894,5,6,5,6,5,6,5,4,5,6,4,5,6,5,6,5,6,5,6,5,1,5
26,0,29,3,19,3,2,6,6,2,4,6,6,6,2,7,4,7,7,1,7,6,-.507406671266396,-.401628457849034,-.612600690624048,1.24722474636429,7,7,1,7,7,5,6,6,7,7,6,6,7,7,7,7,7,7,7,7,3,70
34,0,32,5,27,1,1,8,1,6,2,2,2,6,2,2,2,3,5,2,7,2,-.507406671266396,.500040728977605,-.612600690624048,.484533354702674,5,5,5,3,3,5,6,5,7,7,6,7,7,7,7,7,6,6,5,7,3,50
41,0,33,3,21,3,1,25,2,6,2,5,6,7,2,2,7,6,6,2,1,6,.350893170676764,.500040728977605,.942992074331398,2.0099161380259,6,6,6,2,6,6,1,1,1,7,2,7,1,6,6,6,6,6,6,6,2,10
42,0,32,5,18,23,19,3,6,2,1,7,4,7,5,5,6,7,6,4,6,4,1.20919301261993,1.40170991580424,.942992074331398,1.24722474636429,7,7,7,7,7,3,7,7,7,7,3,1,7,7,7,7,7,7,4,1,1,60
43,0,29,1,25,1,1,2,7,1,4,1,1,4,1,1,1,5,7,1,7,7,-1.36570651320956,.500040728977605,.942992074331398,1.24722474636429,6,7,6,7,6,1,7,7,7,7,1,7,5,5,6,7,7,7,6,6,2,20
46,0,45,1,24,1,1,8,1,7,7,1,1,1,1,1,1,1,6,1,6,2,-.507406671266396,.500040728977605,-.612600690624048,-.27815803695894,6,6,7,6,6,6,4,6,7,7,1,7,4,6,4,4,4,5,4,4,1,25
60,0,66,6,24,13,1,5,2,5,4,4,3,6,4,5,3,4,6,2,5,4,1.20919301261993,-.401628457849034,-.612600690624048,1.24722474636429,5,3,1,5,5,7,7,7,7,6,3,2,3,3,2,3,5,3,2,2,1,10
63,0,35,10,15,12,1,8,1,2,1,5,1,5,1,6,2,5,5,2,5,2,-.507406671266396,.500040728977605,-.612600690624048,-.27815803695894,5,5,5,7,4,4,7,4,7,7,6,3,6,5,5,5,5,5,3,1,2,38
68,0,28,6,18,4,1,1,7,4,3,5,2,4,2,6,2,6,7,2,7,7,.350893170676764,.500040728977605,.165195691853675,-2.56623221194378,4,6,3,6,6,5,1,1,7,5,7,6,2,1,1,6,6,4,3,5,1,50
69,0,53,1,19,1,1,5,1,4,3,2,1,1,1,1,1,1,4,1,4,1,1.20919301261993,-.401628457849034,-1.39039707310177,-.27815803695894,5,5,5,6,6,5,7,2,7,7,7,7,7,5,5,4,4,4,4,7,1,5
80,0,63,10,19,15,1,12,2,6,2,4,2,6,2,5,6,6,7,2,7,7,.350893170676764,.500040728977605,.165195691853675,.484533354702674,6,2,7,7,6,3,6,4,5,7,7,5,7,4,4,6,6,6,6,6,1,20
82,0,38,5,32,1,1,5,3,4,3,4,2,6,4,4,5,4,4,5,4,3,1.20919301261993,.500040728977605,-.612600690624048,1.24722474636429,5,6,4,7,7,7,7,7,7,7,7,7,6,6,7,7,7,7,6,7,1,20
83,0,38,5,21,5,1,1,3,5,3,5,3,5,3,5,5,5,5,5,5,5,.350893170676764,.500040728977605,.165195691853675,.484533354702674,5,5,5,3,5,5,6,6,6,6,5,5,5,5,5,6,6,6,5,5,2,30
86,0,51,15,15,20,1,6,2,3,3,5,2,7,2,3,3,5,6,3,6,5,1.20919301261993,.500040728977605,.165195691853675,.484533354702674,5,5,5,7,5,4,6,5,7,6,7,5,1,1,1,7,7,7,4,5,1,25
90,0,61,1,23,1,1,0,4,4,2,6,1,3,1,4,1,4,5,1,4,3,.350893170676764,.500040728977605,.942992074331398,-1.04084942862055,5,6,3,6,6,6,5,5,5,5,7,7,3,2,2,2,5,3,2,5,1,15
100,0,48,11,15, ,1,12,1,7,4,7,1,7,1,7,4,7,6,1,7,4,1.20919301261993,2.30337910263088,2.49858483928684,2.0099161380259,5,6,7,6,4,1,7,7,4,7,7,1,7,7,7,5,6,6,1,4,1,59
111,0,25,2,19,2,2,3,6,4,4,5,4,5,5,6,4,5,5,5,6,5,-.507406671266396,-.401628457849034,.942992074331398,.484533354702674,5,6,5,4,5,5,5,5,6,6,4,5,5,5,5,4,5,5,6,6,2,40
112,0,49,6,21,6,1,0,2,2,1,7,1,7,1,6,1,7,4,1,4,2,1.20919301261993,.500040728977605,.942992074331398,-.27815803695894,7,7,6,7,5,3,3,5,7,4,7,2,6,3,3,6,5,5,1,1,1,40
116,0,30,2,20,2,2,5,6,1,3,4,6,7,6,5,6,5,5,3,4,6,-.507406671266396,-.401628457849034,.165195691853675,2.0099161380259,6,7,7,7,6,5,6,6,5,7,5,6,7,6,6,5,7,7,5,5,1,50
117,0,28, ,13,4,1,4,5,4,1,6,5,6,7,7,7,5,7,6,6,4,.350893170676764,2.30337910263088,.942992074331398,.484533354702674,4,6,5,7,7,5,6,6,3,6,7,7,3,5,5,7,3,6,5,7,3,60
136,1,28,1,16,1,1,3,1,1,2,5,1,4,1,1,1,4,5,1,6,4,-1.36570651320956,-1.30329764467567,-.612600690624048,-1.04084942862055,6,6,7,6,7,2,7,6,7,7,7,7,5,5,4,6,5,6,3,3,1,70
137,1,39,11,14,5,1,8,2,6,3,5,3,6,5,6,2,5,3,5,3,5,-.507406671266396,-1.30329764467567,-.612600690624048,-.27815803695894,5,5,7,6,6,4,7,3,7,4,6,6,6,6,6,6,6,6,5,6,1,50
141,1,27,100,21,1,1,10,2,6,5,3,4,4,4,4,3,4,3,4,3,4,.350893170676764,1.40170991580424,-.612600690624048,-.27815803695894,7,6,6,1,7,1,6,6,6,7,7,6,7,6,6,6,6,6,5,7,0,25
146,1,57,7,18,6,1,0,1,7,4,7,1,5,1,1,1,7,7,1,7,6,-.507406671266396,-1.30329764467567,-.612600690624048,-1.04084942862055,5,5,7,7,7,7,7,3,7,7,7,5,7,7,7,5,5,5,6,5,1,30
148,1,63,5,20,1,1,2,1,4,2,1,1,5,1,1,1,1,4,1,5,5,-1.36570651320956,-1.30329764467567,-1.39039707310177,-1.04084942862055,5,6,5,6,7,5,7,7,7,7,7,7,7,7,7,7,6,6,6,6,1,27
149,1,38,5,14,20,1,4,2,2,4,5,1,5,1,1,1,7,4,1,3,6,.350893170676764,-.401628457849034,-.612600690624048,-1.04084942862055,3,6,2,2,5,6,2,5,7,7,7,6,5,2,7,3,3,2,1,1,1,20
154,1,29,1,19,1,1,20,7,2,2,1,6,6,6,7,7,6,7,7,7,7,1.20919301261993,2.30337910263088,2.49858483928684,.484533354702674,7,6,6,2,2,7,7,7,2,7,7,7,7,6,6,7,7,6,6,7,1,0
162,1,40,20,15,20,1,0,5,1,5,5,1,7,1,7,2,5,7,2,7,2,-1.36570651320956,-1.30329764467567,-.612600690624048,.484533354702674,5,5,2,3,2,6,1,2,7,4,7,2,2,1,1,1,1,5,1,1,1,35
164,1,55,5,13, ,0,0,1,7,7,4,1,1,1,3,1,6,4,1,1,1,-3.08230619709588,-2.20496683150231,-1.39039707310177,-2.56623221194378,7,4,2,6,7,6,6,5,7,4,7,2,5,5,5,5,5,5,5,5,1, 
167,1,29,1,25,1,1,12,1,7,3,2,7,1,7,2,1,1,7,1,7,1,-.507406671266396,-1.30329764467567,-1.39039707310177,-.27815803695894,6,6,7,6,7,6,7,7,7,7,7,7,7,7,7,7,7,7,7,7,2,45
168,1,32,3,18,3,1,6,2,6,3,5,6,5,5,1,1,5,5,5,6,6,.350893170676764,.500040728977605,-1.39039707310177,1.24722474636429,7,7,7,7,7,7,7,7,7,7,1,7,7,7,7,7,7,7,7,7,2,50
171,1,39,30,17,20,1,10,2,6,2,6,2,6,2,5,2,7,6,2,6,7,1.20919301261993,.500040728977605,.942992074331398,.484533354702674,3,5,5,6,5,2,2,2,5,5,1,7,5,5,5,5,6,5,3,3,3,10
178,1,41,5,19,1,1,4,2,4,3,5,1,6,1,1,2,4,6,2,6,5,.350893170676764,.500040728977605,.942992074331398,-.27815803695894,2,3,1,7,5,7,6,7,7,6,7,7,6,5,6,5,5,5,3,5,1,55
179,1,33,13,15,10,1,8,2,7,2,7,1,6,1,6,1,7,6,1,7,3,-.507406671266396,.500040728977605,-1.39039707310177,-.27815803695894,3,3,2,3,7,5,2,2,7,7,7,5,7,7,7,6,6,6,3,1,1,50
180,1,55,4,15,4,1,4,2,6,6,2,2,7,2,2,2,2,5,1,6,2,.350893170676764,.500040728977605,.165195691853675,1.24722474636429,1,1,1,6,7,7,7,7,7,7,7,7,7,7,7,7,7,7,2,6,1,20
187,1,32,3,21,1,1,4,4,5,5,4,4,3,2,3,4,4,4,3,3,3,.350893170676764,-.401628457849034,-1.39039707310177,.484533354702674,4,5,6,5,5,5,5,4,4,4,3,5,4,6,4,5,5,4,4,4,0,40
190,1,46,2,22,3,1,6,4,2,3,2,2,6,2,2,2,2,6,2,3,2,1.20919301261993,.500040728977605,-.612600690624048,1.24722474636429,4,5,6,6,5,6,7,7,7,7,7,6,6,5,5,5,5,5,6,6,1,40
199,1,60,5,15,6,1,0,5,6,5,6,1,6,1,5,1,6,7,1,7,1,-2.22400635515272,-1.30329764467567,-.612600690624048,-2.56623221194378,2,5,1,2,4,6,7,1,5,5,1,4,4,5,6,3,5,7,1,1,1,10
206,1,48,5,28,5,1,4,1,1,1,6,1,5,1,3,4,6,5,2,3,2,-.507406671266396,-.401628457849034,.165195691853675,-.27815803695894,3,6,6,7,7,7,7,1,7,6,7,6,7,7,7,5,5,5,3,5,1,40
214,1,39,30,17,30,1,20,1,6,1,7,5,6,1,3,1,7,6,1,6,7,.350893170676764,.500040728977605,-.612600690624048,.484533354702674,5,5,6,6,6,3,2,1,5,6,7,5,6,6,6,6,6,6,4,7,3,10
219,1,56,18,16,8,1,0,2,2,3,5,1,5,1,2,6,5,6,5,6,5,-2.22400635515272,-1.30329764467567,-.612600690624048,-1.80354082028217,6,6,7,7,7,6,6,1,7,4,7,5,3,5,6,2,2,2,1,2,1,30
225,1,45,4,15,4,1,6,1,7,7,1,1,1,1,1,1,1,1,1,1,1,.350893170676764,-.401628457849034,.165195691853675,-.27815803695894,3,3,5,4,4,4,1,1,4,7,5,4,3,1,1,1,1,2,2,2,1,50
226,1,32,6,19,6,1,1,1,4,3,6,1,4,1,6,1,6,7,1,6,6,.350893170676764,.500040728977605,.942992074331398,.484533354702674,5,5,5,3,5,5,2,5,7,6,7,3,3,3,4,5,3,3,5,4,2,45
238,1,25,1,21,1,1,1,7,2,1,6,7,6,5,7,6,5,6,7,6,5,1.20919301261993,1.40170991580424,2.49858483928684,1.24722474636429,6,6,7,3,5,6,7,6,5,7,1,1,7,7,7,7,7,6,7,6,2,40
246,1,37,3,15,5,1,2,1,3,2,4,1,5,1,3,1,5,4,1,6,3,.350893170676764,.500040728977605,.942992074331398,.484533354702674,5,5,5,5,6,7,2,4,6,5,7,5,7,6,6,2,2,2,2,2,1, 
255,1,29,3,17,2,1,3,1,4,2,3,1,7,1,5,1,4,7,1,7,1,-.507406671266396,-.401628457849034,.165195691853675,-1.04084942862055,7,7,7,7,7,7,5,3,7,7,7,5,7,7,7,7,7,7,5,1,1,45
267,1,34,4,23,1,1,4,1,3,2,6,3,7,3,5,2,7,7,3,7,5,.350893170676764,.500040728977605,-1.39039707310177,-1.04084942862055,5,6,6,6,5,7,1,5,7,7,7,6,5,1,5,5,1,5,5,6,1,40
270,1,30,3,19,3,1,8,4,3,3,6,6,6,5,5,4,6,6,6,6,6,.350893170676764,-.401628457849034,.942992074331398,1.24722474636429,6,5,5,4,4,3,6,6,5,4,6,6,6,6,5,5,5,5,5,2,2,20
278,1,45,20,15,11,1,6,5,1,2,4,3,6,3,1,4,3,5,3,5,4,-.507406671266396,.500040728977605,-.612600690624048,-.27815803695894,3,5,5,5,5,3,7,1,7,6,7,4,3,3,3,6,6,6,3,5,1,20
281,1,32,10,19,8,1,0,5,3,2,3,3,5,3,4,4,4,3,2,5,4,-1.36570651320956,-1.30329764467567,-.612600690624048,.484533354702674,3,6,4,5,7,4,3,5,5,3,6,5,5,4,4,7,7,7,5,4,1,30
284,1,40,10,16,8,1,3,2,5,2,4,1,4,1,3,1,3,6,1,5,4,-.507406671266396,-.401628457849034,-.612600690624048,-.27815803695894,6,7,4,6,7,5,7,7,7,7,7,6,7,7,7,6,6,6,6,6,1,10
289,1,44,2,29,1,1,1,6,3,2,5,4,5,6,7,6,5,6,1,1,1,.350893170676764,-1.30329764467567,-.612600690624048,.484533354702674,5,6,7,7,7,6,7,6,7,7,6,7,7,6,7,4,6,7,6,5,1,25
303,1,62,4,17,12,0,0,2,3,3,1,1,4,1,4,1,1,5,2,5,5,-2.22400635515272,-2.20496683150231,-1.39039707310177,-1.80354082028217,4,3,5,5,4,7,1,1,3,1,7,7,5,4,6,4,5,5,2,1,1,35
305,1,31,2,27,1,1,1,2,6,7,2,2,4,1,1,2,2,6,1,6,5,-2.22400635515272,-1.30329764467567,-.612600690624048,-.27815803695894,5,6,4,5,6,5,6,5,6,5,2,4,5,5,6,5,5,6,4,5,2,45
326,0,45,2,25,1,1,10,1,7,7,4,4,5,1,1,1,1,5,1,5,2,.350893170676764,.500040728977605,-.612600690624048,-.27815803695894,5,6,6,7,6,6,6,6,7,6,7,7,6,5,6,6,6,6,5,5,1,20
353,0,34,6,16,6,1,15,1,4,3,6,1,5,4,5,3,6,6,3,7,5,.350893170676764,.500040728977605,.942992074331398,.484533354702674,5,6,3,6,5,3,6,6,7,7,5,2,5,5,5,4,3,6,3,2,3,60
368,0,32,1,26,1,1,35,5,2,3,6,5,5,5,5,6,5,6,5,5,6,.350893170676764,.500040728977605,-.612600690624048,.484533354702674,6,7,6,6,6,7,6,7,6,7,6,7,6,6,6,7,6,6,7,6,2,20
393,0,40,8,21,5,1,10,1,6,2,6,1,6,2,2,1,6,5,1,5,5,.350893170676764,.500040728977605,-.612600690624048,.484533354702674,7,7,5,6,7,5,7,7,7,7,7,7,7,6,6,5,5,5,2,2,2,50
395,0,33,3,8,3,2,1,3,4,2,2,2,7,2,6,6, ,6,5,7,2,.350893170676764,1.40170991580424,-.612600690624048,.484533354702674,5,6,5,6,5,6,2,2,2,7,3,6,5,5,6,5,6,5,6,6,1,36
38,0,28,3,17,4,1,0,3,3,3,2,4,5,4,1,3,2,5,3,5,6,-2.22400635515272,.500040728977605,1.72078845680912,.484533354702674,3,5,5,3,4,6,6,4,3,5,3,3,3,4,4,5,4,6,4,5,0,50
40,0,31,1,27,1,1,0,5,2,3,4,4,5,5,3,2,1,1,2,1,2,.350893170676764,.500040728977605,.942992074331398,1.24722474636429,5,4,5,5,4,5,5,6,6,6,5,6,5,5,6,5,5,4,5,5,3,80
49,0,36,30,18,5,5,3,7,2,1,6,1,1,1,5,3,6,6,7,6,7,1.20919301261993,1.40170991580424,1.72078845680912,2.0099161380259,5,4,3,3,2,2,7,7,6,6,6,6,5,6,5,6,5,5,6,2,1,50
50,0,23,3,17,2,1,14,5,2,5,5,5,3,5,5,5,5,4,4,5,5,-1.36570651320956,.500040728977605,1.72078845680912,1.24722474636429,5,5,6,3,6,5,5,5,5,3,3,6,5,4,4,5,5,4,4,5,3,60
72,0,29,2,28,1,1,1,6,3,2,7,5,6,7,5,6,7,5,6,5,6,-1.36570651320956,.500040728977605,.942992074331398,.484533354702674,6,5,6,4,5,4,5,6,5,7,5,6,5,6,7,6,5,6,6,7,0,65
92,0,34,5,16,20,0,0,4,1,1,7,1,7,1,1,1,7,7,1,7,4,1.20919301261993,1.40170991580424,1.72078845680912,.484533354702674,2,6,6,6,6,6,2,3,4,7,2,1,4,4,3,6,6,6,2,1,0,55
106,0,29,5,15,5,1,30,6,3,3,6,6,7,5,3,3,4,5,5,5,4,1.20919301261993,1.40170991580424,1.72078845680912,2.0099161380259,4,5,5,3,4,4,5,5,6,6,5,6,5,5,4,4,6,7,5,5,2,30
123,1,24,1,23,1,1,1,6,3,5,4,5,3,4,5,3,5,6,4,2,4,.350893170676764,.500040728977605,.165195691853675,-1.04084942862055,6,4,3,4,5,6,5,3,4,5,6,5,3,4,5,4,6,5,3,4,0,30
132,1,24,1,21,1,1,1,7,1,3,4,5,5,4,4,4,4,5,4,5,5,.350893170676764,1.40170991580424,.165195691853675,.484533354702674,6,6,5,4,6,5,6,4,6,7,5,7,7,5,6,6,6,5,7,5,0,56
200,1,31,3, ,1,1,1,6,3,2,5,7,6,5,6,5,7,6,7,7,5,1.20919301261993,1.40170991580424,1.72078845680912,2.0099161380259,6,6,6,4,7,6,6,5,7,6,6,6,7,5,7,6,6,5,5,6,5,25
215,1,58,10,17,10,0,0,2,4,3,5,4,4,4,4,4,4,4,4,4,4,-1.36570651320956,-.401628457849034,.165195691853675,-.27815803695894,4,4,4,4,4,3,3,3,3,3,4,3,4,4,4,3,3,3,3,4,0,80
217,1,28,5,18,5,3,4,7,2,1,6,6,7,6,7,6,5,6,5,6,6,.350893170676764,2.30337910263088,1.72078845680912,2.0099161380259,7,6,7,6,7,7,6,6,6,7,7,6,7,6,6,7,7,6,6,7,3,50
236,1,27, ,27,1,1,3,5,6,2,5,3,4,5,5,2,6,5,6,6,7,-.507406671266396,-1.30329764467567,.942992074331398,.484533354702674,5,4,6,6,5,7,6,4,6,6,6,5,7,6,4,6,7,5,6,6,1,2
241,1,27,1,24,1,1,1,6,1,3,6,4,6,5,5,5,5,4,5,5,4,-.507406671266396,.500040728977605,2.49858483928684,1.24722474636429,6,4,4,4,5,4,4,5,5,5,4,5,5,5,5,4,5,5,5,5,0,72
272,1,29,2,20,2,2,2,3,3,2,6,5,5,5,2,4,3,3,5,5,6,-.507406671266396,.500040728977605,.942992074331398,-.27815803695894,5,6,6,6,5,5,4,5,6,5,5,6,6,5,6,6,7,6,5,5,1,30
325,0,25,3,20,2,3,2,6,3,4,6,7,5,4,7,5,4,6,7,4,6,-.507406671266396,-.401628457849034,.942992074331398,1.24722474636429,5,7,5,4,6,7,5,4,6,5,6,5,4,6,7,6,4,6,5,7,0,50
344,0,30,2,18,3,1,1,5,4,5,3,5,5,3,3,4,5,4,3,3,5,-.507406671266396,-.401628457849034,.165195691853675,.484533354702674,6,5,4,3,4,5,5,4,3,4,5,4,3,4,5,4,3,4,5,4,1,70
376,0,28,3,22,2,1,1,5,6,4,5,5,5,3,4,5,5,3,5,3,6,.350893170676764,.500040728977605,.942992074331398,.484533354702674,6,4,5,5,4,5,3,5,6,4,6,4,4,5,3,5,3,3,5,4,1,50
379,0,27,3,16,7,6,8,1,7,1,1,4,7,4,2,4,4,4,4,2,2,.350893170676764,.500040728977605,-1.39039707310177,.484533354702674,5,6,6,7,7,1,7,1,4,7,7,1,7,7,7,6,6,6,4,4,1,60
384,0,29,1,18,1,1,1,6,4,4,5,4,7,6,4,6,5,3,5,5,3,.350893170676764,.500040728977605,.942992074331398,-.27815803695894,6,5,4,7,6,6,4,6,5,7,6,4,5,2,6,5,5,7,6,6,1,80
30,0,35,4,14,1,1,0,1,4,4,4,1,6,1,1,1,4,4,1,1,4,1.20919301261993,.500040728977605,.942992074331398,-.27815803695894,4,6,5,4,5,6,6,4,4,6,4,2,5,6,6,6,6,6,6,4,2,40
35,0,42,1,30,1,1,0,4,3,7,1,4,4,4,5,1,1,7,1,7,1,-2.22400635515272,-2.20496683150231,-.612600690624048,-.27815803695894,5,5,2,5,7,5,5,6,5,5,5,5,6,5,5,5,4,4,5,4, , 
115,0,36,5,17,5,1,1,7,6,1,6,7,6,6,5,7,4,7,5,7,4,.350893170676764,.500040728977605,1.72078845680912,.484533354702674,5,6,3,6,4,6,4,7,6,5,6,5,5,6,4,5,4,6,4,5,0,50
129,1,41,4,18,2,0,0,4,1,2,4,3,6,2,3,6,4,6,2,6,5,-1.36570651320956,-1.30329764467567,-.612600690624048,-1.04084942862055,4,6,7,6,7,7,7,7,4,5,7,6,7,7,7,5,5,5,5,7,0, 
140,1,44,3,16,3,1,0,1,7,3,1,1,6,1,1,1,1,7,1,6,1,-1.36570651320956,-.401628457849034,-1.39039707310177,-.27815803695894,5,6,6,6,2,7,7,7,1,6,1,7,5,5,5,7,7,7,5,1,0,25
183,1,58,3,18, ,0,2,1,7,1,5,1,6,1,1,1,5,7,1,7,7,-1.36570651320956,-1.30329764467567,-.612600690624048,.484533354702674,7,7,7,7,7,3,2,4,4,7,1,7,1,1,7,7,7,7,7,7,0,0
197,1,41,6,17,5,1,2,2,2,2,2,2,6,2,2,4,3,6,3,6,3,.350893170676764,.500040728977605,-.612600690624048,-.27815803695894,6,6,7,6,6,3,6,6,4,6,5,5,7,7,7,7,7,7,7,4,0,20
315,0,29,10,26,1,1,4,1,4,2,3,5,3,5,3,7,5,3,5,4,6,1.20919301261993,.500040728977605,.165195691853675,1.24722474636429,2,6,3,6,5,7,5,7,3,5,3,6,4,5,7,6,3,4,6,5,10,50
351,0,30,1,16,2,2,2,5,2,4,4,4,5,5,3,5,6,6,5,5,5,-.507406671266396,-.401628457849034,.165195691853675,-1.04084942862055,6,6,7,7,6,5,5,5,7,6,6,7,7,7,6,6,7,7,7,6,1,32
21,0,30,5,14,25,1,7,4,4,4,4,4,6,4,4,4,4,5,4,6,5,.350893170676764,.500040728977605,-1.39039707310177,-.27815803695894,5,5,5,6,6,6,6,4,6,6,6,6,6,6,6,6,6,6,5,4,2,40
23,0,30,1,28,1,0,0,1,1,3,2,1,5,1,1,1,2,6,1,5,6,.350893170676764,.500040728977605,.942992074331398,-.27815803695894,5,7,5,2,5,6,2,2,4,5,6,7,6,3,1,5,7,5,1,1,0,20
25,0,25,2,25,2,2,3,6,3,5,6,6,7,6,7,6,5,6,5,6,6,1.20919301261993,.500040728977605,.165195691853675,1.24722474636429,5,6,2,7,6,2,6,5,5,7,5,6,5,5,5,6,6,6,5,6,2,20
27,0,24,6,18,8,3,12,5,2,1,6,2,7,2,6,5,6,7,5,6,5,1.20919301261993,.500040728977605,.942992074331398,1.24722474636429,5,7,6,7,5,3,7,5,4,7,2,3,5,6,6,7,6,7,7,2,0,30
29,0,35,3,15,3,1,6,1,1,1,1,1,7,1,7,1,1,7,1,7,1,.350893170676764,.500040728977605,-.612600690624048,-1.04084942862055,7,7,7,7,7,7,7,7,4,7,7,1,7,7,7,5,5,5,3,1,0,80
32,0,34,55,11,160,4,25,7,4,4,7,2,4,6,7,7,7,4,3,4,4,.350893170676764,.500040728977605,-1.39039707310177,1.24722474636429,4,5,2,7,7,6,2,2,4,4,1,1,1,1,1,1,1,1,1,1,0,40
36,0,49,10,16,20,1,2,6,3,4,5,5,5,5,6,5,5,5,4,6,6,.350893170676764,.500040728977605,.942992074331398,.484533354702674,6,6,7,6,7,5,6,5,4,5,6,3,6,5,6,7,5,5,3,2,1,35
37,0,34,10,17,15,1,8,7,1,2,7,4,7,4,7,6,7,7,4,5,6,1.20919301261993,.500040728977605,-.612600690624048,.484533354702674,6,6,5,6,7,3,7,7,4,7,3,1,7,7,6,7,6,6,3,5,2,30
48,0,65,5,17,200,3,2,5,1,1,4,1,5,2,6,4,3,4,4,4,5,.350893170676764,-.401628457849034,.165195691853675,.484533354702674,7,7,6,7,7,6,6,6,1,6,6,1,1,1,1,2,2,2,1,1,0,15
52,0,32,7,17,12,1,15,5,2,2,5,3,6,4,2,4,6,6,4,6,4,.350893170676764,.500040728977605,.942992074331398,.484533354702674,6,6,4,6,6,5,6,6,4,7,6,5,6,6,6,5,5,5,4,1,1,60
53,0,40,15,18,23,1,9,3,1,3,1,1,7,1,2,2,1,5,1,5,3,1.20919301261993,.500040728977605,.942992074331398,1.24722474636429,6,6,7,5,7,4,7,7,4,7,7,2,7,7,7,6,3,5,4,4,0,45
55,0,40,7,25,4,0,0,4,4,1,7,1,6,1,2,2,7,7,1,7,4,.350893170676764,1.40170991580424,1.72078845680912,-.27815803695894,5,6,4,7,6,6,7,7,4,7,5,7,7,7,7,6,5,6,2,4,0, 
56,0,34,10,17,18,1,2,2,2,2,2,3,5,4,4,1,2,6,1,4,6,-.507406671266396,.500040728977605,.942992074331398,-.27815803695894,5,5,4,3,5,5,5,1,4,6,4,4,7,6,5,6,5,5,5,7,3,54
57,0,22,9,14,4,0,0,2,1,3,5,5,6,2,2,6,5,5,2,6,3,1.20919301261993,-1.30329764467567,.165195691853675,.484533354702674,5,6,6,6,5,3,5,3,4,4,7,6,3,5,3,3,3,3,2,1,2,100
58,0,45,20,12,25,1,12,2,3,3,6,1,6,1,5,1,7,7,1,7,5,1.20919301261993,.500040728977605,.942992074331398,.484533354702674,6,5,3,5,6,5,2,1,3,5,7,6,4,3,3,5,5,5,2,1,1,0
64,0,46,7,20,10,1,4,4,4,4,4,4,4,4,4,4,4,4,4,4,4,-.507406671266396,-.401628457849034,.165195691853675,-.27815803695894,4,4,4,4,4,4,4,4,4,4,4,4,4,4,4,4,4,4,4,4,0,30
66,0,36,5,23,2,0,0,1,2,3,5,1,4,1,2,1,5,4,1,3,3,.350893170676764,.500040728977605,.942992074331398,-.27815803695894,3,5,3,4,6,6,6,5,4,4,7,5,7,7,6,6,6,6,3,4,0,50
76,0,30,5,16,16,1,10,2,6,2,6,2,6,2,6,5,6,7,4,6,6,1.20919301261993,.500040728977605,.165195691853675,.484533354702674,6,6,7,7,7,2,7,7,4,7,5,1,7,7,7,7,7,7,6,5,2,60
77,0,25,4,19,2,1,2,6,4,5,6,5,6,5,4,6,3,4,5,5,2,-1.36570651320956,.500040728977605,.942992074331398,1.24722474636429,5,4,3,5,6,5,4,3,5,6,5,3,3,5,6,6,4,5,3,5,2,40
78,0,34,2,21,2,0,0,3,5,3,6,2,3,3,3,2,5,4,2,4,2,1.20919301261993,1.40170991580424,1.72078845680912,-.27815803695894,5,5,3,5,6,5,6,4,4,4,4,2,3,2,2,3,2,2,1,1,2,40
79,0,27,4,18,10,2,15,6,4,1,7,1,7,1,6,7,7,7,4,7,7,.350893170676764,.500040728977605,-1.39039707310177,1.24722474636429,7,7,6,7,5,4,7,1,4,7,1,4,7,7,7,7,7,7,4,1,3,50
81,0,33,3,17,3,1,4,4,3,5,3,2,2,4,4,2,1,4,5,5,3,.350893170676764,1.40170991580424,.942992074331398,.484533354702674,4,3,2,4,6,5,4,3,2,4,4,3,5,4,3,1,3,4,5,3,1,60
84,0,36,4,21,4,1,20,1,1,1,1,1,7,1,1,1,1,7,1,7,1,1.20919301261993,.500040728977605,.165195691853675,1.24722474636429,7,7,7,7,7,4,7,1,7,7,7,4,1,1,1,6,6,6,6,1,1,90
87,0,45,16,17,16,1,0,1,1,1,3,1,5,1,4,1,2,7,1,6,1,.350893170676764,.500040728977605,.942992074331398,-.27815803695894,6,6,7,7,7,5,4,4,4,7,7,5,4,4,4,6,6,7,6,4,0,40
88,0,27,2,16,1,2,1,4,2,5,5,5,3,3,6,3,6,3,5,3,6,-1.36570651320956,1.40170991580424,.165195691853675,.484533354702674,3,7,3,6,3,6,5,2,6,4,3,6,4,1,6,3,3,6,2,5,0,50
89,0,36,10,15,50,3,20,1,1,1,5,1,6,1,1,4,5,7,1,7,5,1.20919301261993,1.40170991580424,-.612600690624048,1.24722474636429,6,7,7,7,7,1,7,7,1,7,6,1,7,7,7,7,7,7,5,1,2,60
91,0,26,3,18,5,1,4,5,1,2,7,7,6,6,5,4,7,6,6,7,7,1.20919301261993,.500040728977605,.942992074331398,.484533354702674,7,7,7,7,7,7,7,7,7,7,7,6,7,7,7,7,7,7,7,7,2,100
94,0,32,3,18,3,1,5,2,7,6,2,1,3,2,2,1,2,2,1,1,3,-.507406671266396,1.40170991580424,1.72078845680912,-.27815803695894,5,4,4,6,6,4,6,5,4,5,5,4,4,5,3,3,4,6,5,1,0,30
97,0,67,20,17,12,1,2,1,7,2,6,1,6,1,1,1,6,6,1,6,6,-.507406671266396,-1.30329764467567,-.612600690624048,-.27815803695894,6,7,7,6,5,3,1,1,6,7,7,6,1,1,1,1,1,1,1,1,0,23
99,0,32,5,15,4,1,0,2,1,1,6,4,6,4,2,2,6,6,6,7,6,-.507406671266396,-1.30329764467567,-.612600690624048,-.27815803695894,7,7,6,7,7,6,7,7,4,6,7,6,2,6,6,1,6,6,5,5,1,30
103,0,33,15,15,9,1,25,1,7,2,2,1,5,1,2,1,4,6,1,5,5,1.20919301261993,.500040728977605,-.612600690624048,1.24722474636429,5,5,5,6,6,6,7,7,4,7,7,5,3,6,6,5,6,6,2,4,2,40
104,0,27,3,19,2,1,3,1,3,2,4,5,6,1,2,4,4,6,1,6,2,-.507406671266396,.500040728977605,.942992074331398,.484533354702674,6,6,5,6,7,7,4,4,4,6,7,7,5,4,4,5,3,3,1,1,2,50
107,0,36,7,16,4,1,7,1,7,7,1,1,1,1,1,1,1,1,1,1,1,.350893170676764,.500040728977605,.942992074331398,-.27815803695894,4,3,3,5,4,4,4,4,4,6,7,6,6,7,6,6,5,6,1,1,0,56
109,0,25,4,19,2,1,5,1,7,1,2,1,5,1,1,1,2,7,1,7,3,.350893170676764,-.401628457849034,-1.39039707310177,-.27815803695894,5,6,6,5,5,5,6,6,6,6,7,7,7,7,7,5,5,4,4,1,1,200
113,0,28,2,27,2,1,1,5,2,3,2,5,6,6,7,6,6,4,5,2,3,.350893170676764,.500040728977605,.165195691853675,1.24722474636429,6,7,5,3,7,2,5,5,6,6,6,5,6,7,6,6,4,5,6,5,2,30
114,0,36,8,12,6,1,6,5,3,3,3,3,6,6,6,5,5,5,5,5,6,.350893170676764,.500040728977605,.942992074331398,-.27815803695894,5,6,6,5,4,3,3,2,2,5,2,1,2,4,3,4,3,4,1,1,2,50
119,0,38,10,15,15,2,6,4,3,4,2,4,6,3,4,2,2,4,2,5,3,.350893170676764,-.401628457849034,.165195691853675,.484533354702674,5,6,6,7,6,2,7,2,4,7,7,3,7,6,6,7,6,6,4,4,0,30
120,0,57,6,18,10,0,0,6,2,3,7,2,3,5,6,2,7,5,1,7,5,.350893170676764,-.401628457849034,.165195691853675,.484533354702674,5,6,6,6,7,5,6,2,4,6,3,1,6,5,5,5,5,5,6,6,0,20
121,0,26,12,15,13,1,0,6,2,1,7,7,7,4,7,6,7,7,5,7,6,1.20919301261993,.500040728977605,.942992074331398,2.0099161380259,6,6,7,7,6,2,7,5,1,5,7,1,6,7,7,7,7,7,5,1,1,50
131,1,29,1,20,11,1,0,1,1,1,1,1,7,1,2,4,1,7,2,7,1,1.20919301261993,-1.30329764467567,.942992074331398,.484533354702674,2,6,1,2,2,4,5,1,1,1,7,1,4,2,4,5,2,7,3,1,2,50
143,1,27,2,22,2,1,9,4,3,3,5,5,5,5,4,4,4,4,4,4,4,.350893170676764,-1.30329764467567,-.612600690624048,-.27815803695894,5,5,5,5,5,2,7,7,4,7,7,7,5,5,5,5,5,5,5,5,2,35
144,1,32,5,17,5,1,30,1,1,1,7,1,7,1,1,7,7,7,7,7,7,1.20919301261993,2.30337910263088,-1.39039707310177,2.0099161380259,5,7,7,7,7,1,1,7,4,7,7,7,7,7,7,7,7,7,5,6,2,45
150,1,33,3,19,5,1,0,5,3,1,2,2,3,2,1,5,2,6,2,6,1,-2.22400635515272,-1.30329764467567,-.612600690624048,-1.80354082028217,5,6,1,5,4,3,1,6,4,5,7,6,7,6,7,2,2,3,2,2,0,5
152,1,36,2,18,2,1,1,2,6,3,5,5,6,6,2,2,6,6,6,6,6,.350893170676764,.500040728977605,-1.39039707310177,-.27815803695894,6,6,6,6,6,6,6,6,6,7,7,7,7,7,7,7,7,7,7,7,0,45
155,1,33,10,16,7,1,2,6,6,3,4,5,7,5,3,5,5,7,3,7,3,1.20919301261993,-1.30329764467567,-1.39039707310177,1.24722474636429,6,7,2,5,5,4,2,6,4,6,7,7,6,3,6,2,5,2,1,3,1,50
156,1,44,6,20,3,1,0,6,1,2,6,2,5,2,5,6,6,7,4,7,6,-.507406671266396,-.401628457849034,.165195691853675,-.27815803695894,1,7,6,7,5,3,1,1,7,7,7,7,2,1,1,7,7,7,5,5,0,50
157,1,42,6,14,6,0,0,6,3,1,1,2,6,3,1,2,1,6,2,4,2,-2.22400635515272,-2.20496683150231,-1.39039707310177,-2.56623221194378,1,6,4,3,5,7,1,7,4,5,7,7,5,3,3,6,3,7,3,1,0,20
158,1,59,5,15,30,1,4,1,4,3,6,1,6,1,4,1,7,7,1,7,6,-.507406671266396,-.401628457849034,.165195691853675,.484533354702674,6,6,6,7,7, ,6,4,7,7,7,5,7,7,7,7,7,7,5,1,0,20
169,1,26,6,15,2,1,4,7,1,1,7,7,7,7,7,7,7,7,7,7,7,1.20919301261993,.500040728977605,.942992074331398,1.24722474636429,7,7,7,7,7,7,7,7,7,7,7,7,7,7,7,7,7,7,7,7,3,30
172,1,27,1,20,1,1,4,2,7,3,6,2,6,2,3,2,6,6,2,7,6,-.507406671266396,-1.30329764467567,-1.39039707310177,-1.04084942862055,5,5,6,5,7,5,7,7,4,7,2,7,5,5,6,3,3,5,2,4,2, 
174,1,21,12,14,5,2,3, , , , , , , , , , , , , , ,.350893170676764,.500040728977605,.942992074331398,-.27815803695894,3,5,2,2,6,5,1,3,4,7,6,2,3,3,2,5,6,6,1,4,0,60
175,1,49,14,14,33,1,0,4,3,2,7,1,7,1,3,2,4,7,2,7,6,1.20919301261993,1.40170991580424,1.72078845680912,1.24722474636429,6,6,6,7,7,6,6,6,4,6,7,7,5,3,3,7,7,7,7,1,2,50
191,1,37,6,20,6,1,20,1,7,2,6,1,6,1,1,1,6,7,1,7,1,.350893170676764,.500040728977605,-.612600690624048,-.27815803695894,5,6,6,7,6,5,7,1,4,7,7,7,7,5,7,4,4,6,4,7,1,30
194,1,56,20,15,25,0,0,3,2,2,2,2,6,2,2,5,2,5,4,6,5,-1.36570651320956,-1.30329764467567,-.612600690624048,-.27815803695894,5,5,5,5,5,5,3,6,7,4,7,4,4,4,4,5,5,5,5,3, , 
195,1,25,1,24,4,1,0,1,7,1,7,1,7,1,6,1,7,7,1,7,5,-1.36570651320956,-2.20496683150231,.165195691853675,-1.04084942862055,2,3,1,2,3,3,7,4,4,4,7,3,2,5,5,5,5,5,2,4,0, 
198,1,34,5,17,32,3,1,4,1,2,7,4,7,6,6,5,6,7,6,5,6,.350893170676764,.500040728977605,.942992074331398,.484533354702674,6,7,4,7,7,7,7,5,4,6,7,3,6,6,6,7,7,7,7,4,0,50
204,1,42,4,21,4,1,30,1,1,2,6,1,7,1,1,1,6,5,1,5,6,-.507406671266396,-1.30329764467567,-1.39039707310177,2.0099161380259,5,4,7,7,5,7,7,7,4,7,7,7,7,7,7,7,7,7,4,7,0,30
205,1,48,5,16,21,1,1,2,5,2,5,1,6,1,2,1,5,6,1,4,4,-.507406671266396,-.401628457849034,-.612600690624048,-1.04084942862055,5,5,5,5,5,6,4,5,4,7,7,5,3,5,6,3,5,6,2,1,0,20
207,1,41,6,15,65,1,0,2,1,6,1,5,7,2,5,7,2,5,2,3,1,.350893170676764,.500040728977605,.942992074331398,.484533354702674,6,6,2,7,7,3,5,7,4,4,3,1,1,5,5,2,5,5,1,1,0,35
213,1,45,3,24,17,1,4,1,7,7,1,1,5,1,1,1,2,4,1,4,1,.350893170676764,.500040728977605,.165195691853675,.484533354702674,3,6,2,3,7,6,5,7,4,5,7,3,5,5,6,5,7,6,2,1,0,45
216,1,32,2,23,5,1,2,2,2,2,6,2,6,2,6,2,6,6,2,6,2,1.20919301261993,-1.30329764467567,-.612600690624048,1.24722474636429,6,6,6,2,6,6,6,2,4,7,7,1,6,6,6,1,1,1,1,4,0,60
221,1,39,3,17,3,1,20,3,6,3,3,2,6,3,2,3,5,2,3,6,2,1.20919301261993,.500040728977605,-.612600690624048,-.27815803695894,5,6,4,6,5,4,7,7,7,7,7,6,7,4,3,6,5,6,3,2,2,50
222,1,26,4,16,4,1,1,2,7,3,6,2,6,2,2,2,6,7,2,7,6,.350893170676764,.500040728977605,-.612600690624048,.484533354702674,6,7,6,7,7,5,2,1,4,7,7,5,3,2,2,6,6,5,2,2,1,50
223,1,26,3,21,4,1,10,6,3,3,6,6,5,4,4,6,6,5,4,4,5,.350893170676764,.500040728977605,-1.39039707310177,.484533354702674,5,6,6,5,4,4,3,3,5,5,5,5,5,4,5,6,6,5,5,4,3,80
230,1,34,3,23,2,1,2,2,6,2,5,2,3,2,1,1,1,6,1,6,1,.350893170676764,-.401628457849034,.165195691853675,-.27815803695894,6,6,6,6,6,6,1,2,4,6,6,6,5,5,5,5,5,5,5,7,3,40
233,1,34,7,23,7,1,4,1,4,2,7,1,7,1,4,1,7,7,1,7,5,-.507406671266396,-.401628457849034,-1.39039707310177,-.27815803695894,5,7,5,7,7,6,2,7,4,7,7,6,7,7,7,7,7,7,5,6,2,40
234,1,25,1,20,1,0,0,2,3,3,6,1,6,1,3,5,6,6,5,6,5,.350893170676764,-2.20496683150231,-1.39039707310177,-1.80354082028217,3,6,5,2,6,6,7,7,4,4,6,2,7,7,6,3,2,2,3,1,0,50
235,1,29,6,17,10,1,5,2,5,3,6,5,5,2,5,5,6,6,5,6,5,-.507406671266396,-.401628457849034,-.612600690624048,-1.04084942862055,5,6,5,5,6,5,3,5,4,6,7,5,5,5,5,3,3,3,2,2,0,50
237,1,28,3,15,3,1,6,1,6,3,5,3,4,2,2,2,6,7,2,6,5,.350893170676764,.500040728977605,.942992074331398,-.27815803695894,5,6,5,5,6,3,5,2,4,6,7,6,6,5,5,6,5,6,5,5,2,50
242,1,29,1,17,2,2,5,2,4,2,4,1,4,1,1,1,4,4,1,4,5,.350893170676764,-1.30329764467567,.165195691853675,1.24722474636429,4,5,6,5,3,5,5,5,4,6,5,7,7,6,5,6,5,5,4,4,3,60
245,1,31,1,16,1,1,1,2,3,6,2,4,2,6,3,6,4,3,2,5,6,.350893170676764,-.401628457849034,.165195691853675,-1.04084942862055,2,5,2,5,6,6,4,6,2,7,2,4,2,5,4,2,2,3,5,1,2,40
250,1,47,10,16,20,2,25,1,3,3,4,4,4,4,1,1,1,1,1,1,4,1.20919301261993,1.40170991580424,.942992074331398,2.0099161380259,7,7,7,7,7,7,7,7,7,7,7,7,7,7,7,7,7,7,7,7,0,30
252,1,47,4,13,80,1,3,2,2,3,2,1,3,1,4,3,5,5,1,5,1,-1.36570651320956,-.401628457849034,.165195691853675,-.27815803695894,6,6,6,6,5,6,5,5,4,7,7,1,5,5,5,3,6,6,1,1,0,40
256,1,25,2,16,15,1,1,6,3,2,4,5,6,6,4,7,3,5,6,5,6,-.507406671266396,-1.30329764467567,-.612600690624048,-1.04084942862055,5,6,5,6,6,4,7,7,4,5,6,3,7,7,6,7,7,7,6,1,2,55
262,1,26,6,17,6,1,2,5,1,1,2,2,6,2,1,1,2,7,2,7,6,.350893170676764,-.401628457849034,-1.39039707310177,.484533354702674,6,6,7,7,6,7,6,6,4,6,7,7,7,6,6,7,6,7,4,5,1,60
264,1,34,5,15,3,1,1,6,2,2,3,6,6,6,6,6,4,6,6,6,6,1.20919301261993,2.30337910263088,2.49858483928684,1.24722474636429,6,7,6,7,6,5,6,7,7,7,7,7,7,6,7,7,7,7,7,7,3,10
265,1,33,1,25,1,1,5,3,3,3,5,3,4,3,3,3,4,5,3,4,3,.350893170676764,.500040728977605,.942992074331398,-.27815803695894,6,6,4,4,5,3,5,5,1,5,7,7,7,7,7,7,7,7,3,1,0,40
269,1,24,5,16,20,1,4,1,7,4,5,5,6,4,4,5,3,4,5,4,5,-.507406671266396,-.401628457849034,.942992074331398,.484533354702674,5,5,5,5,6,5,4,5,6,4,5,4,5,3,4,5,5,4,5,4,0,0
271,1,32,11,18,11,1,8,1,4,5,2,1,6,1,5,1,2,7,1,7,2,.350893170676764,.500040728977605,-1.39039707310177,-.27815803695894,6,6,5,7,6,7,6,6,4,7,7,6,5,5,5,3,3,3,2,1,0,68
277,1,24,2,17,2,1,1,3,6,6,3,4,3,2,4,3,2,4,3,3,4,.350893170676764,.500040728977605,.942992074331398,-.27815803695894,3,4,2,4,3,2,3,5,3,3,3,2,5,2,3,3,2,4,3,2,0,60
282,1,34,3,14,4,1,0,1,1,3,7,1,5,1,2,1,7,6,1,5,7,.350893170676764,-.401628457849034,.942992074331398,-.27815803695894,5,5,3,5,7,7,3,7,4,7,7,1,7,5,6,3,3,2,1,1,0,40
283,1,35,0,20,3,1,30,6,4,1,1,1,7,1,1,5,1,7,1,7,2,.350893170676764,.500040728977605,-1.39039707310177,.484533354702674,5,7,5,6,7,2,7,5,4,7,7,7,7,7,7,6,6,6,5,7,2,100
285,1,25,3,20,3,1,20,3,1,1,7,1,7,1,1,1,7,7,2,4,1,1.20919301261993,.500040728977605,.942992074331398,.484533354702674,3,6,3,6,7,6,6,6,1,6,6,1,5,6,6,6,6,6,6,6,0,40
293,1,36,7,12,7,0,0,2,1,3,5,2,5,4,3,5,5,3,5,3,5,-1.36570651320956,-1.30329764467567,-.612600690624048,-1.80354082028217,6,6,5,5,7,7,7,2,4,4,7,7,7,7,7,6,6,6,3,2,0,20
295,1,44,6,16,6,1,15,5,2,5,2,2,5,2,2,5,2,5,2,5,2,.350893170676764,.500040728977605,.165195691853675,.484533354702674,5,4,6,6,5,7,7,3,4,6,6,2,7,6,6,6,6,6,5,4,0,35
299,1,44,6,17,10,0,0,1,1,1,6,1,5,1,1,1,6,4,1,4,4,-2.22400635515272,-1.30329764467567,-.612600690624048,-2.56623221194378,5,7,5,6,7,5,1,1,4,3,7,7,5,3,7,3,2,7,1,4,0,30
301,1,56,4,21,6,0,0,1,7,7,1,1,1,1,1,1,1,6,1,4,4,.350893170676764,-1.30329764467567,-.612600690624048,-.27815803695894,4,6,6,6,7,6,6,6,4,4,7,7,6,6,6,6,6,6,6,6,0,50
307,0,30,1,28,1,0,0,1,1,3,2,1,5,1,1,1,2,6,1,5,6,.350893170676764,.500040728977605,.942992074331398,-.27815803695894,5,7,5,2,5,6,2,2,4,5,6,7,6,3,1,5,7,5,1,1,0,20
321,0,30,2,24,2,2,2,3,6,7,2,1,2,2,5,5,5,6,6,5,5,1.20919301261993,.500040728977605,.942992074331398,.484533354702674,6,5,7,2,7,3,5,6,6,6,5,6,6,6,6,6,5,6,5,5,0,30
322,0,32,12,21,4,1,18,1,1,1,7,4,7,4,7,4,7,7,1,7,3,1.20919301261993,.500040728977605,.942992074331398,-.27815803695894,1,7,7,1,7,7,7,1,1,7,1,1,7,7,7,7,7,7,1,1,1,60
323,0,33,7,26,5,1,0,2,1,2,7,1,5,1,4,2,7,6,2,6,5,1.20919301261993,1.40170991580424,1.72078845680912,.484533354702674,4,6,2,6,7,5,1,6,4,4,4,6,5,5,5,6,3,3,2,1,2,80
331,0,39,8,19,8,1,0,1,1,2,1,1,6,1,3,1,1,6,1,6,4,.350893170676764,-.401628457849034,.165195691853675,-1.80354082028217,5,5,7,3,3,2,7,7,4,4,1,5,7,7,7,7,7,7,5,5,2,40
335,0,30,5,23,1,1,8,1,7,2,6,4,5,1,1,1,6,6,1,6,2,.350893170676764,.500040728977605,.165195691853675,.484533354702674,5,5,5,6,6,5,6,6,4,7,7,7,6,6,6,6,6,6,6,6,3,50
336,0,34,1,27,1,1,5,6,4,5,4,5,4,3,5,6,4,5,4,5,4,.350893170676764,.500040728977605,.165195691853675,.484533354702674,5,3,3,5,5,4,5,4,3,5,4,5,4,5,5,4,2,5,4,5,0,70
339,0,47,2,28,3,0,0,5,2,2,4,2,4,2,6,2,4,5,2,5,6,.350893170676764,.500040728977605,.942992074331398,-.27815803695894,3,5,3,5,3,7,5,4,4,4,3,5,7,5,5,6,3,3,2,2,0,30
341,0,25,1,21,1,1,1,6,4,3,6,5,5,4,5,6,4,6,4,5,4,-2.22400635515272,-1.30329764467567,-.612600690624048,-.27815803695894,6,5,5,6,5,4,5,6,5,4,6,5,4,5,5,4,5,6,5,4,1,60
342,0,29,7,16,7,1,22,1,1,2,6,1,7,1,6,6,6,7,6,7,7,1.20919301261993,.500040728977605,.165195691853675,1.24722474636429,7,7,7,7,7,2,2,1,4,6,7,3,7,7,7,7,6,6,5,2,1,50
345,0,27,2,22,2,1,1,5,5,3,6,3,3,5,6,4,3,5,4,6,5,-.507406671266396,-.401628457849034,.165195691853675,-.27815803695894,6,3,3,4,5,3,3,4,5,4,6,4,3,5,4,3,5,6,5,3,0,50
347,0,32,5,20,5,1,1,4,4,3,4,5,3,5,4,5,5,4,5,2,5,-.507406671266396,-.401628457849034,.165195691853675,-.27815803695894,4,5,3,5,4,5,4,5,3,4,4,3,3,4,4,3,3,6,4,4,1,70
349,0,32,1,31,1,1,2,4,2,4,5,5,5,4,4,5,6,6,5,5,5,-.507406671266396,-1.30329764467567,-.612600690624048,-.27815803695894,5,6,5,6,6,6,5,4,4,5,5,5,7,7,7,6,6,6,5,5,1,75
350,0,26,1,25,1,1,1,4,4,3,4,5,6,5,5,4,5,5,5,5,5,.350893170676764,-2.20496683150231,.942992074331398,.484533354702674,5,6,6,6,6,5,4,4,4,5,6,7,5,4,4,6,6,6,4,3,2,40
354,0,26,10,13,30,10,5,1,1,1,1,1,7,1,1,5,1,7,6,7,1,.350893170676764,-.401628457849034,-.612600690624048,-.27815803695894,6,7,7,7,7,6,7,7,4,4,6,1,7,7,7,7,7,7,5,5,0,40
363,0,24,2,23,10,5,1,5,3,2,3,2,5,3,5,1,5,2,6,3,5,.350893170676764,-1.30329764467567,.942992074331398,.484533354702674,5,2,6,3,5,3,5,2,5,2,5,2,5,2,5,3,6,4,6,2,0,80
364,0,29,5,17,9,1,3,5,5,4,2,5,3,4,3,3,6,5,3,5,4,-1.36570651320956,.500040728977605,.942992074331398,-.27815803695894,5,5,6,4,5,5,3,2,5,5,5,6,6,4,5,5,3,4,6,5, ,50
366,0,34,3,22,8,1,2,2,4,2,7,5,4,5,2,4,7,7,1,7,6,.350893170676764,-1.30329764467567,-.612600690624048,-1.04084942862055,4,3,6,7,7,5,7,7,4,6,4,1,3,2,2,1,2,2,2,3,2,60
373,0,45,8,17,7,1,7,1,1,1,7,1,7,1,1,4,7,7,1,7,7,.350893170676764,.500040728977605,-1.39039707310177,1.24722474636429,6,6,5,7,7,6,1,7,7,7,7,7,6,5,6,6,6,6,5,6,0,40
374,0,29,10,17,11,0,0,2,2,2,5,6,6,1,4,1,5,7,1,6,2,.350893170676764,-1.30329764467567,-.612600690624048,-.27815803695894,6,7,7,7,6,3,7,2,4,4,7,6,5,5,5,6,6,6,2,2,1,40
378,0,29,6,18,4,1,8,1,3,2,6,1,6,1,5,4,6,6,1,6,6,1.20919301261993,.500040728977605,.942992074331398,-1.04084942862055,5,6,5,6,6,2,7,3,4,7,7,2,7,7,7,4,2,3,2,1,2,80
381,0,31,12,14,10,1,5,1,7,1,7,1,7,1,2,1,7,6,1,6,7,1.20919301261993,.500040728977605,.942992074331398,.484533354702674,6,7,7,6,2,2,7,5,4,7,6,2,6,5,5,6,5,5,2,4,0,40
385,0,27,2,20,2,1,1,1,3,2,5,1,7,1,1,1,6,7,1,6,6,.350893170676764,.500040728977605,-.612600690624048,-.27815803695894,1,6,7,5,6,2,7,7,4,7,1,7,6,6,6,6,6,6,5,5,1,45
387,0,57,22,17,17,1,6,4,3,2,6,4,6,3,3,4,6,6,4,6,6,.350893170676764,-.401628457849034,-1.39039707310177,-.27815803695894,4,5,6,6,5,5,6,6,6,6,6,6,6,6,6,6,5,6,3,2,0,30
388,0,21,1,21,1,1,4,1,7,7,6,4,7,5,7,5,7,7,6,7,1,.350893170676764,1.40170991580424,2.49858483928684,1.24722474636429,7,4,5,3,6,4,5,6,2,7,3,6,3,7,7,7,2,5,4,6,2,40
389,0,29,4,24,3,1,5,1,1,1,7,1,7,1,1,1,7,7,1,7,7,1.20919301261993,.500040728977605,.942992074331398,.484533354702674,7,7,7,7,7,5,6,7,4,7,7,7,7,7,7,7,7,7,4,4,0,5
390,0,38,5,16,5,1,10,5,4,5,5,6,5,2,3,4,2,6,3,3,1,.350893170676764,.500040728977605,.942992074331398,-1.04084942862055,6,6,2,2,5,2,5,1,1,4,6,6,4,4,3,2,2,2,1,1,1,60
392,0,30,5,17,5,1,15,2,2,5,4,1,5,2,5,4,3,4,2,4,4,1.20919301261993,1.40170991580424,.942992074331398,.484533354702674,4,5,6,5,6,5,7,6,4,5,4,4,5,5,5,4,5,4,4,2,1,60
397,0,25,2,19,1,1,3,6,3,2,5,6,5,6,6,4,4,4,5,4,5,1.20919301261993,2.30337910263088,2.49858483928684,2.0099161380259,6,6,5,6,6,5,6,6,5,6,5,5,5,6,5,6,5,5,6,5,3,40
399,0,35,12,17,18,2,0,1,1,3,5,6,5,4,6,3,5,6,3,5,3,1.20919301261993,1.40170991580424,1.72078845680912,2.0099161380259,6,6,6,6,5,5,6,1,7,7,3,1,3,3,3,6,6,6,2,4,2,40
