ParticipantID,SEX,ParticipantAge,PartnerNumber,HadSex,AgeSex,ParticipantLifetimeSexPartners,PastYearSexPartners,PastMonthSex,MMS1,MMS2,MMS3,MMS4,MMS5,MMS6,MMS7,MMS8,MMS9,MMS10,MMS11,MMS12,MMS13,MMS14,ZSDQ1,ZSDQ2,ZSDQ3,ZSDQ4,MiniK1,MiniK2,MiniK3,MiniK4,MiniK5,MiniK6,MiniK7,MiniK8,MiniK9,MiniK10,MiniK11,MiniK12,MiniK13,MiniK14,MiniK15,MiniK16,MiniK17,MiniK18,MiniK19,MiniK20,NumberChildrenExp,LHYearsLeftToLiv
38,0,28,3,1,17,4,1,0,3,5,5,2,4,5,4,1,3,2,5,3,5,6,-2.11438963978465,.538352118707369,1.74956561300156,.504442937912773,3,3,3,3,4,6,6,4,3,5,3,3,3,4,4,5,4,6,4,5,0,50
40,0,31,1,1,27,1,1,0,5,6,5,4,4,5,5,3,2,1,1,2,1,2,.394169620347785,.538352118707369,.964833977758214,1.26317473387174,5,4,3,5,4,5,5,6,6,6,5,6,5,5,6,5,5,4,5,5,3,80
44,0,29,5,1,18,4,2,5,7,5,5,5,3,6,3,5,4,6,4,6,4,6,.394169620347785,.538352118707369,.964833977758214,-.254288858046192,6,2,3,7,4,6,6,5,7,5,5,6,6,5,7,6,5,6,7,6,2,50
49,0,36,30,1,18,5,5,3,7,6,7,6,1,1,1,5,3,6,6,7,6,7,1.23035604039193,1.42590561171141,1.74956561300156,2.0219065298307,5,4,5,3,2,2,7,7,6,6,6,6,5,6,5,6,5,5,6,2,1,50
50,0,23,3,1,17,2,1,14,5,6,3,5,5,3,5,5,5,5,4,4,5,5,-1.27820321974051,.538352118707369,1.74956561300156,1.26317473387174,5,3,2,3,6,5,5,5,5,3,3,6,5,4,4,5,5,4,4,5,3,60
51,0,27,0,2, ,1,1,0,4,4,3,3,2,3,2,3,3,3,2,3,3,2,.394169620347785,-.349201374296671,-.604629292728481,-1.77175244996412,5,3,2,4,7,4,5,5,6,7,5,5,4,6,6,6,5,2,3,5,0,70
67,0,37,2,1,21,2,2,10,6,2,4,6,7,5,6,7,6,6,7,3,6,7,.394169620347785,-.349201374296671,.964833977758214,.504442937912773,6,3,3,6,7,5,6,6,3,5,5,6,6,4,3,6,7,7,5,6,2,5
72,0,29,2,1,28,1,1,1,6,5,6,7,5,6,7,5,6,7,5,6,5,6,-1.27820321974051,.538352118707369,.964833977758214,.504442937912773,6,3,2,4,5,4,5,6,5,7,5,6,5,6,7,6,5,6,6,7,0,65
92,0,34,5,1,16,20,0,0,4,7,7,7,1,7,1,1,1,7,7,1,7,4,1.23035604039193,1.42590561171141,1.74956561300156,.504442937912773,2,2,2,6,6,6,2,3,4,7,2,1,4,4,3,6,6,6,2,1,0,55
102,0,49,6,1,21,4,4,100,6,5,4,5,4,5,4,5,4,5,4,5,4,5,-.44201679969636,.538352118707369,.964833977758214,.504442937912773,5,4,3,4,5,4,5,4,5,4,5,4,5,4,4,5,4,5,4,5,6,115
106,0,29,5,1,15,5,1,30,6,5,5,6,6,7,5,3,3,4,5,5,5,4,1.23035604039193,1.42590561171141,1.74956561300156,2.0219065298307,4,3,3,3,4,4,5,5,6,6,5,6,5,5,4,4,6,7,5,5,2,30
123,1,24,1,1,23,1,1,1,6,5,3,4,5,3,4,5,3,5,6,4,2,4,.394169620347785,.538352118707369,.180102342514866,-1.01302065400516,6,4,5,4,5,6,5,3,4,5,6,5,3,4,5,4,6,5,3,4,0,30
132,1,24,1,1,21,1,1,1,7,7,5,4,5,5,4,4,4,4,5,4,5,5,.394169620347785,1.42590561171141,.180102342514866,.504442937912773,6,2,3,4,6,5,6,4,6,7,5,7,7,5,6,6,6,5,7,5,0,56
161,1,29,2,1,19,2,1,5,6,5,7,6,5,6,6,6,5,7,6,5,6,7,.394169620347785,.538352118707369,.964833977758214,1.26317473387174,6,3,1,6,5,6,7,7,5,6,6,5,7,6,5,6,7,6,5,6,1,70
181,1,27,5,1,21,1,1,6,6,5,4,5,5,6,4,5,6,4,7,5,5,6,-.44201679969636,1.42590561171141,.964833977758214,-.254288858046192,5,3,4,4,4,5,4,5,4,4,5,4,5,4,5,4,5,4,5,4,4,65
200,1,31,3,1, ,1,1,1,6,5,6,5,7,6,5,6,5,7,6,7,7,5,1.23035604039193,1.42590561171141,1.74956561300156,2.0219065298307,6,2,2,4,7,6,6,5,7,6,6,6,7,5,7,6,6,5,5,6,5,25
215,1,58,10,1,17,10,0,0,2,4,5,5,4,4,4,4,4,4,4,4,4,4,-1.27820321974051,-.349201374296671,.180102342514866,-.254288858046192,4,4,4,4,4,3,3,3,3,3,4,3,4,4,4,3,3,3,3,4,0,80
217,1,28,5,1,18,5,3,4,7,6,7,6,6,7,6,7,6,5,6,5,6,6,.394169620347785,2.31345910471545,1.74956561300156,2.0219065298307,7,2,1,6,7,7,6,6,6,7,7,6,7,6,6,7,7,6,6,7,3,50
224,1,43, ,2, ,2,1,1,5,4,4,4,4,5,4,4,3,4,5,5,5,4,-.44201679969636,1.42590561171141,.964833977758214,.504442937912773,5,4,5,4,4,4,4,3,4,4,4,3,4,5,4,4,4,3,4,5,1,10
236,1,27, ,1,27,1,1,3,5,2,6,5,3,4,5,5,2,6,5,6,6,7,-.44201679969636,-1.23675486730071,.964833977758214,.504442937912773,5,4,2,6,5,7,6,4,6,6,6,5,7,6,4,6,7,5,6,6,1,2
241,1,27,1,1,24,1,1,1,6,7,5,6,4,6,5,5,5,5,4,5,5,4,-.44201679969636,.538352118707369,2.53429724824491,1.26317473387174,6,4,4,4,5,4,4,5,5,5,4,5,5,5,5,4,5,5,5,5,0,72
257,1,31,1,2, ,1,1,0,4,3,2,5,4,3,3,5,4,5,4,3,2,4,-.44201679969636,-.349201374296671,.964833977758214,-.254288858046192,5,4,5,5,6,5,4,5,4,3,5,6,5,4,3,6,5,5,6,4,0,75
263,1,56,4,1,27,3,1,2,5,2,6,4,4,6,3,6,1,6,5,3,5,6,-.44201679969636,1.42590561171141,.964833977758214,1.26317473387174,6,5,3,3,5,4,6,5,3,5,5,4,5,6,3,5,3,5,3,5,2,30
272,1,29,2,1,20,2,2,2,3,5,6,6,5,5,5,2,4,3,3,5,5,6,-.44201679969636,.538352118707369,.964833977758214,-.254288858046192,5,2,2,6,5,5,4,5,6,5,5,6,6,5,6,6,7,6,5,5,1,30
275,1,29,2,1,21,2,2,0,6,7,5,3,5,6,4,3,6,7,6,5,3,5,.394169620347785,.538352118707369,.180102342514866,.504442937912773,6,1,4,3,4,5,5,4,3,5,6,5,2,5,7,5,5,3,5,6,5,2
279,1,44,3,2, ,3,3,0,1,5,6,1,1,1,2,1,1,1,4,1,4,1,-.44201679969636,-1.23675486730071,-.604629292728481,-.254288858046192,5,3,2,6,6,4,7,5,4,4,4,4,7,5,7,5,5,5,4,7,2,50
288,1,28,3,1,18,10,15,10,1,1,5,3,1,7,1,2,1,2,3,1,3,1,-.44201679969636,-1.23675486730071,.180102342514866,-1.77175244996412,5,2,5,6,3,7,1,7,6,3,1,7,3,2,2,1,1,1,1,1,3,20
310,0,26,1,2, ,1,1,3,7,2,4,2,5,7,2,4,5,7,2,4,3,6,-.44201679969636,-.349201374296671,.964833977758214,-1.01302065400516,5,1,5,5,2,4,4,7,6,3,4,6,7,3,4,7,3,4,3,6,1,5
311,0,29,1,1,20,1,1,6,5,5,4,4,4,5,4,6,5,4,4,3,4,4,-1.27820321974051,-.349201374296671,.180102342514866,-1.01302065400516,6,1,3,6,5,5,4,6,6,5,6,5,4,4,6,5,3,5,6,4,2,20
313,0,33,5,1,20,16,1,2,1,2,3,4,4,5,4,4,2,4,5,5,5,6,1.23035604039193,-.349201374296671,1.74956561300156,.504442937912773,4,5,6,4,5,5,4,3,4,5,4,3,4,3,4,4,4,4,4,4,2,40
319,0,35,2,1,22,1,0,0,2,7,1,1,2,6,2,7,7,4,1,6,2,1,-.44201679969636,2.31345910471545,.964833977758214,-.254288858046192,2,3,6,5,3,6,3,6,2,7,3,6,7,3,4,3,6,2,3,2,3,50
325,0,25,3,1,20,2,3,2,6,5,4,6,7,5,4,7,5,4,6,7,4,6,-.44201679969636,-.349201374296671,.964833977758214,1.26317473387174,5,1,3,4,6,7,5,4,6,5,6,5,4,6,7,6,4,6,5,7,0,50
327,0,28,3,1,18,2,2,2,5,5,3,4,5,3,4,5,6,3,3,3,4,4,-.44201679969636,.538352118707369,.180102342514866,-1.01302065400516,5,2,2,6,7,5,4,4,6,5,1,7,6,5,6,5,6,5,6,6,3,2
344,0,30,2,1,18,3,1,1,5,4,3,3,5,5,3,3,4,5,4,3,3,5,-.44201679969636,-.349201374296671,.180102342514866,.504442937912773,6,3,4,3,4,5,5,4,3,4,5,4,3,4,5,4,3,4,5,4,1,70
356,0,37,3,1,21,4,4,1,5,4,5,6,5,4,6,5,4,5,6,5,6,4,.394169620347785,.538352118707369,.964833977758214,.504442937912773,6,1,2,5,6,7,6,5,6,7,6,7,6,5,6,7,6,5,5,6,1,30
367,0,28,2,1,21,3,1,35,3,5,5,6,5,5,5,6,6,5,4,4,3,4,.394169620347785,1.42590561171141,.964833977758214,-1.01302065400516,3,3,5,2,2,2,1,2,2,1,2,3,3,1,2,1,2,1,1,1,2,90
376,0,28,3,1,22,2,1,1,5,2,4,5,5,5,3,4,5,5,3,5,3,6,.394169620347785,.538352118707369,.964833977758214,.504442937912773,6,4,3,5,4,5,3,5,6,4,6,4,4,5,3,5,3,3,5,4,1,50
379,0,27,3,1,16,7,6,8,1,1,7,1,4,7,4,2,4,4,4,4,2,2,.394169620347785,.538352118707369,-1.38936092797183,.504442937912773,5,2,2,7,7,1,7,1,4,7,7,1,7,7,7,6,6,6,4,4,1,60
384,0,29,1,1,18,1,1,1,6,4,4,5,4,7,6,4,6,5,3,5,5,3,.394169620347785,.538352118707369,.964833977758214,-.254288858046192,6,3,4,7,6,6,4,6,5,7,6,4,5,2,6,5,5,7,6,6,1,80
28,0,33,2,1,18,2,1,1,6,6,7,7,5,6,5,6,5,7,6,4,6,7,.394169620347785,1.42590561171141,.964833977758214,.504442937912773,5,2,1,6,6,1,6,7,6,6,6,5,6,6,7,6,6,5,7,6,2,55
30,0,35,4,1,14,1,1,0,1,4,4,4,1,6,1,1,1,4,4,1,1,4,1.23035604039193,.538352118707369,.964833977758214,-.254288858046192,4,2,3,4,5,6,6,4,4,6,4,2,5,6,6,6,6,6,6,4,2,40
33,0,27,1,1,22,1,1,3,5,6,3,5,5,4,5,5,5,3,6,5,5,4,-.44201679969636,-.349201374296671,-.604629292728481,-.254288858046192,5,3,3,6,5,4,6,5,5,6,5,5,6,4,6,6,5,5,4,6,1,30
35,0,42,1,1,30,1,1,0,4,5,1,1,4,4,4,5,1,1,7,1,7,1,-2.11438963978465,-2.12430836030475,-.604629292728481,-.254288858046192,5,3,6,5,7,5,5,6,5,5,5,5,6,5,5,5,4,4,5,4, , 
110,0,29,1,1,28,1,1,3,6,4,6,4,3,6,7,6,4,7,6,4,7,5,-.44201679969636,-.349201374296671,.964833977758214,-.254288858046192,6,3,1,4,6,1,4,6,4,7,6,4,7,6,4,3,6,5,4,6,1,20
115,0,36,5,1,17,5,1,1,7,2,7,6,7,6,6,5,7,4,7,5,7,4,.394169620347785,.538352118707369,1.74956561300156,.504442937912773,5,2,5,6,4,6,4,7,6,5,6,5,5,6,4,5,4,6,4,5,0,50
122,1,26,2,1,25,1,1,3,5,3,5,3,4,6,5,6,7,3,7,4,6,7,-.44201679969636,-.349201374296671,.180102342514866,.504442937912773,6,3,2,6,5,3,6,6,7,7,7,5,7,5,4,6,6,7,5,4,2,30
129,1,41,4,1,18,2,0,0,4,7,6,4,3,6,2,3,6,4,6,2,6,5,-1.27820321974051,-1.23675486730071,-.604629292728481,-1.01302065400516,4,2,1,6,7,7,7,7,4,5,7,6,7,7,7,5,5,5,5,7,0, 
140,1,44,3,1,16,3,1,0,1,1,5,1,1,6,1,1,1,1,7,1,6,1,-1.27820321974051,-.349201374296671,-1.38936092797183,-.254288858046192,5,2,2,6,2,7,7,7,1,6,1,7,5,5,5,7,7,7,5,1,0,25
145,1,29,2,2, ,0,0,0,6,4,3,3,5,3,4,5,1,5,2,3,3,4,-1.27820321974051,-2.12430836030475,-1.38936092797183,.504442937912773,6,2,2,6,7,7,6,3,5,4,7,5,6,5,4,6,5,5,3,6,2,30
183,1,58,3,1,18, ,0,2,1,1,7,5,1,6,1,1,1,5,7,1,7,7,-1.27820321974051,-1.23675486730071,-.604629292728481,.504442937912773,7,1,1,7,7,3,2,4,4,7,1,7,1,1,7,7,7,7,7,7,0,0
197,1,41,6,1,17,5,1,2,2,6,6,2,2,6,2,2,4,3,6,3,6,3,.394169620347785,.538352118707369,-.604629292728481,-.254288858046192,6,2,1,6,6,3,6,6,4,6,5,5,7,7,7,7,7,7,7,4,0,20
249,1,66,2,1,21,2,2,2,1,1,7,7,1,4,1,1,1,7,4,4,7,1,-2.11438963978465,-1.23675486730071,-1.38936092797183,-.254288858046192,6,2,1,7,7,7,7,6,7,7,7,5,7,7,7,7,7,7,7,7,2,30
306,0,38,10,1,27,1,1,4,6,6,5,6,6,5,5,6,4,5,4,5,5,6,-.44201679969636,-.349201374296671,-1.38936092797183,.504442937912773,4,3,3,6,4,5,4,5,4,6,6,5,5,5,5,4,6,6,5,4,2,60
315,0,29,10,1,26,1,1,4,1,4,6,3,5,3,5,3,7,5,3,5,4,6,1.23035604039193,.538352118707369,.180102342514866,1.26317473387174,2,2,5,6,5,7,5,7,3,5,3,6,4,5,7,6,3,4,6,5,10,50
317,0,29,5,1,14,12,5,4,5,5,6,5,4,5,3,4,5,5,6,3,5,5,.394169620347785,.538352118707369,1.74956561300156,1.26317473387174,5,2,1,5,5,3,7,5,6,6,5,6,4,5,4,5,6,5,4,5,2,65
330,0,25,5,1,18,5,2,2,4,5,6,5,6,5,5,4,5,5,4,5,4,5,-.44201679969636,.538352118707369,.964833977758214,-.254288858046192,5,2,3,6,5,6,5,4,5,6,4,5,6,5,6,5,6,5,6,5,1,5
332,0,34,5,1,18,11,2,2,3,5,5,5,3,6,3,3,3,4,5,3,4,3,1.23035604039193,1.42590561171141,.964833977758214,-.254288858046192,6,2,2,7,7,5,6,6,6,6,4,5,6,6,6,7,6,6,5,2,3,45
333,0,29,2,2, ,3,1,2,5,4,3,4,5,4,3,4,5,4,3,4,5,4,-.44201679969636,-.349201374296671,.964833977758214,-.254288858046192,6,3,5,4,5,6,5,3,4,5,5,4,3,5,5,4,3,4,5,4,1,72
348,0,47,1,1,27,1,1,1,5,4,5,4,3,4,3,2,2,2,5,2,6,2,-1.27820321974051,-1.23675486730071,-1.38936092797183,-.254288858046192,5,2,2,6,7,4,7,7,7,7,7,6,6,6,7,6,6,6,6,6,2,20
351,0,30,1,1,16,2,2,2,5,6,4,4,4,5,5,3,5,6,6,5,5,5,-.44201679969636,-.349201374296671,.180102342514866,-1.01302065400516,6,2,1,7,6,5,5,5,7,6,6,7,7,7,6,6,7,7,7,6,1,32
352,0,33,4,1,16,2,1,10,6,4,7,7,5,4,6,7,4,7,4,6,7,5,.394169620347785,.538352118707369,-.604629292728481,.504442937912773,6,4,1,6,7,6,7,5,6,5,7,5,7,5,7,5,6,7,4,6,2,50
370,0,56,20,1,18,30,1,10,5,5,5,2,5,5,2,2,3,2,6,2,6,2,.394169620347785,.538352118707369,.964833977758214,-1.77175244996412,6,2,2,6,6,6,6,5,6,5,6,5,5,5,5,4,4,4,3,3,3,20
372,0,28,2,2, ,0,0,0,5,3,5,3,5,3,4,2,3,4,3,4,3,4,-2.11438963978465,-.349201374296671,-.604629292728481,-.254288858046192,5,5,3,4,7,4,5,4,4,4,1,2,3,2,3,4,3,4,3,3,2,50
377,0,28,2,1,19,2,1,0,1,1,4,5,1,4,1,1,1,5,7,1,4,5,-2.11438963978465,-1.23675486730071,-.604629292728481,-1.01302065400516,5,2,4,7,6,2,6,5,6,6,1,5,6,4,4,7,6,6,7,7,2,40
21,0,30,5,1,14,25,1,7,4,4,4,4,4,6,4,4,4,4,5,4,6,5,.394169620347785,.538352118707369,-1.38936092797183,-.254288858046192,5,3,3,6,6,6,6,4,6,6,6,6,6,6,6,6,6,6,5,4,2,40
22,0,30,1,2, ,1,1,12,7,4,3,5,2,7,2,2,2,6,5,3,6,6,.394169620347785,.538352118707369,-.604629292728481,1.26317473387174,6,2,2,7,7,5,6,7,6,7,2,5,7,7,7,7,7,7,6,6,2, 
23,0,30,1,1,28,1,0,0,1,7,5,2,1,5,1,1,1,2,6,1,5,6,.394169620347785,.538352118707369,.964833977758214,-.254288858046192,5,1,3,2,5,6,2,2,4,5,6,7,6,3,1,5,7,5,1,1,0,20
24,0,30,1,2, ,0,0,0,1,1,1,1,1,1,1,6,6,6,6,6,7,5,-1.27820321974051,-.349201374296671,-.604629292728481,-.254288858046192,4,3,4,4,4,4,5,4,4,4,7,7,5,4,4,4,5,5,4,5,2,50
25,0,25,2,1,25,2,2,3,6,5,3,6,6,7,6,7,6,5,6,5,6,6,1.23035604039193,.538352118707369,.180102342514866,1.26317473387174,5,2,6,7,6,2,6,5,5,7,5,6,5,5,5,6,6,6,5,6,2,20
26,0,29,3,1,19,3,2,6,6,6,4,6,6,6,2,7,4,7,7,1,7,6,-.44201679969636,-.349201374296671,-.604629292728481,1.26317473387174,7,1,7,7,7,5,6,6,7,7,6,6,7,7,7,7,7,7,7,7,3,70
27,0,24,6,1,18,8,3,12,5,6,7,6,2,7,2,6,5,6,7,5,6,5,1.23035604039193,.538352118707369,.964833977758214,1.26317473387174,5,1,2,7,5,3,7,5,4,7,2,3,5,6,6,7,6,7,7,2,0,30
29,0,35,3,1,15,3,1,6,1,7,7,1,1,7,1,7,1,1,7,1,7,1,.394169620347785,.538352118707369,-.604629292728481,-1.01302065400516,7,1,1,7,7,7,7,7,4,7,7,1,7,7,7,5,5,5,3,1,0,80
31,0,22,3,2, ,1,3,3,3,6,5,3,3,6,3,2,5,4,2,6, ,5,.394169620347785,-1.23675486730071,.180102342514866,.504442937912773,5,5,4,6,5,2,3,6,5,4,3,4,4,2,4,5,6,5,4,3,0,50
32,0,34,55,1,11,160,4,25,7,4,4,7,2,4,6,7,7,7,4,3,4,4,.394169620347785,.538352118707369,-1.38936092797183,1.26317473387174,4,3,6,7,7,6,2,2,4,4,1,1,1,1,1,1,1,1,1,1,0,40
34,0,32,5,1,27,1,1,8,1,2,6,2,2,6,2,2,2,3,5,2,7,2,-.44201679969636,.538352118707369,-.604629292728481,.504442937912773,5,3,3,3,3,5,6,5,7,7,6,7,7,7,7,7,6,6,5,7,3,50
36,0,49,10,1,16,20,1,2,6,5,4,5,5,5,5,6,5,5,5,4,6,6,.394169620347785,.538352118707369,.964833977758214,.504442937912773,6,2,1,6,7,5,6,5,4,5,6,3,6,5,6,7,5,5,3,2,1,35
37,0,34,10,1,17,15,1,8,7,7,6,7,4,7,4,7,6,7,7,4,5,6,1.23035604039193,.538352118707369,-.604629292728481,.504442937912773,6,2,3,6,7,3,7,7,4,7,3,1,7,7,6,7,6,6,3,5,2,30
39,0,26,3,2, ,2,1,0,4,4,5,5,4,6,5,6,4,6,6,5,6,6,-.44201679969636,-1.23675486730071,.964833977758214,.504442937912773,5,2,3,5,6,6,5,6,4,5,5,6,5,4,5,6,6,6,5,2,2,45
41,0,33,3,1,21,3,1,25,2,2,6,5,6,7,2,2,7,6,6,2,1,6,.394169620347785,.538352118707369,.964833977758214,2.0219065298307,6,2,2,2,6,6,1,1,1,7,2,7,1,6,6,6,6,6,6,6,2,10
42,0,32,5,1,18,23,19,3,6,6,7,7,4,7,5,5,6,7,6,4,6,4,1.23035604039193,1.42590561171141,.964833977758214,1.26317473387174,7,1,1,7,7,3,7,7,7,7,3,1,7,7,7,7,7,7,4,1,1,60
43,0,29,1,1,25,1,1,2,7,7,4,1,1,4,1,1,1,5,7,1,7,7,-1.27820321974051,.538352118707369,.964833977758214,1.26317473387174,6,1,2,7,6,1,7,7,7,7,1,7,5,5,6,7,7,7,6,6,2,20
45,0,70,23,1,18,12,0,0,3,5,5,3,2,6,4,5,5,2,6,3,5,2,-1.27820321974051,-1.23675486730071,-.604629292728481,.504442937912773,3,3,3,7,3,3,1,1,3,2,2,3,1,2,5,4,3,4,2,2,2,10
46,0,45,1,1,24,1,1,8,1,1,1,1,1,1,1,1,1,1,6,1,6,2,-.44201679969636,.538352118707369,-.604629292728481,-.254288858046192,6,2,1,6,6,6,4,6,7,7,1,7,4,6,4,4,4,5,4,4,1,25
47,0,32,3,1,21,1,1,7,1,1,5,7,5,5,2,6,5,5,4,2,5,6,1.23035604039193,.538352118707369,.964833977758214,1.26317473387174,5,2,2,6,5,5,7,6,7,7,7,7,6,5,4,6,4,5,4,5,3,55
48,0,65,5,1,17,200,3,2,5,7,7,4,1,5,2,6,4,3,4,4,4,5,.394169620347785,-.349201374296671,.180102342514866,.504442937912773,7,1,2,7,7,6,6,6,1,6,6,1,1,1,1,2,2,2,1,1,0,15
52,0,32,7,1,17,12,1,15,5,6,6,5,3,6,4,2,4,6,6,4,6,4,.394169620347785,.538352118707369,.964833977758214,.504442937912773,6,2,4,6,6,5,6,6,4,7,6,5,6,6,6,5,5,5,4,1,1,60
53,0,40,15,1,18,23,1,9,3,7,5,1,1,7,1,2,2,1,5,1,5,3,1.23035604039193,.538352118707369,.964833977758214,1.26317473387174,6,2,1,5,7,4,7,7,4,7,7,2,7,7,7,6,3,5,4,4,0,45
54,0,51,7,1,16,7,1,0,5,7,7,7,1,5,1,7,1,7,7,1,7,7,.394169620347785,.538352118707369,.964833977758214,-.254288858046192,6,1,1,7,7,5,5,5,6,7,7,1,7,6,6,1,5,5,2,1,3,40
55,0,40,7,1,25,4,0,0,4,4,7,7,1,6,1,2,2,7,7,1,7,4,.394169620347785,1.42590561171141,1.74956561300156,-.254288858046192,5,2,4,7,6,6,7,7,4,7,5,7,7,7,7,6,5,6,2,4,0, 
56,0,34,10,1,17,18,1,2,2,6,6,2,3,5,4,4,1,2,6,1,4,6,-.44201679969636,.538352118707369,.964833977758214,-.254288858046192,5,3,4,3,5,5,5,1,4,6,4,4,7,6,5,6,5,5,5,7,3,54
57,0,22,9,1,14,4,0,0,2,7,5,5,5,6,2,2,6,5,5,2,6,3,1.23035604039193,-1.23675486730071,.180102342514866,.504442937912773,5,2,2,6,5,3,5,3,4,4,7,6,3,5,3,3,3,3,2,1,2,100
58,0,45,20,1,12,25,1,12,2,5,5,6,1,6,1,5,1,7,7,1,7,5,1.23035604039193,.538352118707369,.964833977758214,.504442937912773,6,3,5,5,6,5,2,1,3,5,7,6,4,3,3,5,5,5,2,1,1,0
59,0,54,12,1,15,45,2,0,5,3,6,1,5,6,5,6,5,1,5,4,5,3,.394169620347785,-.349201374296671,.180102342514866,-1.01302065400516,5,2,5,6,7,3,3,5,2,4,5,2,7,7,7,3,2,2,1,1,3,30
60,0,66,6,1,24,13,1,5,2,3,4,4,3,6,4,5,3,4,6,2,5,4,1.23035604039193,-.349201374296671,-.604629292728481,1.26317473387174,5,5,7,5,5,7,7,7,7,6,3,2,3,3,2,3,5,3,2,2,1,10
61,0,76,45,1,18,25,0,0,5,5,4,1,6,4,5,5,5,1,4,5,4,1,-2.11438963978465,-2.12430836030475,-1.38936092797183,-.254288858046192,4,3,3,5,3,3,2,2,5,4,3,2,4,3,3,4,3,3,3,4,2,30
62,0,59,9,1,16,14,1,0,2,5,5,1,1,5,2,4,5,2,5,5,5,2,.394169620347785,-.349201374296671,.180102342514866,-.254288858046192,6,3,2,5,5,3,6,5,6,5,7,6,5,5,5,5,5,5,4,4,2,25
63,0,35,10,1,15,12,1,8,1,6,7,5,1,5,1,6,2,5,5,2,5,2,-.44201679969636,.538352118707369,-.604629292728481,-.254288858046192,5,3,3,7,4,4,7,4,7,7,6,3,6,5,5,5,5,5,3,1,2,38
64,0,46,7,1,20,10,1,4,4,4,4,4,4,4,4,4,4,4,4,4,4,4,-.44201679969636,-.349201374296671,.180102342514866,-.254288858046192,4,4,4,4,4,4,4,4,4,4,4,4,4,4,4,4,4,4,4,4,0,30
65,0,48,3,1,20,3,1,0,1,1,2,7,1,7,1,5,3,7,4,1,4,5,1.23035604039193,1.42590561171141,.964833977758214,1.26317473387174,5,1,3,7,7,6,6,2,4,6,7,7,1,1,1,1,1,1,1,1,3,30
66,0,36,5,1,23,2,0,0,1,6,5,5,1,4,1,2,1,5,4,1,3,3,.394169620347785,.538352118707369,.964833977758214,-.254288858046192,3,3,5,4,6,6,6,5,4,4,7,5,7,7,6,6,6,6,3,4,0,50
68,0,28,6,1,18,4,1,1,7,4,5,5,2,4,2,6,2,6,7,2,7,7,.394169620347785,.538352118707369,.180102342514866,-2.53048424592309,4,2,5,6,6,5,1,1,7,5,7,6,2,1,1,6,6,4,3,5,1,50
69,0,53,1,1,19,1,1,5,1,4,5,2,1,1,1,1,1,1,4,1,4,1,1.23035604039193,-.349201374296671,-1.38936092797183,-.254288858046192,5,3,3,6,6,5,7,2,7,7,7,7,7,5,5,4,4,4,4,7,1,5
73,0,35,6,1,16,12,1,2,2,6,6,7,1,6,7,5,2,7,5,1,6,7,1.23035604039193,.538352118707369,.180102342514866,.504442937912773,5,4,3,5,5,5,6,6,6,6,7,2,4,4,4,5,4,4,4,6,2,50
74,0,69,5,1,18,3,1,2,1,5,5,1,1,5,1,5,1,1,7,2,7,5,-.44201679969636,-.349201374296671,.180102342514866,-1.01302065400516,6,2,1,7,7,5,5,3,6,7,7,6,3,3,5,6,6,6,2,1,3,30
75,0,30,20,1,16,20,1,15,1,1,1,1,1,5,1,1,1,1,6,1,7,1,1.23035604039193,1.42590561171141,-1.38936092797183,.504442937912773,7,1,2,7,6,3,5,3,7,7,7,6,6,4,4,2,3,2,1,1,4, 
76,0,30,5,1,16,16,1,10,2,2,6,6,2,6,2,6,5,6,7,4,6,6,1.23035604039193,.538352118707369,.180102342514866,.504442937912773,6,2,1,7,7,2,7,7,4,7,5,1,7,7,7,7,7,7,6,5,2,60
77,0,25,4,1,19,2,1,2,6,4,3,6,5,6,5,4,6,3,4,5,5,2,-1.27820321974051,.538352118707369,.964833977758214,1.26317473387174,5,4,5,5,6,5,4,3,5,6,5,3,3,5,6,6,4,5,3,5,2,40
78,0,34,2,1,21,2,0,0,3,3,5,6,2,3,3,3,2,5,4,2,4,2,1.23035604039193,1.42590561171141,1.74956561300156,-.254288858046192,5,3,5,5,6,5,6,4,4,4,4,2,3,2,2,3,2,2,1,1,2,40
79,0,27,4,1,18,10,2,15,6,4,7,7,1,7,1,6,7,7,7,4,7,7,.394169620347785,.538352118707369,-1.38936092797183,1.26317473387174,7,1,2,7,5,4,7,1,4,7,1,4,7,7,7,7,7,7,4,1,3,50
80,0,63,10,1,19,15,1,12,2,2,6,4,2,6,2,5,6,6,7,2,7,7,.394169620347785,.538352118707369,.180102342514866,.504442937912773,6,6,1,7,6,3,6,4,5,7,7,5,7,4,4,6,6,6,6,6,1,20
81,0,33,3,1,17,3,1,4,4,5,3,3,2,2,4,4,2,1,4,5,5,3,.394169620347785,1.42590561171141,.964833977758214,.504442937912773,4,5,6,4,6,5,4,3,2,4,4,3,5,4,3,1,3,4,5,3,1,60
82,0,38,5,1,32,1,1,5,3,4,5,4,2,6,4,4,5,4,4,5,4,3,1.23035604039193,.538352118707369,-.604629292728481,1.26317473387174,5,2,4,7,7,7,7,7,7,7,7,7,6,6,7,7,7,7,6,7,1,20
83,0,38,5,1,21,5,1,1,3,3,5,5,3,5,3,5,5,5,5,5,5,5,.394169620347785,.538352118707369,.180102342514866,.504442937912773,5,3,3,3,5,5,6,6,6,6,5,5,5,5,5,6,6,6,5,5,2,30
84,0,36,4,1,21,4,1,20,1,7,7,1,1,7,1,1,1,1,7,1,7,1,1.23035604039193,.538352118707369,.180102342514866,1.26317473387174,7,1,1,7,7,4,7,1,7,7,7,4,1,1,1,6,6,6,6,1,1,90
85,0,25,1,2, ,1,1,1,5,6,6,5,5,6,6,6,5,5,5,6,6,5,.394169620347785,-.349201374296671,-.604629292728481,-1.01302065400516,7,3,2,6,7,6,1,2,1,6,6,6,5,6,6,6,5,6,5,7,2,40
86,0,51,15,1,15,20,1,6,2,5,5,5,2,7,2,3,3,5,6,3,6,5,1.23035604039193,.538352118707369,.180102342514866,.504442937912773,5,3,3,7,5,4,6,5,7,6,7,5,1,1,1,7,7,7,4,5,1,25
87,0,45,16,1,17,16,1,0,1,7,7,3,1,5,1,4,1,2,7,1,6,1,.394169620347785,.538352118707369,.964833977758214,-.254288858046192,6,2,1,7,7,5,4,4,4,7,7,5,4,4,4,6,6,7,6,4,0,40
88,0,27,2,1,16,1,2,1,4,6,3,5,5,3,3,6,3,6,3,5,3,6,-1.27820321974051,1.42590561171141,.180102342514866,.504442937912773,3,1,5,6,3,6,5,2,6,4,3,6,4,1,6,3,3,6,2,5,0,50
89,0,36,10,1,15,50,3,20,1,7,7,5,1,6,1,1,4,5,7,1,7,5,1.23035604039193,1.42590561171141,-.604629292728481,1.26317473387174,6,1,1,7,7,1,7,7,1,7,6,1,7,7,7,7,7,7,5,1,2,60
90,0,61,1,1,23,1,1,0,4,4,6,6,1,3,1,4,1,4,5,1,4,3,.394169620347785,.538352118707369,.964833977758214,-1.01302065400516,5,2,5,6,6,6,5,5,5,5,7,7,3,2,2,2,5,3,2,5,1,15
91,0,26,3,1,18,5,1,4,5,7,6,7,7,6,6,5,4,7,6,6,7,7,1.23035604039193,.538352118707369,.964833977758214,.504442937912773,7,1,1,7,7,7,7,7,7,7,7,6,7,7,7,7,7,7,7,7,2,100
93,0,31,1,1,21,1,1,6,1,4,5,2,1,6,1,1,1,1,7,1,7,4,.394169620347785,.538352118707369,-.604629292728481,.504442937912773,1,7,7,1,1,1,1,1,1,1,1,1,1,1,1,1,1,1,1,1,2,50
94,0,32,3,1,18,3,1,5,2,1,2,2,1,3,2,2,1,2,2,1,1,3,-.44201679969636,1.42590561171141,1.74956561300156,-.254288858046192,5,4,4,6,6,4,6,5,4,5,5,4,4,5,3,3,4,6,5,1,0,30
96,0,76,4,1,14,20,0,0,2,5,5,2,2,6,2,3,3,2,4,2,4,1,-2.9505760598288,-2.12430836030475,-1.38936092797183,-2.53048424592309,3,5,5,5,5,5,5,5,5,4,5,5,5,5,5,3,3,3,3,3,4,20
97,0,67,20,1,17,12,1,2,1,1,6,6,1,6,1,1,1,6,6,1,6,6,-.44201679969636,-1.23675486730071,-.604629292728481,-.254288858046192,6,1,1,6,5,3,1,1,6,7,7,6,1,1,1,1,1,1,1,1,0,23
98,0,25,3,2, ,0,0,0,1,1,7,5,1,4,1,1,1,2,5,1,6,5,.394169620347785,-.349201374296671,.180102342514866,-.254288858046192,2,2,6,6,2,2,5,2,4,4,7,7,3,6,6,2,5,6,2,5,2,50
99,0,32,5,1,15,4,1,0,2,7,7,6,4,6,4,2,2,6,6,6,7,6,-.44201679969636,-1.23675486730071,-.604629292728481,-.254288858046192,7,1,2,7,7,6,7,7,4,6,7,6,2,6,6,1,6,6,5,5,1,30
100,0,48,11,1,15, ,1,12,1,1,4,7,1,7,1,7,4,7,6,1,7,4,1.23035604039193,2.31345910471545,2.53429724824491,2.0219065298307,5,2,1,6,4,1,7,7,4,7,7,1,7,7,7,5,6,6,1,4,1,59
101,0,33,8,1,14,26,1,20,1,1,7,1,1,7,1,1,3,1,5,3,6,3,1.23035604039193,1.42590561171141,.964833977758214,.504442937912773,6,1,4,7,4,1,7,7,7,7,7,5,3,6,4, ,5,5,7,6,2,35
103,0,33,15,1,15,9,1,25,1,1,6,2,1,5,1,2,1,4,6,1,5,5,1.23035604039193,.538352118707369,-.604629292728481,1.26317473387174,5,3,3,6,6,6,7,7,4,7,7,5,3,6,6,5,6,6,2,4,2,40
104,0,27,3,1,19,2,1,3,1,5,6,4,5,6,1,2,4,4,6,1,6,2,-.44201679969636,.538352118707369,.964833977758214,.504442937912773,6,2,3,6,7,7,4,4,4,6,7,7,5,4,4,5,3,3,1,1,2,50
107,0,36,7,1,16,4,1,7,1,1,1,1,1,1,1,1,1,1,1,1,1,1,.394169620347785,.538352118707369,.964833977758214,-.254288858046192,4,5,5,5,4,4,4,4,4,6,7,6,6,7,6,6,5,6,1,1,0,56
108,0,28,5,2, ,0,0,0,6,2,6,6,2,5,2,2,2,2,2,2,3,5,-2.11438963978465,-2.12430836030475,-1.38936092797183,-1.77175244996412,6,2,2,6,6,3,6,5,5,5,4,6,5,5,5,5,5,5,5,6,1,10
109,0,25,4,1,19,2,1,5,1,1,7,2,1,5,1,1,1,2,7,1,7,3,.394169620347785,-.349201374296671,-1.38936092797183,-.254288858046192,5,2,2,5,5,5,6,6,6,6,7,7,7,7,7,5,5,4,4,1,1,200
111,0,25,2,1,19,2,2,3,6,4,4,5,4,5,5,6,4,5,5,5,6,5,-.44201679969636,-.349201374296671,.964833977758214,.504442937912773,5,2,3,4,5,5,5,5,6,6,4,5,5,5,5,4,5,5,6,6,2,40
112,0,49,6,1,21,6,1,0,2,6,7,7,1,7,1,6,1,7,4,1,4,2,1.23035604039193,.538352118707369,.964833977758214,-.254288858046192,7,1,2,7,5,3,3,5,7,4,7,2,6,3,3,6,5,5,1,1,1,40
113,0,28,2,1,27,2,1,1,5,6,5,2,5,6,6,7,6,6,4,5,2,3,.394169620347785,.538352118707369,.180102342514866,1.26317473387174,6,1,3,3,7,2,5,5,6,6,6,5,6,7,6,6,4,5,6,5,2,30
114,0,36,8,1,12,6,1,6,5,5,5,3,3,6,6,6,5,5,5,5,5,6,.394169620347785,.538352118707369,.964833977758214,-.254288858046192,5,2,2,5,4,3,3,2,2,5,2,1,2,4,3,4,3,4,1,1,2,50
116,0,30,2,1,20,2,2,5,6,7,5,4,6,7,6,5,6,5,5,3,4,6,-.44201679969636,-.349201374296671,.180102342514866,2.0219065298307,6,1,1,7,6,5,6,6,5,7,5,6,7,6,6,5,7,7,5,5,1,50
117,0,28, ,1,13,4,1,4,5,4,7,6,5,6,7,7,7,5,7,6,6,4,.394169620347785,2.31345910471545,.964833977758214,.504442937912773,4,2,3,7,7,5,6,6,3,6,7,7,3,5,5,7,3,6,5,7,3,60
118,0,30,2,2, ,2,1,5,5,6,5,6,5,6,5,5,6,5,6,5,6,5,.394169620347785,.538352118707369,-.604629292728481,.504442937912773,6,1,2,7,7,6,7,6,7,6,6,7,6,7,6,7,6,7,6,7,1, 
119,0,38,10,1,15,15,2,6,4,5,4,2,4,6,3,4,2,2,4,2,5,3,.394169620347785,-.349201374296671,.180102342514866,.504442937912773,5,2,2,7,6,2,7,2,4,7,7,3,7,6,6,7,6,6,4,4,0,30
120,0,57,6,1,18,10,0,0,6,6,5,7,2,3,5,6,2,7,5,1,7,5,.394169620347785,-.349201374296671,.180102342514866,.504442937912773,5,2,2,6,7,5,6,2,4,6,3,1,6,5,5,5,5,5,6,6,0,20
121,0,26,12,1,15,13,1,0,6,6,7,7,7,7,4,7,6,7,7,5,7,6,1.23035604039193,.538352118707369,.964833977758214,2.0219065298307,6,2,1,7,6,2,7,5,1,5,7,1,6,7,7,7,7,7,5,1,1,50
124,1,42,5,1,17,8,1,1,1,7,4,6,1,4,1,1,4,6,4,1,4,6,-.44201679969636,.538352118707369,.964833977758214,-.254288858046192,5,3,2,6,4,5,6,6,6,6,7,4,6,6,6,6,6,6,6,4,2,30
125,1,40,3,1,17,2,1,6,1,6,6,6,2,5,2,2,2,6,6,2,6,6,-.44201679969636,-.349201374296671,-.604629292728481,-.254288858046192,2,6,6,2,2,2,4,4,7,7,7,7,7,4,2,6,2,6,6,6,0,40
126,1,44,3,1,20,2,1,8,2,5,3,2,2,7,2,2,1,2,6,1,6,2,.394169620347785,.538352118707369,-1.38936092797183,.504442937912773,5,2,3,6,6,5,7,5,7,5,1,7,6,5,5,6,7,7,7,6,3,36
127,1,25,3,2, ,1,1,0,5,3,2,2,5,6,4,6,5,5,4,6,4,5,-.44201679969636,1.42590561171141,.964833977758214,-.254288858046192,5,2,4,3,6,1,5,6,5,4,4,6,5,3,5,6,6,4,5,6,0,80
128,1,25,5,1,14,5,1,0,4,5,6,6,5,5,4,6,3,5,7,1,7,7,1.23035604039193,1.42590561171141,.180102342514866,.504442937912773,6,2,4,4,6,5,6,6,7,7,7,7,7,7,6, ,6,7,7,1,4,50
131,1,29,1,1,20,11,1,0,1,7,7,1,1,7,1,2,4,1,7,2,7,1,1.23035604039193,-1.23675486730071,.964833977758214,.504442937912773,2,2,7,2,2,4,5,1,1,1,7,1,4,2,4,5,2,7,3,1,2,50
133,1,33,8,1,16,7,1,3,3,6,4,5,2,5,3,3,2,5,4,2,4,5,.394169620347785,-1.23675486730071,-1.38936092797183,-.254288858046192,4,3,3,6,6,4,3,4,6,6,7,5,6,5,6,6,6,6,6,6,3, 
134,1,39,5,1,18,5,1,6,2,6,6,5,2,7,2,5,3,5,6,2,4,5,-.44201679969636,.538352118707369,.180102342514866,-.254288858046192,5,2,1,7,6,2,2,1,7,6,2,6,5,5,6,5,6,6,6,5,2,40
135,1,43,4,1,15,4,1,8,3,1,1,1,1,6,2,1,4,1,6,3,6,1,-.44201679969636,-.349201374296671,.180102342514866,-1.01302065400516,5,2,2,6,5,3,4,4,7,2,7,7,6,6,6,5,6,6,2,6,2,30
136,1,28,1,1,16,1,1,3,1,7,6,5,1,4,1,1,1,4,5,1,6,4,-1.27820321974051,-1.23675486730071,-.604629292728481,-1.01302065400516,6,2,1,6,7,2,7,6,7,7,7,7,5,5,4,6,5,6,3,3,1,70
137,1,39,11,1,14,5,1,8,2,2,5,5,3,6,5,6,2,5,3,5,3,5,-.44201679969636,-1.23675486730071,-.604629292728481,-.254288858046192,5,3,1,6,6,4,7,3,7,4,6,6,6,6,6,6,6,6,5,6,1,50
138,1,27,10,1,17,10,1,10,2,5,7,5,1,7,1,1,1,7,7,1,7,5,-.44201679969636,.538352118707369,-1.38936092797183,-1.01302065400516,6,2,2,7,6,7,7,5,7,7,1,5,7,7,7,5,4,4,3,1,5,40
139,1,50,2,1,19,2,1,4,1,5,7,1,1,3,1,1,1,1,7,1,7,7,-2.11438963978465,-1.23675486730071,-1.38936092797183,-.254288858046192,7,1,5,7,7,7,1,1,1,1,7,7,3,1,6,4,2,6,1,2,2,50
141,1,27,100,1,21,1,1,10,2,2,3,3,4,4,4,4,3,4,3,4,3,4,.394169620347785,1.42590561171141,-.604629292728481,-.254288858046192,7,2,2,1,7,1,6,6,6,7,7,6,7,6,6,6,6,6,5,7,0,25
142,1,52,10,1,14,68,1,6,7,6,5,7,6,7,4,7,6,7,6,3,7,7,-.44201679969636,-.349201374296671,.180102342514866,-1.01302065400516,2,3,2,5,3,3,5,6,7,5,7,5,2,2,2,3,5,5,2,2,2,15
143,1,27,2,1,22,2,1,9,4,5,5,5,5,5,5,4,4,4,4,4,4,4,.394169620347785,-1.23675486730071,-.604629292728481,-.254288858046192,5,3,3,5,5,2,7,7,4,7,7,7,5,5,5,5,5,5,5,5,2,35
144,1,32,5,1,17,5,1,30,1,7,7,7,1,7,1,1,7,7,7,7,7,7,1.23035604039193,2.31345910471545,-1.38936092797183,2.0219065298307,5,1,1,7,7,1,1,7,4,7,7,7,7,7,7,7,7,7,5,6,2,45
146,1,57,7,1,18,6,1,0,1,1,4,7,1,5,1,1,1,7,7,1,7,6,-.44201679969636,-1.23675486730071,-.604629292728481,-1.01302065400516,5,3,1,7,7,7,7,3,7,7,7,5,7,7,7,5,5,5,6,5,1,30
147,1,42,8,1,14,20,4,4,3,7,5,5,1,7,1,2,2,4,6,2,6,2,.394169620347785,-1.23675486730071,-.604629292728481,-.254288858046192,5,2,2,5,5,4,4,5,6,6,5,3,6,6,6,7,6,6,5,4,4,30
148,1,63,5,1,20,1,1,2,1,4,6,1,1,5,1,1,1,1,4,1,5,5,-1.27820321974051,-1.23675486730071,-1.38936092797183,-1.01302065400516,5,2,3,6,7,5,7,7,7,7,7,7,7,7,7,7,6,6,6,6,1,27
149,1,38,5,1,14,20,1,4,2,6,4,5,1,5,1,1,1,7,4,1,3,6,.394169620347785,-.349201374296671,-.604629292728481,-1.01302065400516,3,2,6,2,5,6,2,5,7,7,7,6,5,2,7,3,3,2,1,1,1,20
150,1,33,3,1,19,5,1,0,5,5,7,2,2,3,2,1,5,2,6,2,6,1,-2.11438963978465,-1.23675486730071,-.604629292728481,-1.77175244996412,5,2,7,5,4,3,1,6,4,5,7,6,7,6,7,2,2,3,2,2,0,5
151,1,33,15,1,16,15,1,1,1,4,7,7,4,7,1,1,1,7,7,1,7,7,1.23035604039193,.538352118707369,-.604629292728481,1.26317473387174,4,1,1,7,7,7,7,4,6,7,7,3,7,7,7,4,4,4,1,5,2,50
152,1,36,2,1,18,2,1,1,2,2,5,5,5,6,6,2,2,6,6,6,6,6,.394169620347785,.538352118707369,-1.38936092797183,-.254288858046192,6,2,2,6,6,6,6,6,6,7,7,7,7,7,7,7,7,7,7,7,0,45
153,1,36,3,1,22,1,1,5,1,4,4,5,1,5,1,1,1,5,4,1,4,4,-.44201679969636,-.349201374296671,-1.38936092797183,-1.01302065400516,3,3,3,5,5,6,5,6,7,7,7,7,6,5,5,5,5,4,4,6,5,50
154,1,29,1,1,19,1,1,20,7,6,6,1,6,6,6,7,7,6,7,7,7,7,1.23035604039193,2.31345910471545,2.53429724824491,.504442937912773,7,2,2,2,2,7,7,7,2,7,7,7,7,6,6,7,7,6,6,7,1,0
155,1,33,10,1,16,7,1,2,6,2,5,4,5,7,5,3,5,5,7,3,7,3,1.23035604039193,-1.23675486730071,-1.38936092797183,1.26317473387174,6,1,6,5,5,4,2,6,4,6,7,7,6,3,6,2,5,2,1,3,1,50
156,1,44,6,1,20,3,1,0,6,7,6,6,2,5,2,5,6,6,7,4,7,6,-.44201679969636,-.349201374296671,.180102342514866,-.254288858046192,1,1,2,7,5,3,1,1,7,7,7,7,2,1,1,7,7,7,5,5,0,50
157,1,42,6,1,14,6,0,0,6,5,7,1,2,6,3,1,2,1,6,2,4,2,-2.11438963978465,-2.12430836030475,-1.38936092797183,-2.53048424592309,1,2,4,3,5,7,1,7,4,5,7,7,5,3,3,6,3,7,3,1,0,20
158,1,59,5,1,15,30,1,4,1,4,5,6,1,6,1,4,1,7,7,1,7,6,-.44201679969636,-.349201374296671,.180102342514866,.504442937912773,6,2,2,7,7, ,6,4,7,7,7,5,7,7,7,7,7,7,5,1,0,20
159,1,35,7,1,18,7,1,2,2,6,6,4,2,6,2,2,2,4,4,2,4,4,1.23035604039193,.538352118707369,.964833977758214,2.0219065298307,6,2,3,7,4,7,2,4,2,2,3,2,4,3,6,2,2,6,2,2,3,50
160,1,65,3,1,17,1,1,1,1,1,2,1,1,1,1,1,1,1,7,1,7,1,-2.11438963978465,-1.23675486730071, ,-.254288858046192,6,1,1,7,7,7,7,7,7,5,7,7,7,7,7,7,7,7,4,6,2,29
162,1,40,20,1,15,20,1,0,5,7,3,5,1,7,1,7,2,5,7,2,7,2,-1.27820321974051,-1.23675486730071,-.604629292728481,.504442937912773,5,3,6,3,2,6,1,2,7,4,7,2,2,1,1,1,1,5,1,1,1,35
163,1,31,1,1,17,1,1,0,3,5,5,5,1,3,1,1,1,5,5,1,4,5,-1.27820321974051,-1.23675486730071,-.604629292728481,-2.53048424592309,6,1,5,5,7,7,7,7,7,6,7,7,7,7,7,3,3,3,1,1,2,55
164,1,55,5,1,13, ,0,0,1,1,1,4,1,1,1,3,1,6,4,1,1,1,-2.9505760598288,-2.12430836030475,-1.38936092797183,-2.53048424592309,7,4,6,6,7,6,6,5,7,4,7,2,5,5,5,5,5,5,5,5,1, 
165,1,56,10,1,17,10,1,2,1,6,7,7,3,7,1,1,1,6,6,1,7,6,.394169620347785,-1.23675486730071,-1.38936092797183,-1.01302065400516,5,2,3,6,4,5,3,1,3,6,7,7,1,1,1,3,1,1,2,5,2,20
166,1,62,35,1,18,25,0,0,6,6,6,4,4,5,4,2,6,4,6,4,6,6,-1.27820321974051,-1.23675486730071,-.604629292728481,-1.01302065400516,6,2,2,6,6,7,2,6,7,3,7,6,6,6,6,7,7,7,3,2,2,22
167,1,29,1,1,25,1,1,12,1,1,5,2,7,1,7,2,1,1,7,1,7,1,-.44201679969636,-1.23675486730071,-1.38936092797183,-.254288858046192,6,2,1,6,7,6,7,7,7,7,7,7,7,7,7,7,7,7,7,7,2,45
168,1,32,3,1,18,3,1,6,2,2,5,5,6,5,5,1,1,5,5,5,6,6,.394169620347785,.538352118707369,-1.38936092797183,1.26317473387174,7,1,1,7,7,7,7,7,7,7,1,7,7,7,7,7,7,7,7,7,2,50
169,1,26,6,1,15,2,1,4,7,7,7,7,7,7,7,7,7,7,7,7,7,7,1.23035604039193,.538352118707369,.964833977758214,1.26317473387174,7,1,1,7,7,7,7,7,7,7,7,7,7,7,7,7,7,7,7,7,3,30
170,1,53,3,1,23,2,1,0,1,5,5,1,1,5,1,3,4,1,6,1,6,3,-2.11438963978465,-1.23675486730071,-1.38936092797183,-1.77175244996412,6,2,5,5,7,5,7,7,7,7,7,6,6,6,6,5,5,5,4,3,3,35
171,1,39,30,1,17,20,1,10,2,2,6,6,2,6,2,5,2,7,6,2,6,7,1.23035604039193,.538352118707369,.964833977758214,.504442937912773,3,3,3,6,5,2,2,2,5,5,1,7,5,5,5,5,6,5,3,3,3,10
172,1,27,1,1,20,1,1,4,2,1,5,6,2,6,2,3,2,6,6,2,7,6,-.44201679969636,-1.23675486730071,-1.38936092797183,-1.01302065400516,5,3,2,5,7,5,7,7,4,7,2,7,5,5,6,3,3,5,2,4,2, 
173,1,59,5,1,16,4,1,1,2,5,6,7,3,6,3,3,3,7,5,5,5,5,-.44201679969636,-1.23675486730071,-.604629292728481,-1.01302065400516,5,5,3,5,5,5,7,7,7,6,7,6,7,7,7,6,6,6,5,5,3,25
174,1,21,12,1,14,5,2,3, , , , , , , , , , , , , , ,.394169620347785,.538352118707369,.964833977758214,-.254288858046192,3,3,6,2,6,5,1,3,4,7,6,2,3,3,2,5,6,6,1,4,0,60
175,1,49,14,1,14,33,1,0,4,5,6,7,1,7,1,3,2,4,7,2,7,6,1.23035604039193,1.42590561171141,1.74956561300156,1.26317473387174,6,2,2,7,7,6,6,6,4,6,7,7,5,3,3,7,7,7,7,1,2,50
176,1,27,7,1,17,10,1,2,4,6,6,2,3,3,3,3,2,2,5,2,5,3,-1.27820321974051, ,-1.38936092797183,-2.53048424592309,4,2,3,6,5,4,7,6,6,3,6,5,6,5,5,3,3,3,2,2,2,73
177,1,66,3,1,16,1,1,4,1,1,1,4,1,5,1,2,1,6,6,1,6,6,-.44201679969636,-.349201374296671,-.604629292728481,-.254288858046192,6,2,1,7,7,6,7,6,7,7,7,7,4,6,7,7,6,6,6,1,2,30
178,1,41,5,1,19,1,1,4,2,4,5,5,1,6,1,1,2,4,6,2,6,5,.394169620347785,.538352118707369,.964833977758214,-.254288858046192,2,5,7,7,5,7,6,7,7,6,7,7,6,5,6,5,5,5,3,5,1,55
179,1,33,13,1,15,10,1,8,2,1,6,7,1,6,1,6,1,7,6,1,7,3,-.44201679969636,.538352118707369,-1.38936092797183,-.254288858046192,3,5,6,3,7,5,2,2,7,7,7,5,7,7,7,6,6,6,3,1,1,50
180,1,55,4,1,15,4,1,4,2,2,2,2,2,7,2,2,2,2,5,1,6,2,.394169620347785,.538352118707369,.180102342514866,1.26317473387174,1,7,7,6,7,7,7,7,7,7,7,7,7,7,7,7,7,7,2,6,1,20
184,1,30,7,1,17,25,1,3,1,5,6,5,1,4,1,2,2,6,2,2,4,2,-.44201679969636,-1.23675486730071,-.604629292728481,-1.01302065400516,5,2,6,6,6,6,7,2,7,6,7,7,7,6,6,5,4,4,2,6,3,45
185,1,31,2,2, ,1,1,1,1,1,2,4,2,3,1,1,1,4,6,1,5,4,-2.11438963978465,-1.23675486730071,-1.38936092797183,-1.77175244996412,5,2,3,4,6,6,5,6,5,4,4,7,6,5,5,6,5,5,5,5,2,35
186,1,60,20,1,18,15,0,0,6,4,4,2,2,5,1,4,4,1,6,1,6,2,-2.11438963978465,-1.23675486730071,-.604629292728481,-1.77175244996412,5,2,2,6,7,7,4,4,3,4,7,5,3,3,5,5,5, ,1,4,6,5
187,1,32,3,1,21,1,1,4,4,3,3,4,4,3,2,3,4,4,4,3,3,3,.394169620347785,-.349201374296671,-1.38936092797183,.504442937912773,4,3,2,5,5,5,5,4,4,4,3,5,4,6,4,5,5,4,4,4,0,40
188,1,70,1,1,19,2,1,2,1,1,5,1,2,3,1,1,1,1,7,1,7,6,-1.27820321974051,-1.23675486730071,-1.38936092797183,-1.77175244996412,5,2,3,5,4,6,7,6,6,7,1,7,7,6,7,7,6,7,6,7,2,5
189,1,29,5,1,16,3,1,2,2,2,6,1,1,5,1,1,1,1,5,1,5,2,-2.11438963978465,-1.23675486730071,-.604629292728481,-.254288858046192,5,3,3,6,6,5,6,3,6,6,7,5,7,7,7,3,3,5,2,1,2,50
190,1,46,2,1,22,3,1,6,4,6,5,2,2,6,2,2,2,2,6,2,3,2,1.23035604039193,.538352118707369,-.604629292728481,1.26317473387174,4,3,2,6,5,6,7,7,7,7,7,6,6,5,5,5,5,5,6,6,1,40
191,1,37,6,1,20,6,1,20,1,1,6,6,1,6,1,1,1,6,7,1,7,1,.394169620347785,.538352118707369,-.604629292728481,-.254288858046192,5,2,2,7,6,5,7,1,4,7,7,7,7,5,7,4,4,6,4,7,1,30
192,1,41,4,1,21,2,1,0,3,4,5,4,4,5,3,2,2,4,5,2,6,4,-2.11438963978465,-1.23675486730071,-.604629292728481,-1.77175244996412,5,3,3,5,6,5,7,7,7,7,7,7,6,6,6,5,5,5,5,5,2,20
193,1,46,10,1,18,5,1,15,5,4,5,6,1,6,1,2,6,6,7,3,7,4,.394169620347785,.538352118707369,-1.38936092797183,.504442937912773,6,2,1,6,3,2,7,2,7,7,1,7,7,7,7,5,4,4,5,6,3,50
194,1,56,20,1,15,25,0,0,3,6,6,2,2,6,2,2,5,2,5,4,6,5,-1.27820321974051,-1.23675486730071,-.604629292728481,-.254288858046192,5,3,3,5,5,5,3,6,7,4,7,4,4,4,4,5,5,5,5,3, , 
195,1,25,1,1,24,4,1,0,1,1,7,7,1,7,1,6,1,7,7,1,7,5,-1.27820321974051,-2.12430836030475,.180102342514866,-1.01302065400516,2,5,7,2,3,3,7,4,4,4,7,3,2,5,5,5,5,5,2,4,0, 
196,1,49,6,1,15,12,2,1,3,6,5,2,3,5,3,2,3,3,5,4,7,5,-.44201679969636,-1.23675486730071,-.604629292728481,.504442937912773,6,1,1,7,7,6,1,6,6,4,7,7,3,5,6,5,5,5,5,5,5,35
198,1,34,5,1,17,32,3,1,4,7,6,7,4,7,6,6,5,6,7,6,5,6,.394169620347785,.538352118707369,.964833977758214,.504442937912773,6,1,4,7,7,7,7,5,4,6,7,3,6,6,6,7,7,7,7,4,0,50
199,1,60,5,1,15,6,1,0,5,2,3,6,1,6,1,5,1,6,7,1,7,1,-2.11438963978465,-1.23675486730071,-.604629292728481,-2.53048424592309,2,3,7,2,4,6,7,1,5,5,1,4,4,5,6,3,5,7,1,1,1,10
201,1,35,20,1,17,40,1,1,2,7,4,4,5,4,5,3,2,4,6,2,5,2,-.44201679969636,-.349201374296671,-.604629292728481,-1.01302065400516,6,2,4,6,6,4,7,5,7,6,7,3,5,5,5,5,5,5,3,1,2,40
202,1,50,4,1,21,9,1,12,1,7,7,4,1,5,1,1,1,5,5,1,5,5,-.44201679969636,.538352118707369,.180102342514866,-.254288858046192,6,1,1,6,7,6,7,6,7,7,7,7,7,7,7,7,7,7,3,5,2,30
203,1,48,5,1,18,5,1,5,1,6,7,1,1,7,1,1,1,1,7,1,7,3,.394169620347785,-.349201374296671,-1.38936092797183,-.254288858046192,2,2,1,6,6,6,6,5,7,7,7,7,5,6,7,7,7,7,7,7,2,50
204,1,42,4,1,21,4,1,30,1,7,6,6,1,7,1,1,1,6,5,1,5,6,-.44201679969636,-1.23675486730071,-1.38936092797183,2.0219065298307,5,4,1,7,5,7,7,7,4,7,7,7,7,7,7,7,7,7,4,7,0,30
205,1,48,5,1,16,21,1,1,2,3,6,5,1,6,1,2,1,5,6,1,4,4,-.44201679969636,-.349201374296671,-.604629292728481,-1.01302065400516,5,3,3,5,5,6,4,5,4,7,7,5,3,5,6,3,5,6,2,1,0,20
206,1,48,5,1,28,5,1,4,1,7,7,6,1,5,1,3,4,6,5,2,3,2,-.44201679969636,-.349201374296671,.180102342514866,-.254288858046192,3,2,2,7,7,7,7,1,7,6,7,6,7,7,7,5,5,5,3,5,1,40
207,1,41,6,1,15,65,1,0,2,7,2,1,5,7,2,5,7,2,5,2,3,1,.394169620347785,.538352118707369,.964833977758214,.504442937912773,6,2,6,7,7,3,5,7,4,4,3,1,1,5,5,2,5,5,1,1,0,35
208,1,60,50,1,15,80,1,10,1,6,6,4,1,6,1,2,4,4,5,1,6,6,.394169620347785,.538352118707369,-.604629292728481,.504442937912773,6,2,2,6,7,6,2,6,6,7,6,2,5,5,6,5,5,5,4,2,2,20
209,1,31,3,1,17,10,1,5,1,1,5,6,4,6,5,1,1,7,6,1,6,7,.394169620347785,.538352118707369,-1.38936092797183,-.254288858046192,7,2,2,6,4,5,1,1,6,7,7,7,1,1,5,2,2,2,2,2,2,40
210,1,38,6,1,17,6,1,13,1,1,7,3,1,7,1,1,1,1,6,1,6,2,.394169620347785,-1.23675486730071,-1.38936092797183,.504442937912773,3,2,3,6,7,7,1,3,5,7,7,7,2,1,1,5,6,6,6,1,4,40
211,1,32,1,1,23,1,1,1,1,5,4,5,1,4,1,1,1,5,5,1,5,5,-1.27820321974051,-1.23675486730071,-.604629292728481,-.254288858046192,5,2,2,6,6,6,6,6,6,6,7,7,7,7,7,6,6,6,5,5,2,40
212,1,48,8,1,16,20,1,0,1,1,5,3,1,5,1,3,1,2,6,1,6,2,-.44201679969636,-1.23675486730071,-.604629292728481,-.254288858046192,4,3,4,4,5,6,6,6,7,6,1,5,7,7,6,5,5,5,3,1,2,25
213,1,45,3,1,24,17,1,4,1,1,1,1,1,5,1,1,1,2,4,1,4,1,.394169620347785,.538352118707369,.180102342514866,.504442937912773,3,2,6,3,7,6,5,7,4,5,7,3,5,5,6,5,7,6,2,1,0,45
214,1,39,30,1,17,30,1,20,1,2,7,7,5,6,1,3,1,7,6,1,6,7,.394169620347785,.538352118707369,-.604629292728481,.504442937912773,5,3,2,6,6,3,2,1,5,6,7,5,6,6,6,6,6,6,4,7,3,10
216,1,32,2,1,23,5,1,2,2,6,6,6,2,6,2,6,2,6,6,2,6,2,1.23035604039193,-1.23675486730071,-.604629292728481,1.26317473387174,6,2,2,2,6,6,6,2,4,7,7,1,6,6,6,1,1,1,1,4,0,60
218,1,19,0,2, ,0,0,0, , , , , , , , , , , , , , ,-2.9505760598288,-2.12430836030475,-1.38936092797183,-2.53048424592309,4,7,7,1,1,6,5,1,4,4,1,1,1,1,1,1,1,1,1,3,0,0
219,1,56,18,1,16,8,1,0,2,6,5,5,1,5,1,2,6,5,6,5,6,5,-2.11438963978465,-1.23675486730071,-.604629292728481,-1.77175244996412,6,2,1,7,7,6,6,1,7,4,7,5,3,5,6,2,2,2,1,2,1,30
220,1,52,6,1,17, ,1,0,7,4,7,4,1,6,1,1,1,4,7,1,4,4,-2.11438963978465,-2.12430836030475,-1.38936092797183,-1.77175244996412,7,1,1,7,7,7,5,7,7,7,7,7,7,4,7,7,7,7,7,7,2,30
221,1,39,3,1,17,3,1,20,3,2,5,3,2,6,3,2,3,5,2,3,6,2,1.23035604039193,.538352118707369,-.604629292728481,-.254288858046192,5,2,4,6,5,4,7,7,7,7,7,6,7,4,3,6,5,6,3,2,2,50
222,1,26,4,1,16,4,1,1,2,1,5,6,2,6,2,2,2,6,7,2,7,6,.394169620347785,.538352118707369,-.604629292728481,.504442937912773,6,1,2,7,7,5,2,1,4,7,7,5,3,2,2,6,6,5,2,2,1,50
223,1,26,3,1,21,4,1,10,6,5,5,6,6,5,4,4,6,6,5,4,4,5,.394169620347785,.538352118707369,-1.38936092797183,.504442937912773,5,2,2,5,4,4,3,3,5,5,5,5,5,4,5,6,6,5,5,4,3,80
225,1,45,4,1,15,4,1,6,1,1,1,1,1,1,1,1,1,1,1,1,1,1,.394169620347785,-.349201374296671,.180102342514866,-.254288858046192,3,5,3,4,4,4,1,1,4,7,5,4,3,1,1,1,1,2,2,2,1,50
226,1,32,6,1,19,6,1,1,1,4,5,6,1,4,1,6,1,6,7,1,6,6,.394169620347785,.538352118707369,.964833977758214,.504442937912773,5,3,3,3,5,5,2,5,7,6,7,3,3,3,4,5,3,3,5,4,2,45
227,1,47,6,1,17,20,1,5,3,6,5,1,4,6,5,5,4,1,7,4,7,5,.394169620347785,.538352118707369,.180102342514866,.504442937912773,5,3,5,4,7,6,1,1,7,6,6,5,2,1,1,7,7,7,7,2,3,40
228,1,33,5,1,19,5,1,11,2,3,2,1,5,7,4,1,3,2,3,6,4,5,.394169620347785,.538352118707369,.964833977758214,-.254288858046192,6,1,2,7,7,5,6,7,5,6,7,7,6,6,6,5,6,5,6,6,3,50
229,1,30,10,1,17,25,2,10,1,5,5,7,1,4,1,3,2,6,5,1,3,3,.394169620347785,-.349201374296671,.180102342514866,-1.01302065400516,6,2,3,5,6,5,6,1,7,6,7,4,6,6,6,5,5,5,3,3,3,50
230,1,34,3,1,23,2,1,2,2,2,6,5,2,3,2,1,1,1,6,1,6,1,.394169620347785,-.349201374296671,.180102342514866,-.254288858046192,6,2,2,6,6,6,1,2,4,6,6,6,5,5,5,5,5,5,5,7,3,40
231,1,57,8,1,15,7,1,10,4,6,6,2,2,7,2,3,3,2,6,1,6,6,.394169620347785,.538352118707369,.180102342514866,.504442937912773,5,1,1,7,6,5,7,6,7,7,7,7,7,7,7,6,6,6,5,6,2,25
232,1,27,2,1,17,2,1,5,1,4,5,1,1,4,1,1,1,1,4,1,4,1,.394169620347785,-.349201374296671,.180102342514866,-1.01302065400516,5,3,3,5,6,2,6,6,6,6,7,7,7,6,6,2,2,2,2,2,4,40
233,1,34,7,1,23,7,1,4,1,4,6,7,1,7,1,4,1,7,7,1,7,5,-.44201679969636,-.349201374296671,-1.38936092797183,-.254288858046192,5,1,3,7,7,6,2,7,4,7,7,6,7,7,7,7,7,7,5,6,2,40
234,1,25,1,1,20,1,0,0,2,5,5,6,1,6,1,3,5,6,6,5,6,5,.394169620347785,-2.12430836030475,-1.38936092797183,-1.77175244996412,3,2,3,2,6,6,7,7,4,4,6,2,7,7,6,3,2,2,3,1,0,50
235,1,29,6,1,17,10,1,5,2,3,5,6,5,5,2,5,5,6,6,5,6,5,-.44201679969636,-.349201374296671,-.604629292728481,-1.01302065400516,5,2,3,5,6,5,3,5,4,6,7,5,5,5,5,3,3,3,2,2,0,50
237,1,28,3,1,15,3,1,6,1,2,5,5,3,4,2,2,2,6,7,2,6,5,.394169620347785,.538352118707369,.964833977758214,-.254288858046192,5,2,3,5,6,3,5,2,4,6,7,6,6,5,5,6,5,6,5,5,2,50
238,1,25,1,1,21,1,1,1,7,6,7,6,7,6,5,7,6,5,6,7,6,5,1.23035604039193,1.42590561171141,2.53429724824491,1.26317473387174,6,2,1,3,5,6,7,6,5,7,1,1,7,7,7,7,7,6,7,6,2,40
239,1,60,3,1,19,3,1,12,2,6,7,5,1,7,1,1,1,6,6,1,6,6,.394169620347785,-.349201374296671,.180102342514866,.504442937912773,7,2,1,7,7,6,7,7,7,7,7,7,7,7,7,7,7,7,7,2,2,30
240,1,39,1,1,21,1,1,0,1,1,7,1,1,1,1,1,1,1,7,1,1,1,-2.11438963978465,-1.23675486730071,-.604629292728481,-1.77175244996412,7,1,1,7,7,7,7,1,7,7,7,7,7,7,7,7,7,7,7,7,3,40
242,1,29,1,1,17,2,2,5,2,4,6,4,1,4,1,1,1,4,4,1,4,5,.394169620347785,-1.23675486730071,.180102342514866,1.26317473387174,4,3,2,5,3,5,5,5,4,6,5,7,7,6,5,6,5,5,4,4,3,60
243,1,45,50,1,14,30,1,10,1,4,4,4,4,6,1,4,4,4,7,4,7,4,1.23035604039193,.538352118707369,-.604629292728481,1.26317473387174,6,3,3,5,6,5,3,1,7,7,7,2,7,5,5,5,4,4,5,6,2,50
244,1,30,1,1,21,1,1,8,1,2,1,2,1,1,1,1,1,1,3,1,1,1,-2.11438963978465,-.349201374296671,-1.38936092797183,-1.77175244996412,5,4,6,5,6,4,6,6,5,4,7,4,5,4,4,4,4,4,2,4,2,50
245,1,31,1,1,16,1,1,1,2,5,2,2,4,2,6,3,6,4,3,2,5,6,.394169620347785,-.349201374296671,.180102342514866,-1.01302065400516,2,3,6,5,6,6,4,6,2,7,2,4,2,5,4,2,2,3,5,1,2,40
246,1,37,3,1,15,5,1,2,1,5,6,4,1,5,1,3,1,5,4,1,6,3,.394169620347785,.538352118707369,.964833977758214,.504442937912773,5,3,3,5,6,7,2,4,6,5,7,5,7,6,6,2,2,2,2,2,1, 
247,1,45,5,1,17,2,1,6,1,4,7,4,1,7,1,1,1,5,7,1,7,1,.394169620347785,.538352118707369,-1.38936092797183,.504442937912773,5,2,1,7,6,7,6,5,7,7,7,7,6,6,6,7,7,7,4,4,2,45
248,1,33,10,1,18,12,1,4,7,5,7,7,1,7,1,3,1,7,7,1,7,5,1.23035604039193,.538352118707369,-.604629292728481,.504442937912773,5,1,1,7,7,5,5,5,6,7,7,3,6,5,5,5,5,5,3,3,2,50
250,1,47,10,1,16,20,2,25,1,5,5,4,4,4,4,1,1,1,1,1,1,4,1.23035604039193,1.42590561171141,.964833977758214,2.0219065298307,7,1,1,7,7,7,7,7,7,7,7,7,7,7,7,7,7,7,7,7,0,30
251,1,50,6,1,19,5,1,10,2,6,7,2,2,6,2,3,4,2,6,2,5,5,.394169620347785,.538352118707369,-1.38936092797183,.504442937912773,2,2,4,6,6,6,6,6,7,7,7,5,6,6,6,6,7,7,4,1,2,40
252,1,47,4,1,13,80,1,3,2,6,5,2,1,3,1,4,3,5,5,1,5,1,-1.27820321974051,-.349201374296671,.180102342514866,-.254288858046192,6,2,2,6,5,6,5,5,4,7,7,1,5,5,5,3,6,6,1,1,0,40
253,1,36,1,2, ,1,1,1,2,2,5,2,4,6,4,5,2,2,3,2,5,5,-.44201679969636,-.349201374296671,.964833977758214,-1.01302065400516,6,2,2,6,6,6,6,6,6,6,6,6,6,6,6,6,6,6,6,6,1,1
254,1,57,7,1,17,6,1,0,5,7,7,1,6,4,5,1,6,1,5,5,7,5,1.23035604039193,-1.23675486730071,-.604629292728481,-1.77175244996412,7,1,4,7,7,6,7,7,7,7,7,7,7,7,7,7,7,5,4,5,2,30
255,1,29,3,1,17,2,1,3,1,4,6,3,1,7,1,5,1,4,7,1,7,1,-.44201679969636,-.349201374296671,.180102342514866,-1.01302065400516,7,1,1,7,7,7,5,3,7,7,7,5,7,7,7,7,7,7,5,1,1,45
256,1,25,2,1,16,15,1,1,6,5,6,4,5,6,6,4,7,3,5,6,5,6,-.44201679969636,-1.23675486730071,-.604629292728481,-1.01302065400516,5,2,3,6,6,4,7,7,4,5,6,3,7,7,6,7,7,7,6,1,2,55
258,1,32,5,1,19,5,1,6,1,7,5,1,1,3,1,1,2,1,7,1,6,1,.394169620347785,-2.12430836030475,-1.38936092797183,-1.77175244996412,6,2,1,7,7,6,7,7,7,7,7,6,7,7,7,3,3,3,2,6,2,50
259,1,36,3,1,14,2,1,20,1,6,7,1,1,6,1,1,1,4,7,2,6,1,.394169620347785,.538352118707369,-.604629292728481,.504442937912773,6,1,3,7,7,5,5,7,7,7,7,7,6,6,6,7,7,7,4,7,2,50
260,1,41,7,1,26,2,1,0,1,4,5,2,3,3,1,1,1,3,4,1,4,2,-.44201679969636,-1.23675486730071,-1.38936092797183,-.254288858046192,3,2,2,6,6,2,6,3,7,2,7,7,7,7,7,7,7,7,5,6,2,40
261,1,33,3,1,18,6,1,15,3,2,5,6,1,6,1,3,2,6,7,1,7,6,.394169620347785,-1.23675486730071,-.604629292728481,-.254288858046192,6,2,2,7,7,5,7,4,7,7,7,6,7,7,6,6,6,6,5,5,2,40
262,1,26,6,1,17,6,1,2,5,7,7,2,2,6,2,1,1,2,7,2,7,6,.394169620347785,-.349201374296671,-1.38936092797183,.504442937912773,6,2,1,7,6,7,6,6,4,6,7,7,7,6,6,7,6,7,4,5,1,60
264,1,34,5,1,15,3,1,1,6,6,6,3,6,6,6,6,6,4,6,6,6,6,1.23035604039193,2.31345910471545,2.53429724824491,1.26317473387174,6,1,2,7,6,5,6,7,7,7,7,7,7,6,7,7,7,7,7,7,3,10
265,1,33,1,1,25,1,1,5,3,5,5,5,3,4,3,3,3,4,5,3,4,3,.394169620347785,.538352118707369,.964833977758214,-.254288858046192,6,2,4,4,5,3,5,5,1,5,7,7,7,7,7,7,7,7,3,1,0,40
266,1,56,4,1,17,3,1,8,2,6,6,2,2,6,2,1,5,2,5,5,5,4,.394169620347785,.538352118707369,-.604629292728481,-.254288858046192,6,2,2,6,6,6,7,7,7,7,7,7,7,7,7,7,7,7,7,7,2,35
267,1,34,4,1,23,1,1,4,1,5,6,6,3,7,3,5,2,7,7,3,7,5,.394169620347785,.538352118707369,-1.38936092797183,-1.01302065400516,5,2,2,6,5,7,1,5,7,7,7,6,5,1,5,5,1,5,5,6,1,40
268,1,55,11,1,17,11,1,3,2,6,5,3,1,5,1,1,1,3,6,1,6,5,-.44201679969636,-.349201374296671,-.604629292728481,-1.01302065400516,6,2,3,5,6,6,5,3,7,7,7,7,6,5,5,3,3,3,2,2,2,30
269,1,24,5,1,16,20,1,4,1,1,4,5,5,6,4,4,5,3,4,5,4,5,-.44201679969636,-.349201374296671,.964833977758214,.504442937912773,5,3,3,5,6,5,4,5,6,4,5,4,5,3,4,5,5,4,5,4,0,0
270,1,30,3,1,19,3,1,8,4,5,5,6,6,6,5,5,4,6,6,6,6,6,.394169620347785,-.349201374296671,.964833977758214,1.26317473387174,6,3,3,4,4,3,6,6,5,4,6,6,6,6,5,5,5,5,5,2,2,20
271,1,32,11,1,18,11,1,8,1,4,3,2,1,6,1,5,1,2,7,1,7,2,.394169620347785,.538352118707369,-1.38936092797183,-.254288858046192,6,2,3,7,6,7,6,6,4,7,7,6,5,5,5,3,3,3,2,1,0,68
273,1,42,1,1,23,1,1,2,7,1,2,3,5,6,5,1,1,2,6,1,6,6,-.44201679969636,-.349201374296671,.180102342514866,.504442937912773,7,1,1,7,7,7,7,7,7,7,7,7,7,7,7,7,7,7,7,7,0,20
274,1,43,5,1,16,5,1,15,1,1,1,1,1,7,7,1,1,1,7,1,7,1,.394169620347785,.538352118707369,-1.38936092797183,-.254288858046192,6,1,1,6,6,5,1,1,6,6,7,7,1,1,1,7,7,7,1,1,2,20
276,1,35,3,1,16,11,1,15,1,1,1,1,1,1,1,5,1,1,1,1,1,1,.394169620347785,-.349201374296671,-.604629292728481,-.254288858046192,7,1,1,7,7,7,7,7,7,7,7,7,7,7,7,7,7,7,7,7,3,50
277,1,24,2,1,17,2,1,1,3,2,2,3,4,3,2,4,3,2,4,3,3,4,.394169620347785,.538352118707369,.964833977758214,-.254288858046192,3,4,6,4,3,2,3,5,3,3,3,2,5,2,3,3,2,4,3,2,0,60
278,1,45,20,1,15,11,1,6,5,7,6,4,3,6,3,1,4,3,5,3,5,4,-.44201679969636,.538352118707369,-.604629292728481,-.254288858046192,3,3,3,5,5,3,7,1,7,6,7,4,3,3,3,6,6,6,3,5,1,20
280,1,30,4,1,18,10,1,2,2,7,6,4,5,5,5,2,5,4,4,6,5,5,-.44201679969636,-1.23675486730071,-.604629292728481,-1.77175244996412,6,3,3,6,5,6,6,6,6,6,6,5,6,6,6,5,5,6,6,6,2,60
281,1,32,10,1,19,8,1,0,5,5,6,3,3,5,3,4,4,4,3,2,5,4,-1.27820321974051,-1.23675486730071,-.604629292728481,.504442937912773,3,2,4,5,7,4,3,5,5,3,6,5,5,4,4,7,7,7,5,4,1,30
282,1,34,3,1,14,4,1,0,1,7,5,7,1,5,1,2,1,7,6,1,5,7,.394169620347785,-.349201374296671,.964833977758214,-.254288858046192,5,3,5,5,7,7,3,7,4,7,7,1,7,5,6,3,3,2,1,1,0,40
283,1,35,0,1,20,3,1,30,6,4,7,1,1,7,1,1,5,1,7,1,7,2,.394169620347785,.538352118707369,-1.38936092797183,.504442937912773,5,1,3,6,7,2,7,5,4,7,7,7,7,7,7,6,6,6,5,7,2,100
284,1,40,10,1,16,8,1,3,2,3,6,4,1,4,1,3,1,3,6,1,5,4,-.44201679969636,-.349201374296671,-.604629292728481,-.254288858046192,6,1,4,6,7,5,7,7,7,7,7,6,7,7,7,6,6,6,6,6,1,10
285,1,25,3,1,20,3,1,20,3,7,7,7,1,7,1,1,1,7,7,2,4,1,1.23035604039193,.538352118707369,.964833977758214,.504442937912773,3,2,5,6,7,6,6,6,1,6,6,1,5,6,6,6,6,6,6,6,0,40
286,1,38,2,1,26,1,1,5,2,4,5,5,2,5,2,3,2,5,5,2,5,4,-.44201679969636,.538352118707369,-.604629292728481,-1.01302065400516,6,3,3,5,5,5,6,6,6,6,6,6,6,6,6,6,5,4,5,5,2,15
287,1,35,2,1,24,2,1,0,4,3,6,5,1,5,1,3,1,5,7,1,6,5,-.44201679969636,-1.23675486730071,-.604629292728481,-1.01302065400516,6,2,2,6,7,6,7,7,7,7,7,7,7,7,7,7,7,7,5,1,2,50
289,1,44,2,1,29,1,1,1,6,5,6,5,4,5,6,7,6,5,6,1,1,1,.394169620347785,-1.23675486730071,-.604629292728481,.504442937912773,5,2,1,7,7,6,7,6,7,7,6,7,7,6,7,4,6,7,6,5,1,25
290,1,39,2,1,20,4,0,0,5,6,7,2,4,4,4,1,4,4,5,6,5,1,-2.11438963978465,-1.23675486730071,-.604629292728481,-1.77175244996412,4,3,5,4,5,6,7,7,7,2,7,7,6,6,6,6,6,6,1,1,3,50
291,1,47,7,1,17,7,1,4,1,6,7,1,1,7,1,5,1,1,7,1,4,1,-.44201679969636,-.349201374296671,-.604629292728481,-1.77175244996412,5,2,1,6,7,7,1,2,2,3,7,7,1,1,1,5,5,5,1,3,3,0
292,1,38,11,1,15,11,1,20,1,7,4,4,4,4,4,4,3,3,3,3,3,4,1.23035604039193,1.42590561171141,.180102342514866,2.0219065298307,7,1,2,7,7,5,1,1,7,7,7,7,1,1,1,6,4,4,5,7,2, 
293,1,36,7,1,12,7,0,0,2,7,5,5,2,5,4,3,5,5,3,5,3,5,-1.27820321974051,-1.23675486730071,-.604629292728481,-1.77175244996412,6,2,3,5,7,7,7,2,4,4,7,7,7,7,7,6,6,6,3,2,0,20
295,1,44,6,1,16,6,1,15,5,6,3,2,2,5,2,2,5,2,5,2,5,2,.394169620347785,.538352118707369,.180102342514866,.504442937912773,5,4,2,6,5,7,7,3,4,6,6,2,7,6,6,6,6,6,5,4,0,35
296,1,34,2,1,18,4,1,5,1,4,7,4,1,7,1,6,1,4,6,1,7,4,.394169620347785,.538352118707369,-1.38936092797183,-1.77175244996412,7,2,1,7,7,7,5,1,7,7,7,6,7,7,7,7,7,7,5,7,4,65
297,1,38,5,1,18,5,1,12,1,1,5,6,3,3,1,1,1,6,5,1,5,2,.394169620347785,1.42590561171141,-1.38936092797183,1.26317473387174,3,2,2,6,7,6,7,7,7,7,1,6,6,7,6,6,6,6,6,7,5,60
298,1,44,15,1,16,12,1,12,5,5,6,2,2,4,2,3,2,2,6,2,6,2,-.44201679969636,-1.23675486730071,-.604629292728481,-1.01302065400516,1,3,7,1,1,6,3,7,5,2,7,7,6,5,7,5,5,6,2,2,3,16
299,1,44,6,1,17,10,0,0,1,7,7,6,1,5,1,1,1,6,4,1,4,4,-2.11438963978465,-1.23675486730071,-.604629292728481,-2.53048424592309,5,1,3,6,7,5,1,1,4,3,7,7,5,3,7,3,2,7,1,4,0,30
300,1,28,2,1,21,2,1,12,2,2,2,2,2,6,2,2,3,3,3,2,3,3,1.23035604039193,1.42590561171141,-1.38936092797183,1.26317473387174,6,2,3,3,4,5,5,5,4,3,3,4,5,4,3,4,5,4,3,4,3,60
301,1,56,4,1,21,6,0,0,1,1,1,1,1,1,1,1,1,1,6,1,4,4,.394169620347785,-1.23675486730071,-.604629292728481,-.254288858046192,4,2,2,6,7,6,6,6,4,4,7,7,6,6,6,6,6,6,6,6,0,50
302,1,66,20,1,15,100,0,0,2,6,6,6,2,6,2,6,6,6,4,6,4,6,-2.11438963978465,-1.23675486730071,-.604629292728481,-.254288858046192,2,1,6,6,6,6,7,7,1,4,7,7,1,1,1,4,4,4,1,1,2,5
303,1,62,4,1,17,12,0,0,2,5,5,1,1,4,1,4,1,1,5,2,5,5,-2.11438963978465,-2.12430836030475,-1.38936092797183,-1.77175244996412,4,5,3,5,4,7,1,1,3,1,7,7,5,4,6,4,5,5,2,1,1,35
304,1,33,8,1,17,11,1,0,4,4,4,4,4,4,4,4,4,4,4,4,4,4,-2.11438963978465,-2.12430836030475,-1.38936092797183,-2.53048424592309,6,2,3,5,5,5,4,4,6,1,7,7,6,2,5,5,5,5,5,5,2,50
305,1,31,2,1,27,1,1,1,2,2,1,2,2,4,1,1,2,2,6,1,6,5,-2.11438963978465,-1.23675486730071,-.604629292728481,-.254288858046192,5,2,4,5,6,5,6,5,6,5,2,4,5,5,6,5,5,6,4,5,2,45
307,0,30,1,1,28,1,0,0,1,7,5,2,1,5,1,1,1,2,6,1,5,6,.394169620347785,.538352118707369,.964833977758214,-.254288858046192,5,1,3,2,5,6,2,2,4,5,6,7,6,3,1,5,7,5,1,1,0,20
308,0,30,1,2, ,1,1,12,7,4,3,5,2,7,2,2,2,6,5,3,6,6,.394169620347785,.538352118707369,-.604629292728481,1.26317473387174,6,2,2,7,7,5,6,7,6,7,2,5,7,7,7,7,7,7,6,6,2, 
309,0,35,4,1,18,2,1,15,3,5,5,4,4,6,3,2,4,4,5,1,4,3,.394169620347785,.538352118707369,.180102342514866,-.254288858046192,4,3,5,5,6,5,3,5,3,6,4,2,5,6,3,5,4,4,5,6,3,40
312,0,34,2,1,18,2,0,0,1,6,6,7,1,6,1,2,1,7,7,1,7,5,-.44201679969636,-.349201374296671,.180102342514866,-.254288858046192,7,1,1,7,5,4,6,4,7,7,7,5,4,5,5,5,4,4,3,3,3,40
316,0,39,5,1,23,2,1,10,5,7,6,7,2,5,2,1,2,7,5,2,5,6,.394169620347785,.538352118707369,-.604629292728481,-1.01302065400516,6,5,1,5,2,6,7,7,6,7,7,7,6,7,7,6,7,7,6,6,2,40
318,0,25,6,1,16,6,1,8,3,4,3,5,4,4,3,2,3,5,5,4,6,2,.394169620347785,.538352118707369,1.74956561300156,.504442937912773,5,2,2,6,6,3,6,5,5,6,5,6,5,5,5,6,6,5,5,5,2,40
321,0,30,2,1,24,2,2,2,3,2,1,2,1,2,2,5,5,5,6,6,5,5,1.23035604039193,.538352118707369,.964833977758214,.504442937912773,6,3,1,2,7,3,5,6,6,6,5,6,6,6,6,6,5,6,5,5,0,30
322,0,32,12,1,21,4,1,18,1,7,7,7,4,7,4,7,4,7,7,1,7,3,1.23035604039193,.538352118707369,.964833977758214,-.254288858046192,1,1,1,1,7,7,7,1,1,7,1,1,7,7,7,7,7,7,1,1,1,60
323,0,33,7,1,26,5,1,0,2,7,6,7,1,5,1,4,2,7,6,2,6,5,1.23035604039193,1.42590561171141,1.74956561300156,.504442937912773,4,2,6,6,7,5,1,6,4,4,4,6,5,5,5,6,3,3,2,1,2,80
324,0,32,5,1,21,4,1,4,2,6,7,6,1,5,1,5,3,7,5,3,4,7,.394169620347785,.538352118707369,.964833977758214,-.254288858046192,5,3,2,5,6,7,2,7,7,6,5,1,5,5,5,5,5,5,3,1,5,40
326,0,45,2,1,25,1,1,10,1,1,1,4,4,5,1,1,1,1,5,1,5,2,.394169620347785,.538352118707369,-.604629292728481,-.254288858046192,5,2,2,7,6,6,6,6,7,6,7,7,6,5,6,6,6,6,5,5,1,20
328,0,31,1,2, ,1,1,0,5,6,4,3,4,3,4,6,5,4,3,5,6,5,-2.11438963978465,-2.12430836030475,-.604629292728481,-.254288858046192,5,2,3,3,4,2,5,5,4,6,5,6,4,3,4,5,6,4,5,6,2,50
329,0,43,15,1,18,14,1,1,1,1,6,1,1,6,1,1,1,1,6,1,6,5,1.23035604039193,-1.23675486730071,-.604629292728481,-.254288858046192,5,3,2,5,6,6,7,7,7,7,7,6,5,7,7,7,6,6,4,6,4,50
331,0,39,8,1,19,8,1,0,1,7,6,1,1,6,1,3,1,1,6,1,6,4,.394169620347785,-.349201374296671,.180102342514866,-1.77175244996412,5,3,1,3,3,2,7,7,4,4,1,5,7,7,7,7,7,7,5,5,2,40
334,0,50,12,1,15,10,1,2,5,5,6,6,5,5,3,5,5,5,4,5,4,5,.394169620347785,.538352118707369,.964833977758214,.504442937912773,3,4,5,2,5,3,4,3,3,6,6,5,5,3,4,4,3,4,5,3,2,30
335,0,30,5,1,23,1,1,8,1,1,6,6,4,5,1,1,1,6,6,1,6,2,.394169620347785,.538352118707369,.180102342514866,.504442937912773,5,3,3,6,6,5,6,6,4,7,7,7,6,6,6,6,6,6,6,6,3,50
336,0,34,1,1,27,1,1,5,6,4,3,4,5,4,3,5,6,4,5,4,5,4,.394169620347785,.538352118707369,.180102342514866,.504442937912773,5,5,5,5,5,4,5,4,3,5,4,5,4,5,5,4,2,5,4,5,0,70
337,0,37,3,1,21,3,1,10,6,6,6,4,5,5,5,7,5,3,6,6,5,7,1.23035604039193,.538352118707369,-.604629292728481,.504442937912773,5,5,1,7,7,7,1,1,5,4,5,6,3,6,7,4,3,5,7,7,2,20
338,0,26,10,2, ,1,1,1,6,4,2,4,6,4,6,4,2,4,1,4,2,6,-2.9505760598288,-1.23675486730071,-1.38936092797183,1.26317473387174,6,1,4,4,6,5,6,6,7,4,2,4,6,7,7,7,7,6,7,7,1,50
339,0,47,2,1,28,3,0,0,5,6,6,4,2,4,2,6,2,4,5,2,5,6,.394169620347785,.538352118707369,.964833977758214,-.254288858046192,3,3,5,5,3,7,5,4,4,4,3,5,7,5,5,6,3,3,2,2,0,30
340,0,66,3,1,20,1,1,4,2,4,5,4,1,5,1,1,4,4,7,1,7,5,.394169620347785,-.349201374296671,-.604629292728481,-.254288858046192,5,2,2,7,6,2,5,3,6,7,7,7,5,3,5,5,3,3,5,5,2,15
341,0,25,1,1,21,1,1,1,6,4,5,6,5,5,4,5,6,4,6,4,5,4,-2.11438963978465,-1.23675486730071,-.604629292728481,-.254288858046192,6,3,3,6,5,4,5,6,5,4,6,5,4,5,5,4,5,6,5,4,1,60
342,0,29,7,1,16,7,1,22,1,7,6,6,1,7,1,6,6,6,7,6,7,7,1.23035604039193,.538352118707369,.180102342514866,1.26317473387174,7,1,1,7,7,2,2,1,4,6,7,3,7,7,7,7,6,6,5,2,1,50
343,0,62,10,1,18,4,1,4,2,2,6,2,1,5,1,2,2,2,4,2,4,2,-.44201679969636,-.349201374296671,-1.38936092797183,.504442937912773,2,2,6,5,6,3,2,2,5,7,7,3,3,2,2,3,2,2,2,2,2,35
345,0,27,2,1,22,2,1,1,5,3,5,6,3,3,5,6,4,3,5,4,6,5,-.44201679969636,-.349201374296671,.180102342514866,-.254288858046192,6,5,5,4,5,3,3,4,5,4,6,4,3,5,4,3,5,6,5,3,0,50
346,0,53,10,1,17,4,1,1,5,3,5,5,5,4,7,6,2,6,5,2,4,6,1.23035604039193,.538352118707369,.964833977758214,-.254288858046192,5,3,2,6,4,2,6,6,2,5,6,3,4,5,5,4,4,4,4,2,2,20
347,0,32,5,1,20,5,1,1,4,4,5,4,5,3,5,4,5,5,4,5,2,5,-.44201679969636,-.349201374296671,.180102342514866,-.254288858046192,4,3,5,5,4,5,4,5,3,4,4,3,3,4,4,3,3,6,4,4,1,70
349,0,32,1,1,31,1,1,2,4,6,4,5,5,5,4,4,5,6,6,5,5,5,-.44201679969636,-1.23675486730071,-.604629292728481,-.254288858046192,5,2,3,6,6,6,5,4,4,5,5,5,7,7,7,6,6,6,5,5,1,75
350,0,26,1,1,25,1,1,1,4,4,5,4,5,6,5,5,4,5,5,5,5,5,.394169620347785,-2.12430836030475,.964833977758214,.504442937912773,5,2,2,6,6,5,4,4,4,5,6,7,5,4,4,6,6,6,4,3,2,40
353,0,34,6,1,16,6,1,15,1,4,5,6,1,5,4,5,3,6,6,3,7,5,.394169620347785,.538352118707369,.964833977758214,.504442937912773,5,2,5,6,5,3,6,6,7,7,5,2,5,5,5,4,3,6,3,2,3,60
354,0,26,10,1,13,30,10,5,1,7,7,1,1,7,1,1,5,1,7,6,7,1,.394169620347785,-.349201374296671,-.604629292728481,-.254288858046192,6,1,1,7,7,6,7,7,4,4,6,1,7,7,7,7,7,7,5,5,0,40
357,0,27,7,1,18,7,1,11,2,2,2,5,5,6,2,5,2,6,6,2,5,6,.394169620347785,.538352118707369,.180102342514866,-.254288858046192,6,2,2,6,3,6,6,6,6,6,7,5,5,5,5,5,5,5,5,5,7,80
358,0,43,1,1,22,4,1,30,1,2,6,4,4,7,1,4,1,4,7,2,7,6,1.23035604039193,2.31345910471545,2.53429724824491,1.26317473387174,4,2,4,4,5,5,6,2,7,7,4,2,2,2,2,3,3,3,3,3,2,35
359,0,42,2,1,28,1,1,3,2,2,5,1,3,7,2,4,2,1,7,4,7,1,-2.11438963978465,-1.23675486730071,.180102342514866,-1.01302065400516,1,4,2,5,4,7,6,4,6,6,6,6,4,3,3,5,5,6,6,4,2,30
360,0,44,0,2, ,1,1,0,5,5,6,4,5,6,4,5,6,4,3,5,6,5,-.44201679969636,.538352118707369,-.604629292728481,-.254288858046192,5,4,5,4,5,6,5,4,3,5,5,6,5,4,3,4,5,6,4,3,3,25
361,0,39,3,1,15,5,1,17,5,3,6,5,5,5,5,4,6,6,6,5,4,6,.394169620347785,.538352118707369,-.604629292728481,1.26317473387174,5,3,2,6,5,3,6,4,6,6,6,6,5,6,6,6,6,5,6,2,2,50
362,0,71,3,2, ,1,1,4,6,6,6,7,6,7,7,6,2,7,6,6,6,7,1.23035604039193,-.349201374296671,.964833977758214,1.26317473387174,6,3,2,7,7,7,6,6,6,6,6,6,6,6,7,7,7,6,6,6,2,10
363,0,24,2,1,23,10,5,1,5,5,6,3,2,5,3,5,1,5,2,6,3,5,.394169620347785,-1.23675486730071,.964833977758214,.504442937912773,5,6,2,3,5,3,5,2,5,2,5,2,5,2,5,3,6,4,6,2,0,80
364,0,29,5,1,17,9,1,3,5,3,4,2,5,3,4,3,3,6,5,3,5,4,-1.27820321974051,.538352118707369,.964833977758214,-.254288858046192,5,3,2,4,5,5,3,2,5,5,5,6,6,4,5,5,3,4,6,5, ,50
365,0,32,3,1,25,1,1,20,2,6,4,1,2,7,2,2,1,1,7,1,7,5,1.23035604039193,.538352118707369,-.604629292728481,.504442937912773,5,2,2,6,6,3,5,5,7,7,1,1,5,5,6,6,6,6,5,6,2,40
366,0,34,3,1,22,8,1,2,2,4,6,7,5,4,5,2,4,7,7,1,7,6,.394169620347785,-1.23675486730071,-.604629292728481,-1.01302065400516,4,5,2,7,7,5,7,7,4,6,4,1,3,2,2,1,2,2,2,3,2,60
368,0,32,1,1,26,1,1,35,5,6,5,6,5,5,5,5,6,5,6,5,5,6,.394169620347785,.538352118707369,-.604629292728481,.504442937912773,6,1,2,6,6,7,6,7,6,7,6,7,6,6,6,7,6,6,7,6,2,20
371,0,30,1,2, ,0,0,0,4,2,3,4,3,4,4,1,3,1,3,4,1,1,-.44201679969636,-.349201374296671,.180102342514866,-.254288858046192,3,4,3,4,5,4,1,1,1,1,1,1,1,3,1,3,4,4,5,4,1,45
373,0,45,8,1,17,7,1,7,1,7,7,7,1,7,1,1,4,7,7,1,7,7,.394169620347785,.538352118707369,-1.38936092797183,1.26317473387174,6,2,3,7,7,6,1,7,7,7,7,7,6,5,6,6,6,6,5,6,0,40
374,0,29,10,1,17,11,0,0,2,6,6,5,6,6,1,4,1,5,7,1,6,2,.394169620347785,-1.23675486730071,-.604629292728481,-.254288858046192,6,1,1,7,6,3,7,2,4,4,7,6,5,5,5,6,6,6,2,2,1,40
375,0,49,1,1,25,2,1,10,1,2,5,6,2,7,2,3,5,6,6,4,6,7,.394169620347785,.538352118707369,-.604629292728481,-.254288858046192,6,1,1,7,7,6,7,7,7,7,2,5,7,7,7,7,6,7,7,7,2,10
378,0,29,6,1,18,4,1,8,1,5,6,6,1,6,1,5,4,6,6,1,6,6,1.23035604039193,.538352118707369,.964833977758214,-1.01302065400516,5,2,3,6,6,2,7,3,4,7,7,2,7,7,7,4,2,3,2,1,2,80
380,0,31,2,1,17,1,1,18,1,4,6,7,1,6,1,1,1,6,7,1,6,5,1.23035604039193,.538352118707369,.964833977758214,1.26317473387174,7,1,1,7,7,7,5,1,7,7,7,2,6,5,6,6,6,6,6,4,4,55
381,0,31,12,1,14,10,1,5,1,1,7,7,1,7,1,2,1,7,6,1,6,7,1.23035604039193,.538352118707369,.964833977758214,.504442937912773,6,1,1,6,2,2,7,5,4,7,6,2,6,5,5,6,5,5,2,4,0,40
382,0,43,12,1,19,10,1,2,6,6,4,3,4,3,5,3,3,5,5,2,4,4,.394169620347785,1.42590561171141,.964833977758214,1.26317473387174,5,2,4,4,4,6,4,3,5,5,3,3,6,4,3,5,5,2,5,5,2,2
385,0,27,2,1,20,2,1,1,1,5,6,5,1,7,1,1,1,6,7,1,6,6,.394169620347785,.538352118707369,-.604629292728481,-.254288858046192,1,2,1,5,6,2,7,7,4,7,1,7,6,6,6,6,6,6,5,5,1,45
387,0,57,22,1,17,17,1,6,4,5,6,6,4,6,3,3,4,6,6,4,6,6,.394169620347785,-.349201374296671,-1.38936092797183,-.254288858046192,4,3,2,6,5,5,6,6,6,6,6,6,6,6,6,6,5,6,3,2,0,30
388,0,21,1,1,21,1,1,4,1,1,1,6,4,7,5,7,5,7,7,6,7,1,.394169620347785,1.42590561171141,2.53429724824491,1.26317473387174,7,4,3,3,6,4,5,6,2,7,3,6,3,7,7,7,2,5,4,6,2,40
389,0,29,4,1,24,3,1,5,1,7,7,7,1,7,1,1,1,7,7,1,7,7,1.23035604039193,.538352118707369,.964833977758214,.504442937912773,7,1,1,7,7,5,6,7,4,7,7,7,7,7,7,7,7,7,4,4,0,5
390,0,38,5,1,16,5,1,10,5,4,3,5,6,5,2,3,4,2,6,3,3,1,.394169620347785,.538352118707369,.964833977758214,-1.01302065400516,6,2,6,2,5,2,5,1,1,4,6,6,4,4,3,2,2,2,1,1,1,60
391,0,32,0,2, ,0,0,0,1,4,6,2,1,7,1,1,2,6,6,5,6,6,-.44201679969636,-2.12430836030475,.180102342514866,-1.77175244996412,5,2,3,6,4,3,7,5,4,1,7,7,6,6,7,2,4,2,2,6, , 
392,0,30,5,1,17,5,1,15,2,6,3,4,1,5,2,5,4,3,4,2,4,4,1.23035604039193,1.42590561171141,.964833977758214,.504442937912773,4,3,2,5,6,5,7,6,4,5,4,4,5,5,5,4,5,4,4,2,1,60
393,0,40,8,1,21,5,1,10,1,2,6,6,1,6,2,2,1,6,5,1,5,5,.394169620347785,.538352118707369,-.604629292728481,.504442937912773,7,1,3,6,7,5,7,7,7,7,7,7,7,6,6,5,5,5,2,2,2,50
394,0,62,12,1,14,7,1,2,3,6,6,1,2,5,1,1,1,1,7,1,7,4,.394169620347785,.538352118707369,-1.38936092797183,-.254288858046192,6,1,1,7,7,6,6,5,7,7,7,7,1,1,1,7,7,7,6,1,2,25
395,0,33,3,1,8,3,2,1,3,4,6,2,2,7,2,6,6, ,6,5,7,2,.394169620347785,1.42590561171141,-.604629292728481,.504442937912773,5,2,3,6,5,6,2,2,2,7,3,6,5,5,6,5,6,5,6,6,1,36
396,0,42,5,1,15,20,1,12,4,4,5,4,4,5,4,5,4,4,6,4,5,5,1.23035604039193,.538352118707369,.964833977758214,-.254288858046192,5,3,2,6,5,5,6,6,6,6,7,5,6,6,6,6,6,6,5,1,2,50
397,0,25,2,1,19,1,1,3,6,5,6,5,6,5,6,6,4,4,4,5,4,5,1.23035604039193,2.31345910471545,2.53429724824491,2.0219065298307,6,2,3,6,6,5,6,6,5,6,5,5,5,6,5,6,5,5,6,5,3,40
398,0,36,2,1,24,1,1,4,1,7,3,1,1,4,1,1,1,1,6,1,5,3,.394169620347785,.538352118707369,1.74956561300156,.504442937912773,5,2,3,6,7,6,6,5,7,7,7,2,6,5,5,6,6,6,3,2,2,50
399,0,35,12,1,17,18,2,0,1,7,5,5,6,5,4,6,3,5,6,3,5,3,1.23035604039193,1.42590561171141,1.74956561300156,2.0219065298307,6,2,2,6,5,5,6,1,7,7,3,1,3,3,3,6,6,6,2,4,2,40
400,0,33,26,1,17,26,1,20,5,7,7,5,5,7,7,6,7,5,7,5,7,5,1.23035604039193,.538352118707369,.180102342514866,-.254288858046192,7,1,1,7,7,1,7,7,7,7,7,5,6,2,2,7,5,5,5,6,2,30
