Participant_ID,Participant_Sex,Participant_Age,MEQ1,MEQ2,MEQ3,MEQ4,MEQ5,MEQ6,MEQ7,MEQ8,MEQ9,MEQ10,MEQ11,MEQ12,MRSF1,MRSF2,MRSF3,MRSF4,MRSF5,MRSF6,MRSF7,MRSF8,MRSF9,MRSF10,MRSF11,MRSF12,MRSF13,MRSF14,MRSF15,MRSF16,MRSF17,MRSF18,MRSF19,MRSF20,MRSF21,MRSF22,MRSF23,MRSF24,MRSF25,MRSF26,MRSF27,MRSF28,MRSF29,MRSF30,MRSF31,MRSF32,MRSF33,MRSF34,MRSF35,MRSF36,MRSF37,MRSF38
38,1,28,3,2,4,5,4,1,3,2,5,3,5,6,2,1,2,3,3,2,3,3,4,3,2,4,3,2,4,2,3,3,2,4,2,3,3,3,2,2,2,1,2,3,3,1,4,3,1,3,2,2
40,1,31,5,4,4,5,5,3,2,1,1,2,1,2,2,2,2,2,1,2,2,2,1,2,2,2,2,1,2,3,2,2,2,2,2,2,2,2,1,1,1,2,2,4,3,3,4,2,3,3,3,3
44,1,29,7,5,3,6,3,5,4,6,4,6,4,6,3,2,3,3,2,4,3,3,2,3,3,2,3,2,3,3,2,2,3,3,2,3,3,2,3,2,3,2,2,2,3,3,2,4,2,2,2,3
49,1,36,7,6,1,1,1,5,3,6,6,7,6,7,4,3,1,2,2,3,2,2,2,2,3,2,2,4,2,2,2,1,1,1,2,2,2,4,3,4,1,4,4,4,3,3,3,2,4,3,2,4
50,1,23,5,5,5,3,5,5,5,5,4,4,5,5,2,3,2,2,3,2,3,2,3,2,1,2,3,3,3,2,3,3,2,3,2,3,3,2,4,2,3,2,3,3,2,3,2,3,2,3,2,3
51,1,27,4,3,2,3,2,3,3,3,2,3,3,2,2,2,3,2,3,3,2,3,3,3,2,4,3,2,3,3,3,3,3,3,2,3,3,4,3,3,3,3,2,2,2,3,3,3,2,2,2,2
67,1,37,6,6,7,5,6,7,6,6,7,3,6,7,4,2,1,3,4,3,3,2,3,4,3,4,4,4,3,4,4,4,2,2,3,3,4,1,4,4,1,4,3,3,4,4,2,3,1,2,3,1
72,1,29,6,7,5,6,7,5,6,7,5,6,5,6,2,3,2,3,2,3,2,1,2,3,2,3,2,3,2,3,2,3,2,3,2,1,2,3,2,3,4,3,4,3,4,3,4,3,2,3,4,3
92,1,34,4,7,1,7,1,1,1,7,7,1,7,4,3,1,2,1,2,4,1,3,1,1,3,3,2,4,4,1,1,1,1,2,1,2,1,1,3,1,2,3,4,3,4,3,4,4,2,1,1,1
102,1,49,6,5,4,5,4,5,4,5,4,5,4,5,3,3,2,3,3,3,3,2,3,3,3,2,3,3,2,3,3,2,3,3,3,2,3,3,2,3,2,3,2,3,3,3,2,3,2,3,3,2
106,1,29,6,6,6,7,5,3,3,4,5,5,5,4,3,4,3,3,4,3,2,3,3,3,2,3,3,2,3,2,3,2,2,3,3,3,2,3,3,4,3,4,3,2,3,2,2,3,3,2,3,3
310,1,26,7,2,5,7,2,4,5,7,2,4,3,6,3,2,4,4,1,2,3,4,2,3,3,2,1,3,2,3,4,1,3,2,3,4,1,2,4,3,1,3,2,3,4,3,1,3,2,4,1,4
311,1,29,5,4,4,5,4,6,5,4,4,3,4,4,4,3,3,3,4,3,3,3,2,3,3,3,2,3,3,4,3,3,4,3,3,2,3,3,4,3,3,4,4,4,3,3,3,4,4,3,4,4
313,1,33,1,4,4,5,4,4,2,4,5,5,5,6,2,2,3,3,2,3,2,2,3,2,3,2,3,3,2,3,3,2,3,3,3,2,3,2,3,2,2,3,2,3,2,3,3,2,2,3,3,3
319,1,35,2,1,2,6,2,7,7,4,1,6,2,1,1,4,2,1,4,2,1,3,2,1,2,4,1,2,3,2,2,1,4,3,2,1,1,2,1,4,3,2,3,4,4,2,1,1,2,4,1,4
325,1,25,6,6,7,5,4,7,5,4,6,7,4,6,3,2,4,3,2,1,3,4,3,2,3,2,4,3,2,3,4,2,3,4,3,2,4,3,2,4,3,3,2,3,2,3,4,3,2,4,4,3
327,1,28,5,4,5,3,4,5,6,3,3,3,4,4,4,3,2,4,3,2,3,2,3,3,3,4,2,2,3,3,3,3,3,3,3,1,3,4,2,4,1,3,3,4,2,1,4,2,3,2,4,3
344,1,30,5,3,5,5,3,3,4,5,4,3,3,5,3,2,3,3,2,3,3,2,3,2,2,3,3,2,3,3,2,2,3,3,3,2,2,3,3,2,3,2,1,2,3,3,2,2,2,3,2,3
356,1,37,5,6,5,4,6,5,4,5,6,5,6,4,3,3,4,3,2,3,4,3,2,3,3,4,3,3,2,3,3,3,4,3,3,2,3,4,3,2,2,2,3,3,2,2,3,4,3,3,2,3
367,1,28,3,6,5,5,5,6,6,5,4,4,3,4,3,4,4,3,3,3,3,2,2,2,3,3,3,4,3,4,4,4,3,3,3,3,3,3,4,3,4,4,4,2,2,2,3,1,4,4,4,4
376,1,28,5,5,5,5,3,4,5,5,3,5,3,6,3,2,4,3,3,2,3,3,2,3,3,2,3,3,1,2,3,2,3,3,3,2,2,3,3,2,3,3,2,3,2,4,3,3,2,3,2,2
379,1,27,1,1,4,7,4,2,4,4,4,4,2,2,1,1,1,1,1,1,1,1,3,1,3,3,2,3,4,4,1,3,1,1,1,1,1,4,1,1,1,3,4,4,3,1,3,4,3,1,3,1
384,1,29,6,5,4,7,6,4,6,5,3,5,5,3,3,2,2,4,3,3,4,3,3,1,4,4,2,3,3,3,2,4,3,3,4,2,3,3,2,4,4,4,2,2,2,4,3,3,2,4,3,3
28,1,33,6,7,5,6,5,6,5,7,6,4,6,7,4,3,4,2,3,2,3,2,4,3,3,2,4,3,2,4,3,3,3,2,4,2,4,3,2,4,2,3,3,4,2,3,4,4,3,3,2,3
30,1,35,1,4,1,6,1,1,1,4,4,1,1,4,1,1,1,1,1,1,1,1,1,1,1,2,1,1,1,1,1,1,1,1,1,1,1,1,1,1,1,1,1,2,2,1,1,1,1,1,1,1
33,1,27,5,5,5,4,5,5,5,3,6,5,5,4,3,3,2,2,3,2,4,3,3,2,3,2,2,3,3,2,3,3,1,3,3,2,3,3,1,3,2,3,2,2,2,3,4,3,3,2,3,2
35,1,42,4,1,4,4,4,5,1,1,7,1,7,1,3,4,2,1,1,2,2,3,2,1,3,3,2,3,3,3,1,3,3,1,1,3,1,1,3,3,3,4,3,3,4,3,3,3,4,3,4,1
110,1,29,6,4,3,6,7,6,4,7,6,4,7,5,3,2,2,3,1,2,2,3,2,3,3,2,3,1,1,2,3,2,2,3,3,2,2,4,3,2,1,2,3,3,1,4,3,2,3,2,2,4
115,1,36,7,6,7,6,6,5,7,4,7,5,7,4,1,1,1,2,1,1,1,1,1,1,4,4,3,2,3,1,4,3,1,1,1,1,1,1,1,1,1,1,1,1,1,1,1,1,1,1,1,1
306,1,38,6,6,6,5,5,6,4,5,4,5,5,6,3,2,3,3,2,2,3,4,4,2,4,4,3,3,4,3,4,4,3,3,3,4,4,3,4,3,3,2,3,3,4,2,3,4,3,2,3,3
315,1,29,1,3,5,3,5,3,7,5,3,5,4,6,1,3,2,4,2,4,3,2,3,4,2,4,3,1,3,4,3,3,2,4,1,3,2,4,2,3,1,4,2,2,3,2,4,2,3,3,4,2
317,1,29,5,5,4,5,3,4,5,5,6,3,5,5,3,3,2,3,4,3,2,3,2,2,3,4,3,2,3,3,2,3,4,3,3,3,4,3,2,3,3,3,3,3,3,4,3,2,3,3,2,2
330,1,25,4,5,6,5,5,4,5,5,4,5,4,5,3,3,2,3,2,3,2,3,2,3,2,3,2,3,2,3,2,3,2,3,2,3,2,3,2,3,2,3,2,3,2,3,2,3,2,3,2,3
332,1,34,3,5,3,6,3,3,3,4,5,3,4,3,1,1,1,1,1,1,1,1,2,1,3,4,1,1,3,1,1,1,1,1,1,1,1,1,1,1,1,3,2,3,2,1,1,3,1,1,1,1
333,1,29,5,4,5,4,3,4,5,4,3,4,5,4,3,2,3,3,2,3,3,2,3,2,2,3,2,2,3,3,2,2,3,2,3,2,3,2,3,2,3,3,2,3,2,3,3,2,2,3,3,2
348,1,47,5,4,3,4,3,2,2,2,5,2,6,2,1,1,1,2,1,4,4,2,3,2,3,4,3,3,2,2,1,2,1,1,1,1,1,1,2,1,1,1,1,3,3,2,1,2,2,2,1,1
351,1,30,5,4,4,5,5,3,5,6,6,5,5,5,3,3,4,4,3,3,3,3,4,4,3,4,3,3,3,4,3,3,3,3,4,4,4,3,2,3,4,3,4,3,3,3,4,4,3,4,4,3
352,1,33,6,7,5,4,6,7,4,7,4,6,7,5,4,3,4,2,3,3,4,2,3,3,4,3,4,2,3,4,3,4,3,2,4,3,4,2,4,3,4,4,3,4,2,3,4,4,3,3,2,4
370,1,56,5,2,5,5,2,2,3,2,6,2,6,2,3,2,1,1,1,1,1,1,1,1,1,3,1,1,1,1,1,1,1,1,1,1,1,1,1,2,1,1,1,3,2,1,1,1,1,1,1,1
372,1,28,5,3,5,3,4,2,3,4,3,4,3,4,2,3,2,1,2,2,3,2,2,1,2,2,3,2,1,2,2,1,2,2,2,1,2,3,2,3,1,2,2,2,3,3,3,4,2,2,3,2
377,1,28,1,5,1,4,1,1,1,5,7,1,4,5,2,1,1,2,1,2,3,1,4,1,2,4,4,2,1,3,1,1,1,1,1,1,1,1,2,2,1,4,1,3,4,4,1,1,3,1,1,1
21,1,30,4,4,4,6,4,4,4,4,5,4,6,5,3,1,2,2,2,2,2,2,3,3,3,3,3,3,3,3,3,1,1,1,2,3,1,1,1,1,1,4,4,4,4,2,1,3,3,1,1,1
22,1,30,7,5,2,7,2,2,2,6,5,3,6,6,2,1,2,3,3,3,4,2,4,2,3,3,4,4,4,3,2,2,1,2,1,3,4,1,3,4,2,3,4,3,4,3,2,4,4,1,3,1
23,1,30,1,2,1,5,1,1,1,2,6,1,5,6,1,1,1,1,1,1,1,1,1,1,1,1,1,1,1,1,1,1,1,1,1,1,1,1,1,1,1,1,1,1,1,1,1,1,1,1,1,1
24,1,30,1,1,1,1,1,6,6,6,6,6,7,5,2,2,2,2,2,2,2,2,3,1,2,2,2,1,2,2,2,2,2,1,2,2,2,2,1,2,2,2,1,1,2,1,1,1,2,2,2,1
25,1,25,6,6,6,7,6,7,6,5,6,5,6,6,4,4,3,4,2,4,3,3,4,4,3,3,4,3,4,4,3,4,4,3,3,4,3,3,3,4,3,4,4,3,3, ,2,4,2,3,3,3
26,1,29,6,6,6,6,2,7,4,7,7,1,7,6,4,1,4,1,1,2,4,1,4,4,4,4,4,4,4,4,1,1,1,1,1,2,1,1,3,4,3,4,4,4,4,4,1,1,2,1,3,2
27,1,24,5,6,2,7,2,6,5,6,7,5,6,5,2,1,2,1,1,2,3,1,3,2,3,4,2,3,3,3,1,4,1,1,2,1,1,1,2,1,2,4,4,3,4,2,1,3,3,1,3,2
29,1,35,1,1,1,7,1,7,1,1,7,1,7,1,1,1,1,1,1,1,4,1,4,4,4,4,4,4,4,1,1,1,1,1,1,1,1,4,1,1,1,4,4,4,4,4,4,4,1,1,1,1
31,1,22,3,3,3,6,3,2,5,4,2,6, ,5,2,3,2,1,2,3,2,3,3,2,2,3,4,3,2,3,2,3,2,3,2,2,4,3,2,1,2,3,2,2,3,3,2,4,3,2,3,4
32,1,34,7,7,2,4,6,7,7,7,4,3,4,4,1,1,1,2,1,1,1,1,2,1,2,2,1,1,2,1,2,1,1,1,1,1,2,1,1,1,1,2,2,2,2,1,1,2,1,1,1,1
34,1,32,1,2,2,6,2,2,2,3,5,2,7,2,3,2,3,1,4,1,4,1,3,3,3,4,3,2,4,1,1,3,1,3,2,1,1,1,3,2,1,2,4,3,4,3,1,2,1,1,1,1
36,1,49,6,5,5,5,5,6,5,5,5,4,6,6,3,2,1,2,3,2,3,1,2,3,2,3,3,2,3,2,3,1,1,2,2,2,3,2,1,2,1,4,4,3,3,2,2,2,2,3,1,1
37,1,34,7,7,4,7,4,7,6,7,7,4,5,6,1,1,1,1,1,1,1,2,2,1,3,4,2,1,3,1,1,1,1,1,1,1,1,1,1,2,3,4,4,3,3,2,2,3,2,1,1,1
39,1,26,4,5,4,6,5,6,4,6,6,5,6,6,2,1,2,1,1,3,3,1,3,3,3,3,3,3,3,2,1,2,1,1,1,2,2,1,3,3,1,4,4,3,3,3,1,4,3,1,3,2
41,1,33,2,5,6,7,2,2,7,6,6,2,1,6,1,4,4,4,3,4,4,4,3,4,4,4,4,3,2,4,1,1,2,1,3,2,1,1,3,4,1,3,4,4,3,4,3,4,3,4,4,1
42,1,32,6,7,4,7,5,5,6,7,6,4,6,4,1,1,1,1,1,1,1,1,1,1,3,3,1,1,1,1,3,1,1,1,1,1,1,1,1,1,1,3,1,4,3,1,1,1,1,1,1,1
43,1,29,7,1,1,4,1,1,1,5,7,1,7,7,1,1,2,1,1,1,4,1,3,3,2,4,3,4,4,1,1,1,1,2,1,1,1,4,4,4,1,3,2,2,4,2,1,4,2,1,1,1
45,1,70,3,3,2,6,4,5,5,2,6,3,5,2,2,1,2,1,2,3,1,1,3,1,4,4,3,3,4,3,1,1,1,1,2,1,1,2,1,2,2,4,3,4,3,3,2,2,3,1,1,1
46,1,45,1,1,1,1,1,1,1,1,6,1,6,2,1,1,1,1,1,1,1,1,1,1,2,3,3,3,2,2,1,1,1,1,1,1,1,1,3,2,1,3,3,3,3,2,1,1,2,1,1,1
47,1,32,1,7,5,5,2,6,5,5,4,2,5,6,2,2,1,1,2,1,2,2,3,4,2,3,3,1,2,1,2,1,1,2,1,1,1,1,1,1,2,2,4,3,3,2,1,1,2,1,1,1
48,1,65,5,4,1,5,2,6,4,3,4,4,4,5,2,1,1,1,2,1,1,2,3,1,3,4,3,2,4,3,2,2,1,2,1,1,1,1,1,2,1,3,3,4,4,3,2,3,3,1,2,1
52,1,32,5,5,3,6,4,2,4,6,6,4,6,4,2,1,2,1,1,1,2,2,3,1,3,4,2,2,3,1,1,1,1,1,1,1,1,1,2,3,1,3,3,3,3,2,3,3,1,1,1,1
53,1,40,3,1,1,7,1,2,2,1,5,1,5,3,1,1,1,1,1,1,1,2,4,3,3,4,2,1,4,2,3,1,1,1,1,1,1,1,4,4,1,4,4,4,4,2,3,4,3,1,1,1
54,1,51,5,7,1,5,1,7,1,7,7,1,7,7,2,1,1,1,1,1,1,1,2,1,2,4,3,1,4,3,1,1,1,2,1,1,1,1,1,2,1,3,4,2,4,3,2,4,4,1,1,1
55,1,40,4,7,1,6,1,2,2,7,7,1,7,4,1,1,1,1,1,1,1,2,3,2,3,4,2,2,3,2,2,1,1,1,1,1,1,1,1,2,1,3,3,3,4,2,2,2,1,1,1,1
56,1,34,2,2,3,5,4,4,1,2,6,1,4,6,1,1,1,1,1,1,1,1,3,1,3,3,2,1,4,2,1,1,1,1,1,1,1,1,3,1,1,4,4,3,3,2,3,3,1,1,1,1
57,1,22,2,5,5,6,2,2,6,5,5,2,6,3,3,1,1,1,1,1,1,1,1,1,3,3,2,2,3,1,1,1,1,1,1,1,1,1,1,1,1,3,3,4,3,2,3,3,1,3,1,1
58,1,45,2,6,1,6,1,5,1,7,7,1,7,5,3,1,2,1,3,2,3,2,3,3,2,4,3,2,2,2,2,2,1,3,1,2,1,3,3,1,1,3,4,3,4,3,3,2,2,1,2,1
59,1,54,5,1,5,6,5,6,5,1,5,4,5,3,1,1,1,1,1,1,1,1,3,1,4,4,3,1,2,1,1,1,1,2,1,1,1,2,1,1,1,4,3,4,4,3,1,3,1,1,1,1
60,1,66,2,4,3,6,4,5,3,4,6,2,5,4,3,2,4,2,4,3,4,3,3,3,4,4,4,3,3,3,2,3,2,3,3,2,2,3,2,3,3,4,3,4,4,4,2,3,3,2,4,1
61,1,76,5,1,6,4,5,5,5,1,4,5,4,1,1,1,1,1,2,1,1,1,2,1,1,3,2,1,1,1,2,1,1,2,1,1,1,1,1,2,1,2,1,1,1,1,1,1,2,2,1,1
62,1,59,2,1,1,5,2,4,5,2,5,5,5,2,2,1,1,1,2,2,2,1,3,2,2,4,2,2,3,1,1,1,1,1,1,1,1,1,1,2,1,3,3,3,3,2,1,3,1,1,1,1
63,1,35,1,5,1,5,1,6,2,5,5,2,5,2,1,1,1,1,1,1,1,1,1,1,1,4,3,2,4,1,1,1,1,1,1,1,1,1,2,2,1,3,4,3,3,2,1,3,1,1,1,1
64,1,46,4,4,4,4,4,4,4,4,4,4,4,4,3,2,2,2,2,2,2,2,2,2,2,2,2,2,2,2,2,2,2,2,2,2,2,2,2,2,2,2,2,2,2,2,2,2,2,2,2,1
65,1,48,1,7,1,7,1,5,3,7,4,1,4,5,4,1,2,1,1,1,4,3,2,4,3,3,4,3,4,4,1,1,1,4,1,3,1,4,1,1,1,4,4,3,3,4,1,4,1,3,1,1
66,1,36,1,5,1,4,1,2,1,5,4,1,3,3,1,1,1,1,1,1,1,1,2,1,1,4,2,2,2,1,1,1,1,1,1,1,1,1,1,1,1,2,2,3,3,2,1,2,1,1,1,1
68,1,28,7,5,2,4,2,6,2,6,7,2,7,7,2,1,1,1,1,1,1,1,3,1,3,4,1,2,2,1,1,1,1,1,1,1,1,1,1,1,1,3,3,4,4,1,2,3,1,1,1,1
69,1,53,1,2,1,1,1,1,1,1,4,1,4,1,1,1,1,1,1,1,4,2,4,1,1,4,2,4,4,1,1,2,1,2,1,1,1,1,1,4,1,4,1,3,4,1,1,4,4,1,2,1
73,1,35,2,7,1,6,7,5,2,7,5,1,6,7,2,2,2,1,1,1,2,1,3,1,3,4,3,4,4,4,2,1,1,2,1,1,2,2,2,4,1,4,4,4,2,2,4,4,4,1,1,1
74,1,69,1,1,1,5,1,5,1,1,7,2,7,5,1,1,1,1,1,2,3,2,3,1,3,4,3,4,4,4,2,2,1,1,1,1,1,1,3,4,1,4,4,3,4,3,4,4,3,1,1,1
75,1,30,1,1,1,5,1,1,1,1,6,1,7,1,3,1,2,1,1,1,3,1,1,1,4,4,3,1,1,1,1,1,1,1,1,1,1,1,1,2,1,4,3,4,4,3,1,1,1,1,1,1
76,1,30,2,6,2,6,2,6,5,6,7,4,6,6,2,1,1,1,2,1,1,1,3,2,3,4,3,3,4,4,3,1,1,1,1,1,1,1,1,4,1,3,4,4,4,4,3,3,3,1,1,1
77,1,25,6,6,5,6,5,4,6,3,4,5,5,2,3,2,3,2,3,4,3,2,3,4,3,4,3,3,4,3,3,4,3,2,3,2,2,3,4,3,3,4,3,3,4,3,3,2,4,2,1,1
78,1,34,3,6,2,3,3,3,2,5,4,2,4,2,3,1,1,2,2,1,1,1,3,3,2,3,2,1,3,1,1,2,1,3,1,2,2,2,1,1,2,3,2,2,2,2,1,3,2,1,2,1
79,1,27,6,7,1,7,1,6,7,7,7,4,7,7,2,1,1,1,1,1,1,1,3,1,1,3,1,1,3,1,1,1,1,1,1,1,1,1,1,1,1,4,4,3,3,2,1,4,3,1,1,1
80,1,63,2,4,2,6,2,5,6,6,7,2,7,7,1,1,1,1,1,2,2,1,4,1,4,4,4,4,4,4,1,2,1,1,1,1,1,1,1,4,1,4,4,4,4,1,1,4,1,1, ,1
81,1,33,4,3,2,2,4,4,2,1,4,5,5,3,1,2,4,3,3,2,1,3,2,2,2,3,2,1,2,4,2,3,1,3,1,4,2,2,4,3,1,3,2,4,1,3,2,2,4,3,2,1
82,1,38,3,4,2,6,4,4,5,4,4,5,4,3,1,1,1,1,4,3,4,3,3,3,3,2,3,2,3,2,1,4,2,3,3,4,1,2,4,4,2,4,4,3,4,4,2,4,2,1,4,2
83,1,38,3,5,3,5,3,5,5,5,5,5,5,5,3,2,2,2,2,2,3,2,3,3,3,3,3,1,3,3,1,2,1,1,1,2,1,1,2,1,1,3,3,3,3,3,1,3,2,1,2,1
84,1,36,1,1,1,7,1,1,1,1,7,1,7,1,2,1,1,1,1,1,4,1,4,4,1,4,4,4,4,4,2,4,1,4,1,1,1,1,1,4,1,3,3,3,4,4,4,4,4,4,4,1
85,1,25,5,5,5,6,6,6,5,5,5,6,6,5,3,2,3,3,3,3,4,3,2,3,4,3,3,3,2,3,3,3,4,3,3,3,3,4,3,3,3,3,4,3,3,3,3,3,3,4,3,3
86,1,51,2,5,2,7,2,3,3,5,6,3,6,5,2,1,1,1,2,1,1,1,3,1,3,4,3,2,3,1,2,2,1,1,1,1,1,1,1,2,1,3,3,3,3,2,3,3,1,1,2,1
87,1,45,1,3,1,5,1,4,1,2,7,1,6,1,1,1,1,1,1,2,2,1,3,2,2,4,3,3,2,2,1,1,1,2,1,1,1,2,3,2,3,4,3,4,4,3,4,4,3,1,2,1
88,1,27,4,5,5,3,3,6,3,6,3,5,3,6,2,4,3,2,4,2,3,2,3,2,2,3,3,2,3,2,4,2,3,2,2,4,3,2,4,2,3,2,3,3,2,3,1,3,3,3,2,3
89,1,36,1,5,1,6,1,1,4,5,7,1,7,5,1,1,1,1,1,1,1,1,4,1,3,4,2,4,4,1,1,1,1,1,1,1,1,1,1,1,1,3,4,4,4,2,3,3,1,1,1,1
90,1,61,4,6,1,3,1,4,1,4,5,1,4,3,1,1,1,1,1,2,1,1,1,1,1,2,1,2,1,1,1,1,1,1,1,1,1,1,2,1,1,1,1,2,1,2,2,1,1,1,1,1
91,1,26,5,7,7,6,6,5,4,7,6,6,7,7,2,3,3,2,1,2,3,1,4,3,4,4,3,3,2,1,1,1,1,1,2,3,1,1,1,1,1,4,4,4,4,4,3,2,3,1,1,1
93,1,31,1,2,1,6,1,1,1,1,7,1,7,4,2,1,1,1,1,1,1,1,3,1,3,4,3,3,4,4,1,1,1,1,1,1,1,1,1,3,1,4,4,3,3,3,3,4,3,1,1,1
94,1,32,2,2,1,3,2,2,1,2,2,1,1,3,2,4,4,3,2,3,3,2,1,1,3,3,2,4,3,3,1,3,4,3,2,2,4,3,3,4,3,2,3,2,3,2,2,3,3,2,3,1
96,1,76,2,2,2,6,2,3,3,2,4,2,4,1,3,1,1,1,1,1,1,1,1,1,1,4,3,2,3,1,1,1,1,1,1,1,1,1,1,3,1,4,4,4,4,3,1,3,1,1,1,1
97,1,67,1,6,1,6,1,1,1,6,6,1,6,6,1,1,1,1,1,1,1,1,2,1,3,4,2,3,4,1,1,1,1,1,1,1,1,1,1,1,1,3,3,4,4,2,1,3,1,1,1,1
98,1,25,1,5,1,4,1,1,1,2,5,1,6,5,1,1,1,1,1,1,1,1,3,1,3,4,3,3,2,1,1,2,1,1,1,1,1,1,1,1,1,3,1,4,2,2,2,2,2,1,2,1
99,1,32,2,6,4,6,4,2,2,6,6,6,7,6,2,1,1,1,1,1,1,1,3,1,3,3,3,3,3,2,2,1,1,1,1,1,1,2,1,1,1,3,3,3,3,3,3,2,2,1,1,1
100,1,48,1,7,1,7,1,7,4,7,6,1,7,4,1,1,1,1,1,1,1,1,1,1,1,4,3,3,4,1,1,1,1,1,1,1,1,1,1,1,1,4,4,3,3,3,2,4,1,3,1,1
101,1,33,1,1,1,7,1,1,3,1,5,3,6,3,1,1,1,1,1,1,1,1,4,1,4,4,1,1,4,1,1,1,1,1,1,1,1,1,1,4,1,4,4,4,4,1,1,4,1,1,1,1
103,1,33,1,2,1,5,1,2,1,4,6,1,5,5,3,1,1,1,1,1,1,1,1,1,1,4,1,1,1,1,1,1,1,1,1,1,1,1,1,1,1,1,4,3,3,2,3,1,1,1,1,1
104,1,27,1,4,5,6,1,2,4,4,6,1,6,2,3,2,2,1,1,2,3,3,2,1,2,4,2,3,3,1,1,1,1,1,1,1,1,1,1,1,2,3,3,3,3,3,1,2,1,1,1,1
107,1,36,1,1,1,1,1,1,1,1,1,1,1,1,1,1,1,1,2,1,1,1,2,1,2,1,1,1,2,1,1,1,1,1,1,1,1,1,1,1,3,3,1,1,1,1,1,1,1,1,2,1
108,1,28,6,6,2,5,2,2,2,2,2,2,3,5,4,2,3,2,2,3,3,2,3,1,3,3,3,4,3,2,2,2,3,2,2,3,2,2,3,4,2,4,3,4,3,3,2,3,3,1,3,3
109,1,25,1,2,1,5,1,1,1,2,7,1,7,3,2,1,1,1,1,2,1,1,3,1,1,4,3,3,4,1,1,1,1,1,1,1,1,2,2,1,1,2,4,2,4,2,3,4,2,1,1,1
111,1,25,6,5,4,5,5,6,4,5,5,5,6,5,3,2,3,1,2,2,3,2,3,2,3,3,3,3,3,1,1,3,2,3,1,2,2,2,2,2,2,4,3,3,3,3,2,3,3,1,2,1
112,1,49,2,7,1,7,1,6,1,7,4,1,4,2,1,1,1,1,2,1,3,1,3,3,3,4,1,2,4,3,1,1,1,1,1,1,1,1,2,2,2,3,4,4,4,1,1,4,2,1,1,1
113,1,28,5,2,5,6,6,7,6,6,4,5,2,3,3,2,3,4,4,2,2,3,4,4,4,3,3,4,3,2,3,3,4,3,3,4,3,3,2,3,3,4,3,4,3,4,4,3,3,4,2,3
114,1,36,5,3,3,6,6,6,5,5,5,5,5,6,3,1,2,2,3,2,2,3,3,3,4,3,2,1,3,2,1,2,1,1,1,2,2,2,1,2,3,3,2,4,3,2,1,3,2,1,2,1
116,1,30,6,4,6,7,6,5,6,5,5,3,4,6,4,3,3,4,3,4,3,2,4,3,4,3,4,3,3,4,2,3,1,3,4,3,4,3,3,4,2,4,3,4,3,4,2,3,3,1,1,2
117,1,28,5,6,5,6,7,7,7,5,7,6,6,4,3,2,2,4,3,3,2,2,4,3,3,4,2,3,2,4,4,3,4,2,4,4,2,3,2,4,4,3,3,4,2,3,3,2,4,4,3,3
118,1,30,5,6,5,6,5,5,6,5,6,5,6,5,3,3,2,3,2,2,3,3,2,3,3,2,3,2,2,2,3,2,3,2,2,3,2,3,2,3,2,3,2,2,3,2,3,2,3,2,3,2
119,1,38,4,2,4,6,3,4,2,2,4,2,5,3,2,1,1,1,1,1,2,1,2,1,2,3,1,3,4,1,2,1,1,1,1,1,1,1,1,1,2,3,4,3,2,1,3,4,1,1,1,1
120,1,57,6,7,2,3,5,6,2,7,5,1,7,5,1,1,1,1,1,1,1,1,1,1,1,3,4,2,1,1,1,1,1,1,1,1,1,1,1,1,1,3,1,3,3,4,2,1,1,1,1,1
121,1,26,6,7,7,7,4,7,6,7,7,5,7,6,1,3,1,2,1,1,3,1,3,3,2,4,2,1,4,1,2,2,1,2,2,1,2,4,1,1,2,4,4,2,4,1,3,1,1,1,2,1
307,1,30,1,2,1,5,1,1,1,2,6,1,5,6,1,1,1,1,1,1,1,1,1,1,1,1,1,1,1,1,1,1,1,1,1,1,1,1,1,1,1,1,1,1,1,1,1,1,1,1,1,1
308,1,30,7,5,2,7,2,2,2,6,5,3,6,6,2,1,2,3,3,3,4,2,4,2,3,3,4,4,4,3,2,2,1,2,1,3,4,1,3,4,2,3,4,3,4,3,2,4,4,1,3,1
309,1,35,3,4,4,6,3,2,4,4,5,1,4,3,3,2,3,3,2,2,3,1,3,3,2,3,4,3,1,3,3,3,4,2,1,3,3,2,4,3,3,4,2,4,3,3,4,2,4,4,2,1
312,1,34,1,7,1,6,1,2,1,7,7,1,7,5,3,1,1,1,4,4,4,3,3,1,3,4,3,3,3,1,2,1,1,3,1,2,1,1,2,4,2,3,4,3,3,2,4,3,1,1,1,1
316,1,39,5,7,2,5,2,1,2,7,5,2,5,6,1,1,1,2,1,2,1,1,3,1,2,3,2,1,3,1,2,1,1,2,1,1,2,1,1,2,1,3,3,2,3,2,2,3,1,1,1,1
318,1,25,3,5,4,4,3,2,3,5,5,4,6,2,1,1,1,1,1,1,1,1,2,1,1,1,2,1,1,1,1,1,1,2,1,1,1,1,1,1,1,1,1,2,3,1,1,1,2,1,1,1
321,1,30,3,2,1,2,2,5,5,5,6,6,5,5,3,1,3,3,2,3,2,2,2,2,2,3,2,1,1,2,1,1,1,2,1,2,1,1,1,2,1,1,1,2,1,2,1,1,1,1,1,1
322,1,32,1,7,4,7,4,7,4,7,7,1,7,3,1,1,1,1,1,1,1,1,1,1,1,3,1,3,3,1,1,1,1,1,1,1,1,1,1,1,1,3,3,2,2,2,1,2,1,1,1,1
323,1,33,2,7,1,5,1,4,2,7,6,2,6,5,1,1,1,1,1,1,2,1,2,1,3,4,2,1,3,1,1,1,1,1,1,1,1,1,1,1,1,3,3,3,2,1,1,1,1,1,1,1
324,1,32,2,6,1,5,1,5,3,7,5,3,4,7,1,1,1,1,2,1,2,1,3,1,3,3,2,1,2,1,2,1,1,2,1,1,1,1,1,2,1,4,4,3,3,2,1,3,2,2,1,1
326,1,45,1,4,4,5,1,1,1,1,5,1,5,2,1,1,1,1,1,1,1,1,1,1,3,3,3,3,3,2,1,2,1,1,1,1,1,1,1,1,1,1,1,4,3,3,1,2,1,1,1,1
328,1,31,5,3,4,3,4,6,5,4,3,5,6,5,2,3,3,4,3,2,3,3,4,3,3,4,3,3,2,3,3,4,3,3,3,4,2,3,3,4,3,2,3,3,4,3,4,3,3,3,4,2
329,1,43,1,1,1,6,1,1,1,1,6,1,6,5,1,1,1,1,1,1,1,1,3,1,2,3,2,2,4,1,1,2,1,1,1,1,1,1,1,4,2,3,3,3,3,2,3,3,3,1,2,1
331,1,39,1,1,1,6,1,3,1,1,6,1,6,4,1,1,1,1,1,1,1,1,2,1,1,4,2,4,4,1,1,1,1,1,1,1,1,1,1,1,1,4,4,3,4,2,1,2,1,1,1,1
334,1,50,5,6,5,5,3,5,5,5,4,5,4,5,1,1,1,2,2,1,1,2,2,1,3,3,2,2,3,2,2,2,1,2,2,1,3,2,2,1,2,3,3,3,4,3,3,2,3,2,1,2
335,1,30,1,6,4,5,1,1,1,6,6,1,6,2,2,1,1,1,1,1,1,1,1,1,1,1,1,1,1,1,1,1,1,1,1,1,1,1,1,2,1,3,3,3,3,1,1,2,1,1,1,1
336,1,34,6,4,5,4,3,5,6,4,5,4,5,4,3,2,3,2,2,3,3,3,2,2,4,3,4,3,2,3,2,3,3,2,3,2,3,2,3,3,3,4,3,3,2,3,3,2,3,2,3,3
337,1,37,6,4,5,5,5,7,5,3,6,6,5,7,3,4,4,4,4,3,2,3,4,4,3,2,2,2,3,4,3,3,3,3,3,3,3,2,4,3,3,3,2,3,3,3,3,3,3,3,2,3
338,1,26,6,4,6,4,6,4,2,4,1,4,2,6,3,3,2,3,1,1,2,3,4,1,3,4,3,2,3,4,4,3,4,1,4,3,2,1,2,3,1,3,4,4,3,4,2,3,2,4,3,1
339,1,47,5,4,2,4,2,6,2,4,5,2,5,6,1,1,1,1,2,1,1,2,2,1,3,3,3,1,3,1,2,1,1,1,1,1,1,1,1,1,2,2,2,3,3,3,1,3,1,2,1,1
340,1,66,2,4,1,5,1,1,4,4,7,1,7,5,1,1,1,1,1,1,1,1,3,1,1,3,2,2,4,4,1,1,1,1,1,1,1,1,1,4,1,4,3,3,4,2,2,4,2,1,1,1
341,1,25,6,6,5,5,4,5,6,4,6,4,5,4,3,2,2,3,3,2,3,2,3,3,3,2,3,3,2,3,2,3,2,3,3,2,3,3,2,3,2,3,2,2,3,2,3,4,3,2,3,1
342,1,29,1,6,1,7,1,6,6,6,7,6,7,7,1,1,1,1,3,1,2,1,3,3,4,4,3,3,4,3,1,4,1,1,1,1,1,4,1,3,3,4,4,4,4,3,1,2,1,1,4,3
343,1,62,2,2,1,5,1,2,2,2,4,2,4,2,1,1,1,1,1,1,1,1,3,1,3,4,3,3,3,2,1,1,1,1,1,1,1,1,1,2,1,3,1,3,3,2,1,2,1,1,1,1
345,1,27,5,6,3,3,5,6,4,3,5,4,6,5,3,2,2,3,3,2,3,2,3,3,3,2,3,2,2,4,3,2,1,3,3,2,1,2,3,3,2,3,3,3,2,3,2,1,2,3,3,2
346,1,53,5,5,5,4,7,6,2,6,5,2,4,6,2,1,1,1,1,2,1,1,4,2,3,3,3,1,3,1,2,1,1,3,1,1,1,1,3,4,1,4,4,4,4,4,3,3,4,1,1,1
347,1,32,4,4,5,3,5,4,5,5,4,5,2,5,1,1,1,1,1,1,1,1,1,1,1,2,3,1,1,1,1,1,1,1,1,1,1,1,1,1,2,3,2,2,2,3,1,1,1,1,1,1
349,1,32,4,5,5,5,4,4,5,6,6,5,5,5,2,3,2,2,3,3,3,2,2,2,2,3,3,3,4,3,3,4,3,3,3,3,4,3,4,4,2,2,3,2,3,3,3,2, ,3,3,2
350,1,26,4,4,5,6,5,5,4,5,5,5,5,5,1,1,1,2,2,2,3,1,2,3,3,3,3,1,4,2,1,2,1,1,1,3,1,1,3,3,1,3,4,3,3,3,2,3,3,1,2,1
353,1,34,1,6,1,5,4,5,3,6,6,3,7,5,1,1,1,1,2,1,1,1,3,1,3,4,3,3,3,1,1,1,1,2,1,2,1,1,1,2,1,4,4,3,4,3,1,3,1,1,1,1
354,1,26,1,1,1,7,1,1,5,1,7,6,7,1,1,1,1,1,1,1,1,1,1,1,3,4,1,1,4,1,1,1,1,1,1,1,1,1,1,1,1,4,4,4,4,1,1,3,1,1,1,1
357,1,27,2,5,5,6,2,5,2,6,6,2,5,6,3,1,1,1,2,1,1,3,2,3,3,4,3,2,2,4,3,2,1,2,1,1,1,3,3,3,3,3,4,3,3,2,3,2,2,2,3,1
358,1,43,1,4,4,7,1,4,1,4,7,2,7,6,1,1,2,1,1,2,2,2,3,2,3,4,3,4,4,4,2,2,1,2,1,1,1,1,3,4,1,4,4,3,4,2,3,4,4,1,2,1
359,1,42,2,1,3,7,2,4,2,1,7,4,7,1,3,1,3,1,1,4,4,2,4,4,4,4,4,3,2,4,1,4,2,1,2,3,2,2,3,3,3,2,2,3,3,3,2,3,3,2,2,3
360,1,44,5,4,5,6,4,5,6,4,3,5,6,5,2,3,3,4,2,3,3,4,3,2,3,2,2,3,2,3,3,3,3,2,3,3,2,3,4,3,2,3,3,2,3,2,1,2,3,3,3,2
361,1,39,5,5,5,5,5,4,6,6,6,5,4,6,2,2,2,3,2,3,2,2,3,3,3,3,3,3,3,2,3,3,3,2,3,3,3,3,3,1,3,3,3,3,3,3,2,3,3,3,3,2
362,1,71,6,7,6,7,7,6,2,7,6,6,6,7,1,1,1,1,3,4,4,4,4,4,4,4,3,3,3,4,1,1,3,3,4,4,1,1,4,4,3,4,4,4,4,4,2,2,4,1,3,2
363,1,24,5,3,2,5,3,5,1,5,2,6,3,5,3,2,3,1,3,2,3,2,4,3,2,3,2,3,2,1,3,2,3,2,3,1,3,2,3,2,3,2,3,2,3,2,1,2,3,2,1,3
364,1,29,5,2,5,3,4,3,3,6,5,3,5,4,3,2,2,4,3,2,2,3,2,3,2,4,3,3,2,3,2,3,4,3,3,3,2,1,3,2,3,3,2,3,4,2,3,3,2,3,2,4
365,1,32,2,1,2,7,2,2,1,1,7,1,7,5,2,1,3,2,1,4,4,2,3,3,3,3,3,2,3,4,2,3,2,1,3,3,1,1,4,4,2,4,4,4,4,3,2,3,3,1,2,2
366,1,34,2,7,5,4,5,2,4,7,7,1,7,6,2,1,2,1,1,1,1,3,2,1,2,2,2,1,2,1,2,1,1,2,1,1,1,1,1,3,3,2,2,3,3,2,1,2,1,2,2,1
368,1,32,5,6,5,5,5,5,6,5,6,5,5,6,3,4,3,3,3,3,3,3,3,3,2,3,3,3,3,2,3,3,3,3,3,3,3,3,3,2,3,3,3,3,4,3,3,3,2,3,3,3
371,1,30,4,4,3,4,4,1,3,1,3,4,1,1,2,3,2,2,3,2,2,3,3,1,2,2,2,1,2,2,2,3,1,2,2,1,2,2,2,3,1,2,2,2,3,1,2,1,1,2,2,3
373,1,45,1,7,1,7,1,1,4,7,7,1,7,7,1,1,1,1,1,1,3,1,2,1,1,4,2,2,3,1,1,1,1,1,1,1,1,1,1,2,1,3,3,3,3,2,1,3,2,1,1,1
374,1,29,2,5,6,6,1,4,1,5,7,1,6,2,2,1,1,1,1,1,3,1,3,2,2,4,2,2,3,1,1,2,1,1,1,1,1,2,1,1,1,3,4,3,3,1,3,3,2,1,1,1
375,1,49,1,6,2,7,2,3,5,6,6,4,6,7,2,1,4,1,3,3,4,2,3,4,4,4,4,2,4,4,1,2,2,2,2,4,1,1,3,4,2,4,4,4,4,3,3,1,3,3,2,2
378,1,29,1,6,1,6,1,5,4,6,6,1,6,6,1,1,1,1,1,1,1,1,2,1,2,4,2,4,4,1,1,1,1,1,1,1,1,1,1,1,1,4,3,3,3,2,3,3,1,1,1,1
380,1,31,1,7,1,6,1,1,1,6,7,1,6,5,3,1,3,1,2,1,1,2,3,3,3,3,2,3,4,1,2,2,1,2,1,1,1,2,1,3,1,2,4,3,4,3,3,4,3,1,2,1
381,1,31,1,7,1,7,1,2,1,7,6,1,6,7,1,1,1,1,1,1,2,1,2,1,1,3,1,1,3,1,1,1,1,1,1,2,1,1,3,1,1,3,3,3,3,2,3,3,2,1,1,1
382,1,43,6,3,4,3,5,3,3,5,5,2,4,4,3,2,3,4,3,2,2,2,3,3,2,3,2,4,3,3,2,3,2,3,3,3,2,2,3,1,2,3,3,3,3,2,1,2,2,3,2,1
385,1,27,1,5,1,7,1,1,1,6,7,1,6,6,2,1,1,1,1,1,1,1,3,1,1,4,1,3,4,1,1,3,1,1,4,1,1,1,1,2,1,4,3,3,4,2,2,3,1,1,3,1
387,1,57,4,6,4,6,3,3,4,6,6,4,6,6,2,1,1,1,2,1,1,1,3,2,2,4,2,2,3,2,2,2,1,2,1,1,1,3,1,2,2,3,3,4,3,2,1,3,2,1,2,1
388,1,21,1,6,4,7,5,7,5,7,7,6,7,1,4,1,3,1,1,3,4,1,2,1,3,4,4,1,2,4,1,1,1,1,1,1,1,2,3,1,1,3,3,4,4,4,1,2,2,1,1,1
389,1,29,1,7,1,7,1,1,1,7,7,1,7,7,1,1,1,1,1,1,1,1,1,1,1,4,1,3,4,1,1,1,1,1,1,1,1,1,1,1,1,3,4,3,4,1,1,4,1,1,1,1
390,1,38,5,5,6,5,2,3,4,2,6,3,3,1,1,2,2,2,3,1,2,2,2,2,2,1,2,1,1,3,2,3,3,3,2,2,2,2,1,1,1,3,3,3,2,2,3,3,3,3,2,2
391,1,32,1,2,1,7,1,1,2,6,6,5,6,6,1,1,1,1,1,1,1,1,1,1,1,1,1,1,1,1,1,1,1,1,1,1,1,1,1,1,1,1,1,1,1,1,1,1,1,1,1,1
392,1,30,2,4,1,5,2,5,4,3,4,2,4,4,2,2,2,3,3,1,2,2,3,3,3,4,3,1,3,1,1,3,1,1,2,2,3,1,2,1,2,3,3,3,2,3,3,2,2,1,2,2
393,1,40,1,6,1,6,2,2,1,6,5,1,5,5,3,2,3,2,4,3,3,2,1,3,2,3,2,3,4,4,1,3,2,3,2,3,2,1,3,3,1,2,3,2,3,3,2,3,2,1,2,2
394,1,62,3,1,2,5,1,1,1,1,7,1,7,4,1,1,2,1,1,2,1,2,3,1,3,4,2,2,4,4,1,1,1,1,1,1,1,1,2,4,2,4,4,4,4,3,4,4, ,1,1,1
395,1,33,3,2,2,7,2,6,6, ,6,5,7,2,3,2,3,1,3,2,3,2,3,3,4,4,4,3,3,4,2,3,3,3,3,1,1,2,2,3,2,3,4,4,4,4,2,1,2,1,2,3
396,1,42,4,4,4,5,4,5,4,4,6,4,5,5,2,1,1,1,1,1,1,1,1,1,1,3,2,1,2,2,2,1,1,1,1,1,1,1,1,3,1,3,3,3,3,2,2,3,2,1,1,1
397,1,25,6,5,6,5,6,6,4,4,4,5,4,5,3,2,3,2,3,2,3,2,3,3,2,3,3,3,2,3,2,2,3,2,2,4,3,3,2,3,3,3,3,3,2,2,3,3,2,2,3,3
398,1,36,1,1,1,4,1,1,1,1,6,1,5,3,1,1,1,1,1,2,1,1,1,1,2,2,1,1,1,1,1,2,1,1,1,1,1,1,3,1,1,3,1,2,1,1,1,1,1,1,2,1
399,1,35,1,5,6,5,4,6,3,5,6,3,5,3,1,1,1,1,1,1,1,1,4,1,4,4,3,3,3,3,1,1,1,1,1,1,1,1,1,4,1,4,4,4,3,2,4,3,1,1,1,1
400,1,33,5,5,5,7,7,6,7,5,7,5,7,5,1,1,1,1,1,1,1,1,4,1,3,4,2,1,4,1,1,1,1,1,1,1,1,1,1,3,1,4,4,4,4,2,1,3,4,1,1,1
123,2,24,6,4,5,3,4,5,3,5,6,4,2,4,3,2,4,3,2,3,2,3,4,3,3,2,3,4,2,3,2,3,2,3,2,4,3,2,2,3,2,3,3,2,3,4,3,2,3,2,3,2
132,2,24,7,4,5,5,4,4,4,4,5,4,5,5,2,4,4,1,3,4,2,2,1,2,1,1,3,1,3,3,2,2,2,2,2,2,2,2,3,1,2,1,1,1,2,3,3,2,2,3,3,2
161,2,29,6,6,5,6,6,6,5,7,6,5,6,7,3,4,3,3,3,4,4,3,3,4,4,3,3,4,3,3,4,3,4,4,3,4,3,3,4,4,3,4,3,4,3,3,3,4,4,3,4,3
181,2,27,6,5,5,6,4,5,6,4,7,5,5,6,3,3,4,3,3,4,3,4,3,3,3,3,2,4,3,3,4,3,2,3,4,3,3,2,4,3,3,3,3,4,3,3,4,2,3,3,3,4
200,2,31,6,5,7,6,5,6,5,7,6,7,7,5,4,3,4,4,2,3,3,4,3,4,2,2,3,3,4,3,4,2,3,3,4,2,4,3,2,3,3,4,3,4,3,4,2,3,4,4,2,3
215,2,58,2,5,4,4,4,4,4,4,4,4,4,4,1,1,1,1,1,1,1,1,1,1,2,3,2,2,2,2,2,1,1,2,2,2,1,1,1,1,1,3,1,2,1,1,1,1,1,1,1,1
217,2,28,7,6,6,7,6,7,6,5,6,5,6,6,4,3,3,4,4,3,4,3,3,4,4,3,4,4,3,4,4,3,4,4,3,4,3,3,4,4,3,4,4,3,3,4,3,4,3,4,4,3
224,2,43,5,4,4,5,4,4,3,4,5,5,5,4,3,2,2,2,3,2,2,2,3,2,2,2,3,2,3,3,3,2,3,3,3,3,2,3,3,3,2,3,3,3,2,3,3,2,2,2,2,2
236,2,27,5,5,3,4,5,5,2,6,5,6,6,7,3,2,4,3,4,4,3,2,2,3,3,4,2,3,3,2,3,3,2,4,2,3,3,2,4,3,3,2,3,3,2,3,4,3,1,3,3,3
241,2,27,6,6,4,6,5,5,5,5,4,5,5,4,4,3,3,2,2,4,3,2,2,1,2,1,4,1,2,2,2,4,1,2,2,2,1,2,1,2,2,1,2,1,1,2,3,2,2,2,2,2
257,2,31,4,5,4,3,3,5,4,5,4,3,2,4,3,2,2,3,2,3,3,2,2,1,2,3,3,2,3,3,2,3,2,3,2,3,3,3,2,1,2,3,3,2,2,2,3,2,2,3,2,2
263,2,56,5,4,4,6,3,6,1,6,5,3,5,6,2,3,3,4,2,3,4,4,2,2,2,3,4,3,3,4,2,2,4,3,2,3,2,3,3,4,2,2,3,2,3,1,4,3,3,2,3,4
272,2,29,3,6,5,5,5,2,4,3,3,5,5,6,2,2,3,3,3,2,3,3,4,3,3,2,2,3,3,2,2,3,4,3,2,3,3,3,4,3,3,2,3,2,3,3,3,4,3,3,3,4
275,2,29,6,3,5,6,4,3,6,7,6,5,3,5,3,4,3,2,3,4,3,2,3,4,3,4,3,2,3,4,3,2,3,3,4,2,1,1,3,2,3,4,3,2,1,3,4,3,2,3,4,3
279,2,44,1,1,1,1,2,1,1,1,4,1,4,1,2,1,1,1,2,1,1,1,3,1,3,3,1,2,2,1,1,1,1,2,1,1,1,1,1,1,1,2,2,2,2,1,1,2,2,1,1,1
288,2,28,1,3,1,7,1,2,1,2,3,1,3,1,1,1,1,1,3,1,1,2,1,1,2,2,1,1,1,1,1,2,1,2,1,1,1,2,1,1,1,1,2,2,1,1,1,1,1,1,1,1
122,2,26,5,3,4,6,5,6,7,3,7,4,6,7,4,3,4,4,2,3,4,2,3,4,4,3,3,4,3,4,2,3,2,3,4,3,2,3,4,4,3,4,4,3,4,4,3,3,4,4,2,2
129,2,41,4,4,3,6,2,3,6,4,6,2,6,5,1,1,1,1,1,1,1,1,1,1,1,1,1,1,1,1,1,1,1,1,1,1,1,1,1,1,1,1,1,1,1,1,1,1,1,1,1,1
140,2,44,1,1,1,6,1,1,1,1,7,1,6,1,1,1,3,1,1,4,4,1,1,1,3,4,3,4,4,1,1,3,1,1,1,3,1,1,4,1,1,1,4,4,4,3,1,1,1,1,3,1
145,2,29,6,3,5,3,4,5,1,5,2,3,3,4,4,4,3,2,3,2,2,3,3,3,3,3,3,3,3,3,3,2,2,3,4,3,3,4,3,3,3,3,4,2,3,2,4,3,3,4,3,2
183,2,58,1,5,1,6,1,1,1,5,7,1,7,7,3,1,2,1,3,1,4,1,4,2,4,4,2,4,4,4,1,4,1,1,3,3,1,4,1,1,1,4,3,4,4,1,4,4,4,1,4,1
197,2,41,2,2,2,6,2,2,4,3,6,3,6,3,1,1,1,1,1,1,1,1,3,1,3,4,2,2,3,1,1,1,1,2,1,1,1,2,1,1,1,3,3,3,3,1,2,3,1,1,1,1
249,2,66,1,7,1,4,1,1,1,7,4,4,7,1,2,1,2,1,1,1,1,1,1,1,1,1,1,1,1,1,1,1,1,2,1,1,1,1,1,1,1,2,3,3,2,2,1,2,1,1,1,1
124,2,42,1,6,1,4,1,1,4,6,4,1,4,6,2,1,2,1,1,1,1,1,1,1,3,3,2,2,3,1,1,1,1,1,1,1,1,1,1,1,1,3,3,3,3,1,3,3,1,1,1,1
125,2,40,1,6,2,5,2,2,2,6,6,2,6,6,2,3,1,3,3,1,1,3,4,3,3,3,3,3,3,1,1,3,1,2,3,3,2,2,1,1,3,3,3,3,3,3,3,3,1,1,3,1
126,2,44,2,2,2,7,2,2,1,2,6,1,6,2,3,2,3,1,2,4,3,3,3,3,3,4,3,3,3,4,1,3,1,2,2,2,1,2,3,4,3,3,3,4,3,2,2,3,3,2,3,1
127,2,25,5,2,5,6,4,6,5,5,4,6,4,5,3,1,3,2,2,1,4,2,3,3,4,3,3,2,3,2,3,3,4,2,3,2,3,3,4,3,2,2,4,2,3,2,3,2,2,4,3,3
128,2,25,4,6,5,5,4,6,3,5,7,1,7,7,3,1,1,1,1,1,3,1,4,4,4,2,2,2,3,3,3,3,3,1,2,2,1,1,1,4,1,3,4,4,4,2,3,4,4,1,1,1
131,2,29,1,1,1,7,1,2,4,1,7,2,7,1,1,1,1,1,1,1,1,1,2,1,1,2,1,1,3,1,1,1,1,3,1,1,1,3,1,1,1,3,2,1,1,1,1,1,1,1,1,1
133,2,33,3,5,2,5,3,3,2,5,4,2,4,5,2,1,2,1,3,1,2,2,3,1,3,3,3,3,2,4,2,2,1,2,1,2,1,2,1,4,1,3,3,3,3,3,1,3,4,1,2,1
134,2,39,2,5,2,7,2,5,3,5,6,2,4,5,2,1,1,1,3,2,2,1,2,2,3,4,3,2,4,1,1,2,1,1,2,2,1,1,2,1,1,4,3,4,4,1,1,3,1,1,2,1
135,2,43,3,1,1,6,2,1,4,1,6,3,6,1,3,1,2,2,4,1,4,3,4,4,4,4,4,2,1,3,4,3,1,4,2,1,1,4,1,1,2,3,4,4,4,4,1,2,4,3,3,1
136,2,28,1,5,1,4,1,1,1,4,5,1,6,4,3,1,1,1,2,1,1,2,4,1,3,4,1,4,4,4,1,3,1,3,1,1,1,1,1,1,3,2,4,3,4,1,4,4,3,4,3,1
137,2,39,2,5,3,6,5,6,2,5,3,5,3,5,3,3,2,3,4,3,3,2,3,3,2,3,3,1,3,3,2,4,1,3,3,2,2,3,3,1,2,3,3,3,3,3,1,3,1,1,1,1
138,2,27,2,5,1,7,1,1,1,7,7,1,7,5,2,1,1,1,1,1,2,2,2,3,2,4,3,1,1,1,1,2,1,2,1,1,1,1,2,1,2,3,4,2,2,2,1,1,1,1,2,1
139,2,50,1,1,1,3,1,1,1,1,7,1,7,7,1,1,1,1,1,1,1,1,4,1,3,4,2,1,1,1,1,3,1,1,1,1,1,1,1,1,1,4,3,4,3,2,4,2,1,1,2,1
141,2,27,2,3,4,4,4,4,3,4,3,4,3,4,4,4,3,3,3,2,3,3,3,3,4,4,4,4,3,3,3,4,3,4,4,3,4,3,3,3,4,3,4,4,3,3,3,4,4,3,3,3
142,2,52,7,7,6,7,4,7,6,7,6,3,7,7,2,1,1,1,1,1,1,4,2,1,3,2,4,1,3,1,4,1,1,2,1,1,1,2,1,1,3,2,4,3,3,4,3,2,1,1,1,1
143,2,27,4,5,5,5,5,4,4,4,4,4,4,4,2,2,2,2,2,2,2,2,2,2,3,3,3,3,3,3,3,3,3,2,2,3,2,2,2,2,2,2,4,4,4,4,4,4,2,2,2,2
144,2,32,1,7,1,7,1,1,7,7,7,7,7,7,3,1,1,2,3,1,4,1,4,1,4,4,3,4,4,1,4,1,1,1,1,1,1,1,4,1,4,4,4,4,4,2,4,4,1,2,1,1
146,2,57,1,7,1,5,1,1,1,7,7,1,7,6,1,1,1,1,1,1,1,1,4,1,4,4,4,4,4,3,1,1,1,1,1,1,1,1,1,1,1,4,3,4,4,3,3,4,1,1,1,1
147,2,42,3,5,1,7,1,2,2,4,6,2,6,2,1,1,1,1,1,1,1,1,1,1,3,4,1,2,2,1,1,1,1,1,1,1,1,1,1,1,1,2,4,3,3,1,3,2,1,1,1,1
148,2,63,1,1,1,5,1,1,1,1,4,1,5,5,1,1,1,1,1,1,1,2,3,1,3,4,1,2,4,1,2,1,1,1,1,1,1,1,1,1,1,3,3,3,3,3,1,4,1,1,1,1
149,2,38,2,5,1,5,1,1,1,7,4,1,3,6,2,1,2,1,1,1,2,3,2,1,3,4,1,1,2,1,1,1,1,1,1,1,1,4,2,2,1,2,3,3,3,1,1,3,3,1,1,1
150,2,33,5,2,2,3,2,1,5,2,6,2,6,1,2,1,1,1,1,1,1,2,4,1,3,4,1,2,3,1,1,1,1,1,1,1,1,1,1,1,3,4,3,4,3,1,2,2,1,1,1,1
151,2,33,1,7,4,7,1,1,1,7,7,1,7,7,2,1,1,1,4,1,3,1,4,1,4,4,2,3,4,4,2,4,1,4,1,1,1,4,2,1,1,4,4,4,4,2,1,4,4,1,4,1
152,2,36,2,5,5,6,6,2,2,6,6,6,6,6,1,1,1,1,1,1,1,1,1,1,1,1,1,1,1,1,1,1,1,1,1,1,1,1,1,1,1,1,1,1,1,1,1,1,1,1,1,1
153,2,36,1,5,1,5,1,1,1,5,4,1,4,4,1,1,1,1,1,1,1,1,2,1,3,3,2,2,4,1,1,1,1,2,1,1,1,1,3,1,1,2,2,4,2,1,1,4,1,1,1,1
154,2,29,7,1,6,6,6,7,7,6,7,7,7,7,4,4,4,4,4,4,4,4,4,4,4,4,4,3,4,4,3,4,4,3,3,2,3,3,3,4,3,3,4,4,4,4,3,3,4,4,3,4
155,2,33,6,4,5,7,5,3,5,5,7,3,7,3,2,1,4,3,2,3,4,4,3,3,3,4,4,4,4,2,2,2,2,2,1,1,2,4,4,2,4,3,4,4,4,4,4,4,2,2,3,1
156,2,44,6,6,2,5,2,5,6,6,7,4,7,6,2,1,1,1,2,3,4,2,4,1,3,4,2,3,4,3,1,3,1,2,1,1,1,4,1,1,1,4,4,4,4,2,3,4,1,1,3,1
157,2,42,6,1,2,6,3,1,2,1,6,2,4,2,2,1,1,1,3,1,3,3,3,3,3,3,2,1,3,1,4,3,1,2,1,1,2,3,2,1,3,3,2,3,3,1,1,3,1,4,3,1
158,2,59,1,6,1,6,1,4,1,7,7,1,7,6,2,1,1,1,1,1,1,1,2,1,3,4,3,3,3,1,1,1,1,1,1,1,1,1,1,1,1,3,3,3,4,1,2,1,1,1,1,1
159,2,35,2,4,2,6,2,2,2,4,4,2,4,4,2,1,1,1,2,1,1,1,3,1,3,3,1,2,3,1,3,1,1,2,1,1,1,4,1,1,2,3,1,3,3,1,2,2,2,1,1,1
160,2,65,1,1,1,1,1,1,1,1,7,1,7,1,2,1,1,1,2,1,1,1,1,1,2,3,3,1,1,1,1,2,1,2,1,1,1,1,1,1,2,2,4,3,3,4,1,3,1,3,1,1
162,2,40,5,5,1,7,1,7,2,5,7,2,7,2,4,1,4,2,4,4,4,4,4,3,4,4,2,2,4,1,2,4,1,4,4,4,2,2,4,4,4,3,4,4,4,2,2,4,1,1,4,1
163,2,31,3,5,1,3,1,1,1,5,5,1,4,5,3,1,2,1,2,2,3,3,2,1,2,2,2,2,4,3,3,2,1,1,1,1,1,4,3,2,2,2,3,2,3,2,2,4,2,1,2,1
164,2,55,1,4,1,1,1,3,1,6,4,1,1,1,1,1,1,2,2,1,1,1,1,1,1,1,1,1,2,1,2,1,1,1,1,1,1,1,1,1,1,1,1,3,3,1,1,1,1,3,1,1
165,2,56,1,7,3,7,1,1,1,6,6,1,7,6,3,2,2,1,3,3,2,3,4,4,3,4,2,4,4,4,2,3,1,2,2,3,1,1,1,1,1,2,3,3,4,3,2,4,3,1,3,1
166,2,62,6,4,4,5,4,2,6,4,6,4,6,6,2,1,1,1,1,1,1,2,1,1,2,3,1,2,1,1,3,2,1,3,1,1,1,2,1,1,2,2,1,3,3,2,1,1,1,3,2,1
167,2,29,1,2,7,1,7,2,1,1,7,1,7,1,2,1,1,1,1,2,1,1,3,2,2,4,3,3,3,3,1,1,1,1,1,1,1,1,3,3,1,2,3,4,3,3,2,3,3,1,1,1
168,2,32,2,5,6,5,5,1,1,5,5,5,6,6,4,4,4,4,4,1,4,4,4,4,4,4,4,4,4,4,4,4,1,4,4,4,4,4,4,4,4,4,4,4,4,4,4,4,4,1,4,1
169,2,26,7,7,7,7,7,7,7,7,7,7,7,7,4,4,4,4,4,4,4,4,4,4,4,4,4,4,4,4,4,2,1,1,1,4,4,4,4,4,4,4,4,4,4,4,4,4,4,4,4,1
170,2,53,1,1,1,5,1,3,4,1,6,1,6,3,2,1,2,1,2,1,3,2,2,1,3,3,2,2,3,2,1,2,1,2,1,2,1,2,2,1,2,3,3,4,4,3,1,3,1,1,1,1
171,2,39,2,6,2,6,2,5,2,7,6,2,6,7,3,2,3,2,2,1,1,2,2,3,4,3,4,3,4,1,1,2,1,3,2,2,1,1,1,1,1,1,3,4,4,2,2,2,1,1,1,1
172,2,27,2,6,2,6,2,3,2,6,6,2,7,6,1,1,1,1,1,1,2,1,2,1,3,4,2,2,3,2,1,1,1,1,1,1,1,2,1,2,1,3,4,3,4,2,1,3,2,1,1,1
173,2,59,2,7,3,6,3,3,3,7,5,5,5,5,2,1,1,2,2,2,2,2,3,2,3,3,2,3,3,1,3,2,1,3,2,1,2,2,1,1,2,3,3,4,3,2,2,3,1,1,3,1
174,2,21, , , , , , , , , , , , , , , , , , , , , , , , , , , , , , , , , , , , , , , , , , , , , , , , , , 
175,2,49,4,7,1,7,1,3,2,4,7,2,7,6,1,1,2,2,2,1,1,1,2,2,4,3,2,3,3,1,1,2,1,1,2,1,2,1,1,1,1,2,2,4,3,1,2,2,1,1,2,1
176,2,27,4,2,3,3,3,3,2,2,5,2,5,3,3,1,3,1,4,2,3,1,2,3,2,2,3,3,2,1,2,1,1,4,1,2,1,4,2,1,1,3,2,2,3,3,1,2,2,1,2,1
177,2,66,1,4,1,5,1,2,1,6,6,1,6,6,2,1,1,1,1,1,1,1,3,1,3,4,1,2,4,1,1,2,1,1,1,1,1,1,1,1,1,3,4,4,4,2,1,3,1,1,1,1
178,2,41,2,5,1,6,1,1,2,4,6,2,6,5,1,1,1,1,1,1,1,2,3,1,3,3,2,2,4,1,2,1,1,2,1,1,1,3,1,1,2,3,4,4,4,2,1,1,2,2,1,1
179,2,33,2,7,1,6,1,6,1,7,6,1,7,3,1,1,1,1,1,1,1,1,1,1,1,4,4,3,4,1,2,1,1,2,1,1,1,2,4,1,1,3,4,3,4,3,2,4,1,1,1,1
180,2,55,2,2,2,7,2,2,2,2,5,1,6,2,1,1,1,1,1,1,1,1,1,1,3,3,3,1,3,1,1,1,1,1,1,1,1,1,1,1,1,1,3,4,4,2,1,1,1,1,1,1
184,2,30,1,5,1,4,1,2,2,6,2,2,4,2,1,1,1,1,1,1,1,1,1,1,2,3,2,2,1,1,2,1,1,1,1,1,1,1,1,1,1,1,3,3,3,2,2,3,1,2,1,1
185,2,31,1,4,2,3,1,1,1,4,6,1,5,4,2,3,3,1,2,3,4,2,3,3,3,3,4,2,2,3,2,2,3,3,2,4,2,2,3,3,2,3,3,4,3,3,2,2,3,1,2,1
186,2,60,6,2,2,5,1,4,4,1,6,1,6,2,1,1,1,1,1,1,1,1,1,1,3,3,3,2,1,1,2,1,1,1,1,1,1,1,1,1,1,1,2,3,3,1,1,1,1,1,1,1
187,2,32,4,4,4,3,2,3,4,4,4,3,3,3,2,2,2,2,3,3,3,2,3,4,2,3,4,3,3,3,2,3,3,3,3,2,2,3,3,3,3,3,3,3,3,3,4,3,3,3,3,1
188,2,70,1,1,2,3,1,1,1,1,7,1,7,6,1,1,2,1,1,1,3,1,1,1,3,4,3,2,2,3,1,1,1,1,1,1,1,1,3,2,1,4,2,3,3,2,1,2,1,1,2,1
189,2,29,2,1,1,5,1,1,1,1,5,1,5,2,1,1,1,1,1,1,1,1,1,1,1,3,1,1,1,1,1,1,1,3,1,1,1,1,1,1,1,3,3,2,2,2,1,1,1,1,1,1
190,2,46,4,2,2,6,2,2,2,2,6,2,3,2,1,1,1,1,1,1,1,1,1,3,3,3,2,4,4,1,1,1,1,1,1,1,1,1,1,1,1,3,3,3,3,2,3,3,3,2,3,1
191,2,37,1,6,1,6,1,1,1,6,7,1,7,1,2,1,2,1,1,1,2,1,3,1,2,4,3,1,4,1,1,1,1,2,1,1,1,3,2,1,1,3,4,3,3,3,1,1,1,1,1,1
192,2,41,3,4,4,5,3,2,2,4,5,2,6,4,2,1,1,1,1,1,1,1,3,2,3,3,2,2,2,3,2,1,1,2,1,3,1,2,2,1,2,3,4,3,3,2,1,2,3,1,1,1
193,2,46,5,6,1,6,1,2,6,6,7,3,7,4,2,1,2,1,2,1,3,1,3,1,3,4,4,4,4,2,1,1,1,1,2,2,1,1,2,1,1,3,4,4,4,3,4,3,1,1,1,1
194,2,56,3,2,2,6,2,2,5,2,5,4,6,5,1,1,1,1,1,1,1,1, ,1,1,1,1,1,1,1,1,1,1,1,1,1,1,1,1,1,1,1,1,1,1,1,1,1,1,1,1,1
195,2,25,1,7,1,7,1,6,1,7,7,1,7,5,1,1,1,1,1,1,1,1,4,1,4,4,4,1,1,1,1,1,1,1,1,1,1,1,1,1,1,1,4,4,4,4,1,4,1,1,1,1
196,2,49,3,2,3,5,3,2,3,3,5,4,7,5,1,1,1,1,1,1,1,2,1,1,3,3,2,1,2,1,2,1,1,1,1,1,1,1,1,1,3,2,2,3,3,1,2,1,1,1,1,1
198,2,34,4,7,4,7,6,6,5,6,7,6,5,6,3,4,3,4,4,2,3,2,3,3,3,3,4,2,4,1,4,2,2,2,2,2,2,2,2,3,3,3,2,3,2,2,4,2,1,2,3,1
199,2,60,5,6,1,6,1,5,1,6,7,1,7,1,1,1,1,1,1,1,1,4,1,3,3,4,3,1,4,4,1,1,1,3,1,1,1,1,1,3,1,4,4,3,4,3,1,4,1,1,1,1
201,2,35,2,4,5,4,5,3,2,4,6,2,5,2,1,1,1,1,1,1,1,1,3,1,3,3,2,3,2,2,2,1,1,1,1,1,1,1,1,1,2,3,3,3,2,1,3,2,1,1,1,1
202,2,50,1,4,1,5,1,1,1,5,5,1,5,5,1,1,1,1,1,1,1,1,3,1,4,4,2,2,2,4,1,1,1,1,1,1,1,1,1,1,1,4,4,4,4,2,2,3,1,1,1,1
203,2,48,1,1,1,7,1,1,1,1,7,1,7,3,1,1,2,2,2,1,2,2,2,1,4,4,3,3,3,1,1,2,1,1,1,1,2,1,1,1,1,4,4,4,4,3,1,4,1,1,2,1
204,2,42,1,6,1,7,1,1,1,6,5,1,5,6,1,1,1,1,1,1,1,1,4,1,4,4,3,1,3,1,1,1,1,1,1,1,1,1,1,1,1,3,1,4,3,3,1,1,1,1,1,1
205,2,48,2,5,1,6,1,2,1,5,6,1,4,4,1,1,1,1,2,1,1,2,2,1,2,4,3,3,3,1,3,1,1,1,1,1,1,1,1,1,1,2,3,2,3,2,1,1,1,1,1,1
206,2,48,1,6,1,5,1,3,4,6,5,2,3,2,1,2,1,1,1,1,2,1,1,3,3,3,2,3,4,1,1,1,1,2,1,1,1,2,1,1,2,2,4,3,3,2,3,3,1,1,1,1
207,2,41,2,1,5,7,2,5,7,2,5,2,3,1,1,1,1,1,3,1,1,2,4,4,4,4,4,1,1,1,4,1,1,1,1,1,1,1,1,1,2,1,1,2,1,4,1,1,1,4,1,1
208,2,60,1,4,1,6,1,2,4,4,5,1,6,6,1,1,1,1,1,1,1,1,2,1,4,4,2,2,4,1,2,1,1,1,1,1,1,1,1,1,2,3,1,4,3,1,2,3,1,1,1,1
209,2,31,1,6,4,6,5,1,1,7,6,1,6,7,1,1,1,1,1,1,1,1,3,1,4,4,2,3,4,1,2,1,1,2,1,1,1,1,1,1,1,1,4,3,3,2,3,3,4,1,1,1
210,2,38,1,3,1,7,1,1,1,1,6,1,6,2,2,1,2,1,1,2,2,1,2,1,1,3,1,3,3,1,1,1,1,3,1,2,1,1,1,1,1,2,4,4,4,2,3,4,4,1,1,1
211,2,32,1,5,1,4,1,1,1,5,5,1,5,5,1,1,2,1,1,1,2,2,1,1,1,3,2,2,2,1,1,1,1,1,1,1,1,1,2,2,1,2,3,3,3,2,1,2,1,1,1,1
212,2,48,1,3,1,5,1,3,1,2,6,1,6,2,1,1,1,1,2,1,1,1,2,1,3,3,1,1,3,2,3,3,1,1,1,1,1,2,1,2,1,1,2,3,3,2,2,2,1,1,3,1
213,2,45,1,1,1,5,1,1,1,2,4,1,4,1,1,1,1,1,1,1,1,1,1,2,1,1,1,1,1,1,1,1,1,1,1,1,1,1,1,1,1,1,2,2,2,1,1,1,1,2,1,1
214,2,39,1,7,5,6,1,3,1,7,6,1,6,7,2,3,3,3,3,1,1,2,3,3,3,3,3,3,3,2,1,2,1,3,3,3,3,4,1,1,2,2,4,4,3,2,2,2,2,1,2,1
216,2,32,2,6,2,6,2,6,2,6,6,2,6,2,1,1,1,1,1,1,1,1,1,1,1,4,1,1,4,1,1,1,1,1,1,1,1,1,1,1,1,1,4,3,4,1,1,4,1,1,1,1
218,2,19, , , , , , , , , , , , ,1,1,1,1,1,1,1,1,1,1,1,1,1,1,1,1,1,1,1,1,1,1,1,1,1,1,1,1,1,1,1,1,1,1,1,1,1,1
219,2,56,2,5,1,5,1,2,6,5,6,5,6,5,2,1,1,2,3,1,2,3,2,1,3,2,2,2,3,1,2,3,1,3,2,2,3,3,2,1,1,1,2,3,2,1,1,1,1,1,3,1
220,2,52,7,4,1,6,1,1,1,4,7,1,4,4,1,1,1,1,3,1,1,1,1,1,3,3,1,1,3,1,3,3,1,1,1,1,1,4,1,1,1,3,3,3,3,3,3,3,3,1,3,1
221,2,39,3,3,2,6,3,2,3,5,2,3,6,2,1,1,1,1,1,1,2,2,1,1,1,2,1,2,2,1,1,1,1,1,1,1,1,1,2,1,2,1,2,3,3,1,1,1,1,1,1,1
222,2,26,2,6,2,6,2,2,2,6,7,2,7,6,2,1,1,1,1,1,2,3,3,1,2,3,1,1,2,1,1,1,1,1,1,1,1,1,1,1,2,2,3,2,3,1,1,2,1,1,1,1
223,2,26,6,6,6,5,4,4,6,6,5,4,4,5,3,4,4,3,2,2,2,2,3,3,3,2,2,2,3,3,3,3,2,2,2,3,3,4,4,3,2,3,3,2,3,3,4,3,4,2,2,3
225,2,45,1,1,1,1,1,1,1,1,1,1,1,1,1,1,1,1,1,1,1,1,1,1,1,1,1,1,1,1,1,1,1,1,1,1,1,1,1,1,1,1,1,3,1,1,1,1,1,1,1,1
226,2,32,1,6,1,4,1,6,1,6,7,1,6,6,1,1,1,1,1,1,1,1,3,1,1,3,1,1,4,1,2,1,1,1,1,1,1,1,1,1,1,2,3,3,2,1,1,3,1,1,1,1
227,2,47,3,1,4,6,5,5,4,1,7,4,7,5,2,2,1,2,1,1,1,3,1,2,3,4,3,1,1,1,1,2,1,2,1,1,1,1,1,1,1,2,3,3,3,3,2,2,1,2,2,1
228,2,33,2,1,5,7,4,1,3,2,3,6,4,5,2,1,1,1,1,1,3,1,4,3,2,4,3,3,4,1,1,1,1,2,1,1,1,1,1,1,1,3,2,4,3,2,1,1,1,1,1,1
229,2,30,1,7,1,4,1,3,2,6,5,1,3,3,1,1,1,1,1,2,1,1,2,1,3,3,2,2,2,1,2,1,1,2,1,1,1,1,1,1,1,2,4,3,3,1,2,1,1,1,1,1
230,2,34,2,5,2,3,2,1,1,1,6,1,6,1,1,1,1,1,1,2,1,1,3,1,3,3,1,3,3,1,1,1,1,1,1,1,1,1,1,1,1,1,3,3,1,1,1,1,1,1,1,1
231,2,57,4,2,2,7,2,3,3,2,6,1,6,6,2,1,1,2,2,1,1,1,2,1,4,4,2,4,3,1,1,2,1,1,2,1,1,3,1,1,1,4,4,4,3,1,3,3,1,1,1,1
232,2,27,1,1,1,4,1,1,1,1,4,1,4,1,3,1,2,1,3,1,3,1,4,1,1,3,1,1,3,3,1,1,1,3,1,1,1,3,1,1,1,3,3,3,3,2,1,1,3,1,1,1
233,2,34,1,7,1,7,1,4,1,7,7,1,7,5,2,1,1,1,1,2,4,1,3,3,4,4,3,4,4,4,1,1,1,1,1,2,1,1,4,4,1,4,4,4,4,3,3,4,3,1,1,1
234,2,25,2,6,1,6,1,3,5,6,6,5,6,5,1,1,1,1,1,1,1,1,1,1,1,1,1,1,1,1,1,1,1,1,1,1,1,1,1,1,1,1,1,1,1,1,1,1,1,1,1,1
235,2,29,2,6,5,5,2,5,5,6,6,5,6,5,2,2,2,1,3,3,3,2,2,3,2,3,2,3,3,1,1,2,1,2,2,2,1,2,1,1,2,3,3,2,2,2,3,3,1,1,2,1
237,2,28,1,5,3,4,2,2,2,6,7,2,6,5,2,1,1,1,1,1,2,2,3,2,3,4,2,3,3,3,2,1,1,1,1,1,1,1,1,1,1,3,4,3,4,2,3,2,3,2,1,1
238,2,25,7,6,7,6,5,7,6,5,6,7,6,5,4,3,4,3,2,3,3,4,3,4,3,4,3,3,4,3,4,3,4,4,3,4,3,3,4,4,3,3,3,4,3,4,3,3,2,3,4,4
239,2,60,2,5,1,7,1,1,1,6,6,1,6,6,1,1,1,1,1,1,1,1,1,1,3,4,3,4,3,1,2,1,1,1,1,1,1,1,1,1,1,1,2,3,3,2,2,2,1,1,1,1
240,2,39,1,1,1,1,1,1,1,1,7,1,1,1,2,1,2,1,1,1,1,1,3,1,3,3,1,1,3,3,1,1,1,3,1,1,1,3,1,1,1,3,3,3,3,1,1,1,1,1,1,1
242,2,29,2,4,1,4,1,1,1,4,4,1,4,5,1,1,1,1,1,1,1,2,3,1,2,3,2,2,3,1,2,1,1,1,1,1,1,1,1,1,2,2,1,3,3,1,2,3,1,3,1,1
243,2,45,1,4,4,6,1,4,4,4,7,4,7,4,2,1,1,1,1,1,1,1,4,1,3,4,2,4,4,1,1,2,1,2,1,1,1,1,1,1,1,2,3,3,3,1,3,4,1,1,2,1
244,2,30,1,2,1,1,1,1,1,1,3,1,1,1,1,1,1,1,1,1,1,1,1,1,2,1,1,1,2,1,1,1,1,1,1,1,1,1,1,1,1,1,1,3,1,1,1,1,1,1,1,1
245,2,31,2,2,4,2,6,3,6,4,3,2,5,6,2,3,2,1,2,3,2,1,1,2,1,2,1,1,1,3,2,1,1,1,1,1,1,1,1,1,1,1,3,2,3,2,3,2,2,2,1,1
246,2,37,1,4,1,5,1,3,1,5,4,1,6,3,1,1,1,1,1,1,1,2,1,1,1,4,1,1,3,1,3,1,1,3,1,1,1,1,1,1,2,1,3,2,3,1,1,3,1,1,1,1
247,2,45,1,4,1,7,1,1,1,5,7,1,7,1,1,1,1,1,1,1,1,1,3,1,3,4,3,4,4,1,1,1,1,1,1,1,1,1,1,2,1,4,4,4,4,4,4,4,1,1,1,1
248,2,33,7,7,1,7,1,3,1,7,7,1,7,5,3,1,1,2,3,1,1,1,4,1,4,4,3,3,3,1,1,1,1,3,1,1,1,1,1,1,1,3,3,4,4,2,1,1,1,1,1,1
250,2,47,1,4,4,4,4,1,1,1,1,1,1,4,1,1,1,1,1,1,1,1,1,1,1,1,1,1,1,1,1,1,1,1,1,1,1,1,1,1,1,4,4,4,4,4,1,1,1,1,1,1
251,2,50,2,2,2,6,2,3,4,2,6,2,5,5,2,1,1,1,1,1,1,1,2,1,3,3,2,1,4,1,1,1,1,1,1,1,1,1,1,1,1,3,4,4,2,2,1,3,1,3,1,1
252,2,47,2,2,1,3,1,4,3,5,5,1,5,1,3,1,2,2,3,1,2,2,3,2,3,4,2,3,4,1,3,2,1,2,1,1,1,1,2,1,2,3,3,3,3,2,2,3,1,1,1,1
253,2,36,2,2,4,6,4,5,2,2,3,2,5,5,4,1,3,1,1,1,3,1,3,1,3,3,3,3,3,3,3,3,1,1,1,3,1,1,3,3,2,3,3,3,3,3,1,3,3,3,1,1
254,2,57,5,1,6,4,5,1,6,1,5,5,7,5,1,1,1,1,2,1,1,1,3,1,2,4,3,3,2,1,3,1,1,1,1,1,1,1,1,1,3,4,3,4,4,1,1,3,1,1,1,1
255,2,29,1,3,1,7,1,5,1,4,7,1,7,1,1,1,1,1,1,1,2,1,3,3,2,4,3,4,2,2,1,1,1,2,1,1,1,1,2,2,1,3,4,3,4,3,4,2,2,1,1,1
256,2,25,6,4,5,6,6,4,7,3,5,6,5,6,1,1,1,2,1,1,1,2,2,1,3,2,1,2,2,1,2,1,1,1,1,1,2,1,1,1,2,1,2,3,2,1,1,1,1,1,1,1
258,2,32,1,1,1,3,1,1,2,1,7,1,6,1,2,1,1,1,2,1,2,2,3,1,2,4,1,1,4,4,1,1,1,2,1,1,1,1,1,2,1,3,4,2,3,2,1,1,3,1,1,1
259,2,36,1,1,1,6,1,1,1,4,7,2,6,1,1,1,1,1,1,1,1,1,2,1,2,4,2,3,1,1,1,1,1,1,1,1,1,1,2,1,1,3,1,4,4,2,1,1,1,1,1,1
260,2,41,1,2,3,3,1,1,1,3,4,1,4,2,1,1,1,1,2,1,1,1,3,1,1,2,1,1,2,1,2,1,1,2,1,1,1,1,1,1,1,3,3,3,3,2,2,3,2,2,1,1
261,2,33,3,6,1,6,1,3,2,6,7,1,7,6,2,1,1,1,3,2,4,1,3,1,3,4,2,4,4,1,1,2,1,3,1,1,1,3,2,1,1,3,4,4,4,4,3,4,1,1,1,1
262,2,26,5,2,2,6,2,1,1,2,7,2,7,6,3,1,1,1,1,1,2,1,2,1,3,3,3,3,3,1,2,2,1,2,1,1,1,1,1,1,1,3,3,3,4,2,1,3,1,1,2,1
264,2,34,6,3,6,6,6,6,6,4,6,6,6,6,4,3,4,4,4,3,4,4,4,3,4,4,4,4,3,4,4,4,3,4,3,3,4,3,3,3,3,3,4,3,3,3,3,4,3,4,4,4
265,2,33,3,5,3,4,3,3,3,4,5,3,4,3,2,1,1,3,3,1,2,1,1,1,3,3,3,3,4,1,1,1,1,2,2,1,1,1,1,1,1,1,3,3,3,3,2,3,1,1,1,1
266,2,56,2,2,2,6,2,1,5,2,5,5,5,4,1,1,1,1,1,1,1,1,3,1,3,3,1,3,2,1,1,1,1,1,1,1,1,1,1,1,1,3,3,3,3,1,2,3,2,1,1,1
267,2,34,1,6,3,7,3,5,2,7,7,3,7,5,1,1,3,1,4,2,4,1,4,2,3,4,2,3,4,4,1,4,1,3,2,3,1,4,2,4,1,4,4,3,4,2,3,4,4,1,4,1
268,2,55,2,3,1,5,1,1,1,3,6,1,6,5,1,1,1,1,2,1,1,2,1,1,3,3,2,1,2,2,1,1,1,2,1,1,1,1,2,1,2,1,3,3,3,1,2,1,1,1,1,1
269,2,24,1,5,5,6,4,4,5,3,4,5,4,5,1,1,1,2,3,1,2,2,3,1,4,4,4,1,2,1,2,1,1,2,1,1,2,3,1,1,1,3,4,4,4,2,1,1,1,1,1,1
270,2,30,4,6,6,6,5,5,4,6,6,6,6,6,3,2,3,3,3,1,2,3,2,3,4,3,3,3,3,1,1,3,1,3,3,3,3,3,2,1,3,4,4,4,3,3,2,3,2,1,2,1
271,2,32,1,2,1,6,1,5,1,2,7,1,7,2,2,1,1,1,2,1,4,1,2,2,3,3,1,2,3,1,1,1,1,2,1,2,1,3,3,1,1,3,4,3,4,1,1,2,1,1,1,1
273,2,42,7,3,5,6,5,1,1,2,6,1,6,6,3,1,4,2,1,2,4,1,4,2,4,4,4,3,3,4,1,1,4,1,3,4,3,3,4,4,4,4,4,4,4,4,2,4,4,1,2,1
274,2,43,1,1,1,7,7,1,1,1,7,1,7,1,4,1,1,1,2,1,2,1,3,3,4,4,4,3,4,1,1,4,1,2,1,1,1,1,1,1,4,4,4,4,4,4,3,4,1,1,4,1
276,2,35,1,1,1,1,1,5,1,1,1,1,1,1,1,1,1,1,1,1,1,1,1,1,4,4,4,4,4,4,4,4,4,3,1,1,1,1,1,1,1,4,4,4,4,4,4,4,1,1,1,1
277,2,24,3,3,4,3,2,4,3,2,4,3,3,4,2,1,1,2,2,1,1,1,1,1,2,1,1,1,1,1,1,1,1,1,1,1,1,1,1,2,1,1,1,2,1,1,2,1,1,1,1,2
278,2,45,5,4,3,6,3,1,4,3,5,3,5,4,2,2,1,2,2,1,3,1,2,1,3,3,2,2,3,3,3,2,1,2,1,1,1,3,1,1,1,3,3,3,3,1,2,2,1,2,1,1
280,2,30,2,4,5,5,5,2,5,4,4,6,5,5,3,1,1,1,1,1,2,2,1,2,3,3,3,2,2,2,2,2,1,3,3,2,3,2,2,3,3,2,4,3,3,3,2,3,1,3,3,3
281,2,32,5,3,3,5,3,4,4,4,3,2,5,4,3,1,3,1,1,1,1,2,1,1,2,2,1,1,2,1,3,1,1,1,1,1,1,1,1,1,2,2,3,2,2,2,1,2,1,2,1,1
282,2,34,1,7,1,5,1,2,1,7,6,1,5,7,1,1,1,1,1,1,1,3,3,1,3,4,3,3,4,1,2,1,1,1,1,1,1,2,2,1,2,3,3,3,4,3,3,4,1,1,1,1
283,2,35,6,1,1,7,1,1,5,1,7,1,7,2,4,1,3,1,1,1,4,1,2,3,4,4,3,4,4,1,1,1,1,2,1,4,1,1,1,1,1,3,4,4,4,3,3,4,1,1,1,1
284,2,40,2,4,1,4,1,3,1,3,6,1,5,4,1,1,2,1,1,1,3,1,2,1,3,4,2,3,3,2,2,1,1,2,1,1,1,4,3,3,1,2,3,4,3,2,3,3,1,1,1,1
285,2,25,3,7,1,7,1,1,1,7,7,2,4,1,3,1,1,2,2,1,2,1,3,1,3,4,2,1,1,1,1,1,1,1,1,1,1,2,1,1,1,4,3,3,3,1,3,1,1,1,1,1
286,2,38,2,5,2,5,2,3,2,5,5,2,5,4,2,2,4,2,2,3,3,2,2,3,4,4,3,3,3,2,1,2,1,3,2,2,1,3,2,3,1,3,3,4,4,3,1,3,3,1,1,1
287,2,35,4,5,1,5,1,3,1,5,7,1,6,5,2,1,3,1,1,1,1,1,2,1,3,2,2,1,1,1,1,1,1,1,1,1,1,1,1,1,1,1,2,3,3,2,1,1,1,1,1,1
289,2,44,6,5,4,5,6,7,6,5,6,1,1,1,3,2,4,4,3,2,3,3,2,1,2,3,4,3,3,3,4,3,2,3,4,3,2,3,2,4,4,3,2,3,4,3,2,3,3,4,3,2
290,2,39,5,2,4,4,4,1,4,4,5,6,5,1,1,1,1,1,1,1,1,1,1,1,1,1,1,1,1,1,1,1,1,3,1,1,1,1,1,1,1,1,1,1,1,1,1,1,1,1,1,1
291,2,47,1,1,1,7,1,5,1,1,7,1,4,1,4,1,4,2,4,4,4,2,4,3,4,4,4,3,4,1,2,2,1,4,2,4,2,4,4,1,2,1,4,4,4,4,3,4,1,1,2,1
292,2,38,1,4,4,4,4,4,3,3,3,3,3,4,1,2,1,3,3,1,1,3,3,1,4,4,4,4,4,4,4,4,1,4,4,4,4,4,4,4,4,4,4,4,4,4,4,4,4,4,4,1
293,2,36,2,5,2,5,4,3,5,5,3,5,3,5,1,1,1,1,1,1,3,1,1,2,3,3,2,1,3,1,1,1,1,1,1,1,1,1,1,1,1,2,3,4,1,2,1,2,1,1,1,1
295,2,44,5,2,2,5,2,2,5,2,5,2,5,2,1,1,1,1,1,1,1,1,1,1,2,4,3,2,4,1,2,1,1,1,1,1,1,1,1,1,1,3,3,3,3,3,1,4,1,1,1,1
296,2,34,1,4,1,7,1,6,1,4,6,1,7,4,4,1,4,1,2,1,1,2,2,1,3,4,2,2,4,1,2,4,1,4,1,3,1,2,4,1,2,3,4,4,4,3,4,4,2,1,4,1
297,2,38,1,6,3,3,1,1,1,6,5,1,5,2,3,1,1,1,1,1,1,1,3,1,4,4,3,3,4,1,1,1,1,1,1,1,1,1,1,1,1,1,1,4,3,2,1,3,2,1,1,1
298,2,44,5,2,2,4,2,3,2,2,6,2,6,2,2,1,3,1,3,3,3,2,3,1,1,4,3,2,2,2,3,3,1,2,1,1,1,2,3,2,2,2,4,3,4,3,2,2,2,1,2,1
299,2,44,1,6,1,5,1,1,1,6,4,1,4,4,4,1,2,1,3,1,1,2,4,1,3,3,1,1,1,1,3,1,1,1,1,1,1,1,1,1,1,4,4,3,2,1,1,1,1,1,1,1
300,2,28,2,2,2,6,2,2,3,3,3,2,3,3,1,1,1,1,1,1,1,1,3,1,3,3,1,2,2,1,1,1,2,2,2,1,2,2,3,2,3,2,2,3,2,2,3,2,2,2,3,2
301,2,56,1,1,1,1,1,1,1,1,6,1,4,4,2,1,2,1,3,1,1,1,2,1,2,4,2,1,2,1,1,1,1,1,1,1,1,1,1,1,1,1,1,3,1,1,1,1,1,1,1,1
302,2,66,2,6,2,6,2,6,6,6,4,6,4,6,1,1,1,1,1,1,1,1,2,1,4,4,1,1,2,1,1,1,1,3,1,1,2,1,1,2,1,3,3,4,3,1,1,1,1,1,1,1
303,2,62,2,1,1,4,1,4,1,1,5,2,5,5,3,1,1,2,3,1,2,2,1,1,3,3,2,1,2,1,1,2,1,3,1,1,2,3,1,1,1,2,3,3,3,2,1,3,1,1,2,1
304,2,33,4,4,4,4,4,4,4,4,4,4,4,4,2,2,1,1,1,1,3,1,3,3,3,3,3,3,3,1,3,2,1,2,1,1,1,3,2,1,2,1,4,4,4,3,3,3,1,1,3,1
305,2,31,2,2,2,4,1,1,2,2,6,1,6,5,3,1,3,1,2,3,3,2,4,2,3,4,3,2,3,2,3,2,1,3,3,4,1,2,3,3,1,3,3,4,3,3,1,3,4,3,3,1
