ParticipantID,SEX,ParticipantAge,MMS1,MMS2,MMS3,MMS4,MMS5,MMS6,MMS7,MMS8,MMS9,MMS10,MMS11,MMS12,MMS13,MMS14,SOIR1,SOIR2,SOIR3,SOIR4,SOIR5,SOIR6,SOIR7,SOIR8,SOIR9,MiniK1,MiniK2,MiniK3,MiniK4,MiniK5,MiniK6,MiniK7,MiniK8,MiniK9,MiniK10,MiniK11,MiniK12,MiniK13,MiniK14,MiniK15,MiniK16,MiniK17,MiniK18,MiniK19,MiniK20
38,0,28,3,3,3,2,4,5,4,1,3,2,5,3,5,6,5,4,7,4,3,3,6,7,8,3,5,5,3,4,6,6,4,3,5,3,3,3,4,4,5,4,6,4,5
40,0,31,5,2,3,4,4,5,5,3,2,1,1,2,1,2,6,6,7,7,4,5,2,3,4,5,4,5,5,4,5,5,6,6,6,5,6,5,5,6,5,5,4,5,5
44,0,29,7,3,3,5,3,6,3,5,4,6,4,6,4,6,5,3,4,4,5,4,5,7,5,6,6,5,7,4,6,6,5,7,5,5,6,6,5,7,6,5,6,7,6
49,0,36,7,2,1,6,1,1,1,5,3,6,6,7,6,7,2,2,3,6,6,3,4,3,4,5,4,3,3,2,2,7,7,6,6,6,6,5,6,5,6,5,5,6,2
50,0,23,5,2,5,5,5,3,5,5,5,5,4,4,5,5,4,6,7,6,5,5,6,7,6,5,5,6,3,6,5,5,5,5,3,3,6,5,4,4,5,5,4,4,5
51,0,27,4,4,5,3,2,3,2,3,3,3,2,3,3,2,6,8,6,5,4,6,3,2,2,5,5,6,4,7,4,5,5,6,7,5,5,4,6,6,6,5,2,3,5
67,0,37,6,6,4,6,7,5,6,7,6,6,7,3,6,7,5,7,7,3,8,6, ,5,6,6,5,5,6,7,5,6,6,3,5,5,6,6,4,3,6,7,7,5,6
72,0,29,6,3,2,7,5,6,7,5,6,7,5,6,5,6,7,8,7,8,7,8,8,9,7,6,5,6,4,5,4,5,6,5,7,5,6,5,6,7,6,5,6,6,7
92,0,34,4,1,1,7,1,7,1,1,1,7,7,1,7,4,3,6,8,9,9,1,7,5,7,2,6,6,6,6,6,2,3,4,7,2,1,4,4,3,6,6,6,2,1
102,0,49,6,3,4,5,4,5,4,5,4,5,4,5,4,5,2,2,2,5,4,4,4,4,4,5,4,5,4,5,4,5,4,5,4,5,4,5,4,4,5,4,5,4,5
106,0,29,6,3,3,6,6,7,5,3,3,4,5,5,5,4,6,2,2,1,3,7,5,6,7,4,5,5,3,4,4,5,5,6,6,5,6,5,5,4,4,6,7,5,5
123,1,24,6,3,5,4,5,3,4,5,3,5,6,4,2,4,6,4,2,3,4,6,8,4,5,6,4,3,4,5,6,5,3,4,5,6,5,3,4,5,4,6,5,3,4
132,1,24,7,1,3,4,5,5,4,4,4,4,5,4,5,5,8,6,6,7,5,5,8,7,6,6,6,5,4,6,5,6,4,6,7,5,7,7,5,6,6,6,5,7,5
161,1,29,6,3,1,6,5,6,6,6,5,7,6,5,6,7,7,5,6,6,7,9,7,6,7,6,5,7,6,5,6,7,7,5,6,6,5,7,6,5,6,7,6,5,6
181,1,27,6,3,4,5,5,6,4,5,6,4,7,5,5,6,6,7,7,7,6,6,7,6,6,5,5,4,4,4,5,4,5,4,4,5,4,5,4,5,4,5,4,5,4
200,1,31,6,3,2,5,7,6,5,6,5,7,6,7,7,5,8,7,8,8,8,9,8,7,9,6,6,6,4,7,6,6,5,7,6,6,6,7,5,7,6,6,5,5,6
215,1,58,2,4,3,5,4,4,4,4,4,4,4,4,4,4,5,5,5,5,5,5,5,5,5,4,4,4,4,4,3,3,3,3,3,4,3,4,4,4,3,3,3,3,4
217,1,28,7,2,1,6,6,7,6,7,6,5,6,5,6,6,8,6,7,8,5,8,8,6,7,7,6,7,6,7,7,6,6,6,7,7,6,7,6,6,7,7,6,6,7
224,1,43,5,4,4,4,4,5,4,4,3,4,5,5,5,4,8,7,8,7,6,6,6,7,6,5,4,3,4,4,4,4,3,4,4,4,3,4,5,4,4,4,3,4,5
236,1,27,5,6,2,5,3,4,5,5,2,6,5,6,6,7,5,7,5,7,5,8,6,3,6,5,4,6,6,5,7,6,4,6,6,6,5,7,6,4,6,7,5,6,6
241,1,27,6,1,3,6,4,6,5,5,5,5,4,5,5,4,8,7,9,7,5,8,6,7,7,6,4,4,4,5,4,4,5,5,5,4,5,5,5,5,4,5,5,5,5
257,1,31,4,5,6,5,4,3,3,5,4,5,4,3,2,4,5,4,3,1,2,2,4,3,6,5,4,3,5,6,5,4,5,4,3,5,6,5,4,3,6,5,5,6,4
263,1,56,5,6,2,4,4,6,3,6,1,6,5,3,5,6,4,6,6,7,6,8,7,3,6,6,3,5,3,5,4,6,5,3,5,5,4,5,6,3,5,3,5,3,5
272,1,29,3,3,2,6,5,5,5,2,4,3,3,5,5,6,2,2,3,3,4,5,4,6,5,5,6,6,6,5,5,4,5,6,5,5,6,6,5,6,6,7,6,5,5
275,1,29,6,1,3,3,5,6,4,3,6,7,6,5,3,5,6,9,7,6,8,4,7,9,5,6,7,4,3,4,5,5,4,3,5,6,5,2,5,7,5,5,3,5,6
279,1,44,1,3,2,1,1,1,2,1,1,1,4,1,4,1,1,2,1,1,1,8,2,3,1,5,5,6,6,6,4,7,5,4,4,4,4,7,5,7,5,5,5,4,7
288,1,28,1,7,3,3,1,7,1,2,1,2,3,1,3,1,2,4,4,8,2,8,2,3,2,5,6,3,6,3,7,1,7,6,3,1,7,3,2,2,1,1,1,1,1
310,0,26,7,6,4,2,5,7,2,4,5,7,2,4,3,6,5,3,4,8,1,3,5,7,3,5,7,3,5,2,4,4,7,6,3,4,6,7,3,4,7,3,4,3,6
311,0,29,5,3,4,4,4,5,4,6,5,4,4,3,4,4,4,7,6,7,7,6,7,8,6,6,7,5,6,5,5,4,6,6,5,6,5,4,4,6,5,3,5,6,4
313,0,33,1,6,5,4,4,5,4,4,2,4,5,5,5,6,6,5,4,6,5,5,5,5,7,4,3,2,4,5,5,4,3,4,5,4,3,4,3,4,4,4,4,4,4
319,0,35,2,1,7,1,2,6,2,7,7,4,1,6,2,1,7,1,2,3,5,4,3,6,1,2,5,2,5,3,6,3,6,2,7,3,6,7,3,4,3,6,2,3,2
325,0,25,6,3,4,6,7,5,4,7,5,4,6,7,4,6,7,5,8,6,8,7,8,5,8,5,7,5,4,6,7,5,4,6,5,6,5,4,6,7,6,4,6,5,7
327,0,28,5,3,5,4,5,3,4,5,6,3,3,3,4,4,7,6,7,6,8,5,6,6,5,5,6,6,6,7,5,4,4,6,5,1,7,6,5,6,5,6,5,6,6
344,0,30,5,4,5,3,5,5,3,3,4,5,4,3,3,5,6,5,4,4,5,6,7,5,4,6,5,4,3,4,5,5,4,3,4,5,4,3,4,5,4,3,4,5,4
356,0,37,5,4,3,6,5,4,6,5,4,5,6,5,6,4,2,2,3,1,4,3,7,4,5,6,7,6,5,6,7,6,5,6,7,6,7,6,5,6,7,6,5,5,6
367,0,28,3,3,3,6,5,5,5,6,6,5,4,4,3,4,7,7,8,3,3,4,5,6,7,3,5,3,2,2,2,1,2,2,1,2,3,3,1,2,1,2,1,1,1
376,0,28,5,6,4,5,5,5,3,4,5,5,3,5,3,6,6,4,4,6,4,5,6,4,6,6,4,5,5,4,5,3,5,6,4,6,4,4,5,3,5,3,3,5,4
379,0,27,1,7,1,1,4,7,4,2,4,4,4,4,2,2,2,1,3,9,9,1,4,3,5,5,6,6,7,7,1,7,1,4,7,7,1,7,7,7,6,6,6,4,4
384,0,29,6,4,4,5,4,7,6,4,6,5,3,5,5,3,4,2,3,8,6,6,6,8, ,6,5,4,7,6,6,4,6,5,7,6,4,5,2,6,5,5,7,6,6
28,0,33,6,2,1,7,5,6,5,6,5,7,6,4,6,7,3,2,2,9,7,8,6,8,7,5,6,7,6,6,1,6,7,6,6,6,5,6,6,7,6,6,5,7,6
30,0,35,1,4,4,4,1,6,1,1,1,4,4,1,1,4,1,4,1,9,9,1,9,7,9,4,6,5,4,5,6,6,4,4,6,4,2,5,6,6,6,6,6,6,4
33,0,27,5,2,5,5,5,4,5,5,5,3,6,5,5,4,3,3,2,1,2,4,1,2,1,5,5,5,6,5,4,6,5,5,6,5,5,6,4,6,6,5,5,4,6
35,0,42,4,3,7,1,4,4,4,5,1,1,7,1,7,1,1,1,1,1,1,7,4,2,2,5,5,2,5,7,5,5,6,5,5,5,5,6,5,5,5,4,4,5,4
110,0,29,6,4,2,4,3,6,7,6,4,7,6,4,7,5,1,1,1,5,3,2,4,2,4,6,5,7,4,6,1,4,6,4,7,6,4,7,6,4,3,6,5,4,6
115,0,36,7,6,1,6,7,6,6,5,7,4,7,5,7,4,1,5,5,4,5,2,2,2,4,5,6,3,6,4,6,4,7,6,5,6,5,5,6,4,5,4,6,4,5
122,1,26,5,5,3,3,4,6,5,6,7,3,7,4,6,7,3,3,2,8,6,7,5,7,6,6,5,6,6,5,3,6,6,7,7,7,5,7,5,4,6,6,7,5,4
129,1,41,4,1,2,4,3,6,2,3,6,4,6,2,6,5,2,1,2,1,1,7,1,2,1,4,6,7,6,7,7,7,7,4,5,7,6,7,7,7,5,5,5,5,7
140,1,44,1,7,3,1,1,6,1,1,1,1,7,1,6,1,1,1,1,1,1,1,1,1,1,5,6,6,6,2,7,7,7,1,6,1,7,5,5,5,7,7,7,5,1
145,1,29,6,4,5,3,5,3,4,5,1,5,2,3,3,4,2,1,1,3,2,2,5,4,3,6,6,6,6,7,7,6,3,5,4,7,5,6,5,4,6,5,5,3,6
183,1,58,1,7,1,5,1,6,1,1,1,5,7,1,7,7,2,9,9,1,1,9,2,2,2,7,7,7,7,7,3,2,4,4,7,1,7,1,1,7,7,7,7,7,7
197,1,41,2,2,2,2,2,6,2,2,4,3,6,3,6,3,3,1,6,5,5,5,3,3,3,6,6,7,6,6,3,6,6,4,6,5,5,7,7,7,7,7,7,7,4
249,1,66,1,7,1,7,1,4,1,1,1,7,4,4,7,1,2,2,1,7,7,1,2,2,2,6,6,7,7,7,7,7,6,7,7,7,5,7,7,7,7,7,7,7,7
306,0,38,6,2,3,6,6,5,5,6,4,5,4,5,5,6,1,1,1,1,1,2,2,2,2,4,5,5,6,4,5,4,5,4,6,6,5,5,5,5,4,6,6,5,4
315,0,29,1,4,2,3,5,3,5,3,7,5,3,5,4,6,3,7,5,6,8,4,4,8,6,2,6,3,6,5,7,5,7,3,5,3,6,4,5,7,6,3,4,6,5
317,0,29,5,3,2,5,4,5,3,4,5,5,6,3,5,5,7,6,4,6,7,6,6,7,3,5,6,7,5,5,3,7,5,6,6,5,6,4,5,4,5,6,5,4,5
330,0,25,4,3,2,5,6,5,5,4,5,5,4,5,4,5,5,6,6,6,7,6,6,7,6,5,6,5,6,5,6,5,4,5,6,4,5,6,5,6,5,6,5,6,5
332,0,34,3,3,3,5,3,6,3,3,3,4,5,3,4,3,2,1,2,7,8,2,9,7,9,6,6,6,7,7,5,6,6,6,6,4,5,6,6,6,7,6,6,5,2
333,0,29,5,4,5,4,5,4,3,4,5,4,3,4,5,4,3,2,4,5,4,5,4,5,4,6,5,3,4,5,6,5,3,4,5,5,4,3,5,5,4,3,4,5,4
348,0,47,5,4,3,4,3,4,3,2,2,2,5,2,6,2,1,1,1,1,1,9,1,1,1,5,6,6,6,7,4,7,7,7,7,7,6,6,6,7,6,6,6,6,6
351,0,30,5,2,4,4,4,5,5,3,5,6,6,5,5,5,4,4,2,2,4,4,4,6,8,6,6,7,7,6,5,5,5,7,6,6,7,7,7,6,6,7,7,7,6
352,0,33,6,4,1,7,5,4,6,7,4,7,4,6,7,5,3,7,5,9,7,6,4,5,8,6,4,7,6,7,6,7,5,6,5,7,5,7,5,7,5,6,7,4,6
370,0,56,5,3,3,2,5,5,2,2,3,2,6,2,6,2,1,1,1,1,1,1,7,7,7,6,6,6,6,6,6,6,5,6,5,6,5,5,5,5,4,4,4,3,3
372,0,28,5,5,3,3,5,3,4,2,3,4,3,4,3,4,2,4,2,4,3,5,3,4,3,5,3,5,4,7,4,5,4,4,4,1,2,3,2,3,4,3,4,3,3
377,0,28,1,7,4,5,1,4,1,1,1,5,7,1,4,5,1,1,1,9,2,6,1,1,1,5,6,4,7,6,2,6,5,6,6,1,5,6,4,4,7,6,6,7,7
21,0,30,4,4,4,4,4,6,4,4,4,4,5,4,6,5,2,7,7,5,5,5,5,6,4,5,5,5,6,6,6,6,4,6,6,6,6,6,6,6,6,6,6,5,4
22,0,30,7,4,5,5,2,7,2,2,2,6,5,3,6,6,2,2,2,1,2,8,1,1,1,6,6,6,7,7,5,6,7,6,7,2,5,7,7,7,7,7,7,6,6
23,0,30,1,1,3,2,1,5,1,1,1,2,6,1,5,6,1,2,1,8,1,6,7,5,4,5,7,5,2,5,6,2,2,4,5,6,7,6,3,1,5,7,5,1,1
24,0,30,1,7,7,1,1,1,1,6,6,6,6,6,7,5,1,1,2,3,8,7,2,3,2,4,5,4,4,4,4,5,4,4,4,7,7,5,4,4,4,5,5,4,5
25,0,25,6,3,5,6,6,7,6,7,6,5,6,5,6,6,3,2,1,2,3,8,2,2,3,5,6,2,7,6,2,6,5,5,7,5,6,5,5,5,6,6,6,5,6
26,0,29,6,2,4,6,6,6,2,7,4,7,7,1,7,6,3,2,2,1,5,7,4,3,2,7,7,1,7,7,5,6,6,7,7,6,6,7,7,7,7,7,7,7,7
27,0,24,5,2,1,6,2,7,2,6,5,6,7,5,6,5,4,3,5,8,8,2,7,6,6,5,7,6,7,5,3,7,5,4,7,2,3,5,6,6,7,6,7,7,2
29,0,35,1,1,1,1,1,7,1,7,1,1,7,1,7,1,2,1,1,9,9,1,2,2,1,7,7,7,7,7,7,7,7,4,7,7,1,7,7,7,5,5,5,3,1
31,0,22,3,2,3,3,3,6,3,2,5,4,2,6, ,5,4,6,5,4,6,8,4,9,5,5,3,4,6,5,2,3,6,5,4,3,4,4,2,4,5,6,5,4,3
32,0,34,7,4,4,7,2,4,6,7,7,7,4,3,4,4,5,9,9,9,9,1,8,8,8,4,5,2,7,7,6,2,2,4,4,1,1,1,1,1,1,1,1,1,1
34,0,32,1,6,2,2,2,6,2,2,2,3,5,2,7,2,2,2,1,1,1,9,2,2,1,5,5,5,3,3,5,6,5,7,7,6,7,7,7,7,7,6,6,5,7
36,0,49,6,3,4,5,5,5,5,6,5,5,5,4,6,6,2,8,6,5,4,3,7,7,7,6,6,7,6,7,5,6,5,4,5,6,3,6,5,6,7,5,5,3,2
37,0,34,7,1,2,7,4,7,4,7,6,7,7,4,5,6,2,8,5,9,9,1,8,6,7,6,6,5,6,7,3,7,7,4,7,3,1,7,7,6,7,6,6,3,5
39,0,26,4,4,3,5,4,6,5,6,4,6,6,5,6,6,2,3,2,6,8,4,7,6,5,5,6,5,5,6,6,5,6,4,5,5,6,5,4,5,6,6,6,5,2
41,0,33,2,6,2,5,6,7,2,2,7,6,6,2,1,6,2,2,1,5,3,1,7,6,1,6,6,6,2,6,6,1,1,1,7,2,7,1,6,6,6,6,6,6,6
42,0,32,6,2,1,7,4,7,5,5,6,7,6,4,6,4,8,7,8,9,9,1,8,8,8,7,7,7,7,7,3,7,7,7,7,3,1,7,7,7,7,7,7,4,1
43,0,29,7,1,4,1,1,4,1,1,1,5,7,1,7,7,2,2,1,1,1,5,5,7,7,6,7,6,7,6,1,7,7,7,7,1,7,5,5,6,7,7,7,6,6
45,0,70,3,3,3,3,2,6,4,5,5,2,6,3,5,2,1,6,5,4,6,1,2,2,3,3,5,5,7,3,3,1,1,3,2,2,3,1,2,5,4,3,4,2,2
46,0,45,1,7,7,1,1,1,1,1,1,1,6,1,6,2,2,1,1,1,1,9,1,1,1,6,6,7,6,6,6,4,6,7,7,1,7,4,6,4,4,4,5,4,4
47,0,32,1,7,3,7,5,5,2,6,5,5,4,2,5,6,2,1,1,2,6,5,9,9,9,5,6,6,6,5,5,7,6,7,7,7,7,6,5,4,6,4,5,4,5
48,0,65,5,1,1,4,1,5,2,6,4,3,4,4,4,5,4,9,9,9,9,1,3,2,8,7,7,6,7,7,6,6,6,1,6,6,1,1,1,1,2,2,2,1,1
52,0,32,5,2,2,5,3,6,4,2,4,6,6,4,6,4,2,3,1,6,3,7,6,5,5,6,6,4,6,6,5,6,6,4,7,6,5,6,6,6,5,5,5,4,1
53,0,40,3,1,3,1,1,7,1,2,2,1,5,1,5,3,2,3,7,9,9,1,7,5,5,6,6,7,5,7,4,7,7,4,7,7,2,7,7,7,6,3,5,4,4
54,0,51,5,1,1,7,1,5,1,7,1,7,7,1,7,7,2,2,5,9,9,1,8,6,6,6,7,7,7,7,5,5,5,6,7,7,1,7,6,6,1,5,5,2,1
55,0,40,4,4,1,7,1,6,1,2,2,7,7,1,7,4,1,1,1,9,1,9,7,6,3,5,6,4,7,6,6,7,7,4,7,5,7,7,7,7,6,5,6,2,4
56,0,34,2,2,2,2,3,5,4,4,1,2,6,1,4,6,2,6,6,3,2,4, , , ,5,5,4,3,5,5,5,1,4,6,4,4,7,6,5,6,5,5,5,7
57,0,22,2,1,3,5,5,6,2,2,6,5,5,2,6,3,1,3,3,9,2,4,7,6,4,5,6,6,6,5,3,5,3,4,4,7,6,3,5,3,3,3,3,2,1
58,0,45,2,3,3,6,1,6,1,5,1,7,7,1,7,5,2,6,6,7,3,7,6,5,7,6,5,3,5,6,5,2,1,3,5,7,6,4,3,3,5,5,5,2,1
59,0,54,5,5,2,1,5,6,5,6,5,1,5,4,5,3,3,8,9,8,8,1,6,2,3,5,6,3,6,7,3,3,5,2,4,5,2,7,7,7,3,2,2,1,1
60,0,66,2,5,4,4,3,6,4,5,3,4,6,2,5,4,2,7,8,7,9,2,9,7,9,5,3,1,5,5,7,7,7,7,6,3,2,3,3,2,3,5,3,2,2
61,0,76,5,3,4,1,6,4,5,5,5,1,4,5,4,1,1,8,8,8,8,2,6,5,6,4,5,5,5,3,3,2,2,5,4,3,2,4,3,3,4,3,3,3,4
62,0,59,2,3,3,1,1,5,2,4,5,2,5,5,5,2,2,5,5,7,6,2,4,3,4,6,5,6,5,5,3,6,5,6,5,7,6,5,5,5,5,5,5,4,4
63,0,35,1,2,1,5,1,5,1,6,2,5,5,2,5,2,2,3,5,8,8,2,4,2,2,5,5,5,7,4,4,7,4,7,7,6,3,6,5,5,5,5,5,3,1
64,0,46,4,4,4,4,4,4,4,4,4,4,4,4,4,4,2,5,3,5,5,5,5,5,5,4,4,4,4,4,4,4,4,4,4,4,4,4,4,4,4,4,4,4,4
65,0,48,1,7,6,7,1,7,1,5,3,7,4,1,4,5,2,1,1,8,1,9,7,2,4,5,7,5,7,7,6,6,2,4,6,7,7,1,1,1,1,1,1,1,1
66,0,36,1,2,3,5,1,4,1,2,1,5,4,1,3,3,1,2,2,6,4,5,7,6,3,3,5,3,4,6,6,6,5,4,4,7,5,7,7,6,6,6,6,3,4
68,0,28,7,4,3,5,2,4,2,6,2,6,7,2,7,7,2,2,2,8,6,2,9,9,9,4,6,3,6,6,5,1,1,7,5,7,6,2,1,1,6,6,4,3,5
69,0,53,1,4,3,2,1,1,1,1,1,1,4,1,4,1,2,2,2,1,1,9,6,6,6,5,5,5,6,6,5,7,2,7,7,7,7,7,5,5,4,4,4,4,7
73,0,35,2,2,2,7,1,6,7,5,2,7,5,1,6,7,2,2,3,1,2,5,5,3,2,5,4,5,5,5,5,6,6,6,6,7,2,4,4,4,5,4,4,4,6
74,0,69,1,3,3,1,1,5,1,5,1,1,7,2,7,5,2,3,2,3,3,7,1,1,2,6,6,7,7,7,5,5,3,6,7,7,6,3,3,5,6,6,6,2,1
75,0,30,1,7,7,1,1,5,1,1,1,1,6,1,7,1,2,4,7,6,1,6,5,3,6,7,7,6,7,6,3,5,3,7,7,7,6,6,4,4,2,3,2,1,1
76,0,30,2,6,2,6,2,6,2,6,5,6,7,4,6,6,2,5,6,9,9,1,8,7,6,6,6,7,7,7,2,7,7,4,7,5,1,7,7,7,7,7,7,6,5
77,0,25,6,4,5,6,5,6,5,4,6,3,4,5,5,2,2,2,2,7,6,5,7,6,7,5,4,3,5,6,5,4,3,5,6,5,3,3,5,6,6,4,5,3,5
78,0,34,3,5,3,6,2,3,3,3,2,5,4,2,4,2,1,1,1,8,8,2,4,4,2,5,5,3,5,6,5,6,4,4,4,4,2,3,2,2,3,2,2,1,1
79,0,27,6,4,1,7,1,7,1,6,7,7,7,4,7,7,3,1,6,7,8,1,4,4,3,7,7,6,7,5,4,7,1,4,7,1,4,7,7,7,7,7,7,4,1
80,0,63,2,6,2,4,2,6,2,5,6,6,7,2,7,7,2,4,6,1,1,5,4,5,3,6,2,7,7,6,3,6,4,5,7,7,5,7,4,4,6,6,6,6,6
81,0,33,4,3,5,3,2,2,4,4,2,1,4,5,5,3,2,1,1,8,6,3,4,5,7,4,3,2,4,6,5,4,3,2,4,4,3,5,4,3,1,3,4,5,3
82,0,38,3,4,3,4,2,6,4,4,5,4,4,5,4,3,2,2,2,4,5,5,1,6,2,5,6,4,7,7,7,7,7,7,7,7,7,6,6,7,7,7,7,6,7
83,0,38,3,5,3,5,3,5,3,5,5,5,5,5,5,5,2,3,3,6,6,4,2,2,2,5,5,5,3,5,5,6,6,6,6,5,5,5,5,5,6,6,6,5,5
84,0,36,1,1,1,1,1,7,1,1,1,1,7,1,7,1,2,1,1,7,7,1,5,1,5,7,7,7,7,7,4,7,1,7,7,7,4,1,1,1,6,6,6,6,1
85,0,25,5,2,2,5,5,6,6,6,5,5,5,6,6,5,2,2,2,1,2,5,6,8,8,7,5,6,6,7,6,1,2,1,6,6,6,5,6,6,6,5,6,5,7
86,0,51,2,3,3,5,2,7,2,3,3,5,6,3,6,5,2,6,6,7,5,5,6,6,6,5,5,5,7,5,4,6,5,7,6,7,5,1,1,1,7,7,7,4,5
87,0,45,1,1,1,3,1,5,1,4,1,2,7,1,6,1,2,6,8,8,7,2,6,2,2,6,6,7,7,7,5,4,4,4,7,7,5,4,4,4,6,6,7,6,4
88,0,27,4,2,5,5,5,3,3,6,3,6,3,5,3,6,3,7,5,4,7,4,5,8,5,3,7,3,6,3,6,5,2,6,4,3,6,4,1,6,3,3,6,2,5
89,0,36,1,1,1,5,1,6,1,1,4,5,7,1,7,5,4,7,9,9,9,1,3,3,1,6,7,7,7,7,1,7,7,1,7,6,1,7,7,7,7,7,7,5,1
90,0,61,4,4,2,6,1,3,1,4,1,4,5,1,4,3,2,1,1,3,1,9,2,2,2,5,6,3,6,6,6,5,5,5,5,7,7,3,2,2,2,5,3,2,5
91,0,26,5,1,2,7,7,6,6,5,4,7,6,6,7,7,2,2,3,8,8,2,5,5,7,7,7,7,7,7,7,7,7,7,7,7,6,7,7,7,7,7,7,7,7
93,0,31,1,4,3,2,1,6,1,1,1,1,7,1,7,4,2,2,2,1,1,9,1,1,1,1,1,1,1,1,1,1,1,1,1,1,1,1,1,1,1,1,1,1,1
94,0,32,2,7,6,2,1,3,2,2,1,2,2,1,1,3,2,4,3,5,7,5,3,2,2,5,4,4,6,6,4,6,5,4,5,5,4,4,5,3,3,4,6,5,1
96,0,76,2,3,3,2,2,6,2,3,3,2,4,2,4,1,1,6,6,9,1,9,1,1,1,3,3,3,5,5,5,5,5,5,4,5,5,5,5,5,3,3,3,3,3
97,0,67,1,7,2,6,1,6,1,1,1,6,6,1,6,6,2,6,7,9,8,1,4,4,4,6,7,7,6,5,3,1,1,6,7,7,6,1,1,1,1,1,1,1,1
98,0,25,1,7,1,5,1,4,1,1,1,2,5,1,6,5,1,1,1,2,6,9,5,6,4,2,6,2,6,2,2,5,2,4,4,7,7,3,6,6,2,5,6,2,5
99,0,32,2,1,1,6,4,6,4,2,2,6,6,6,7,6,2,2,2,3,4,5,4,4,3,7,7,6,7,7,6,7,7,4,6,7,6,2,6,6,1,6,6,5,5
100,0,48,1,7,4,7,1,7,1,7,4,7,6,1,7,4,2,9,9,5,9,1,7,2,7,5,6,7,6,4,1,7,7,4,7,7,1,7,7,7,5,6,6,1,4
101,0,33,1,7,1,1,1,7,1,1,3,1,5,3,6,3,2,9,8,4,1,8,1,1,1,6,7,4,7,4,1,7,7,7,7,7,5,3,6,4, ,5,5,7,6
103,0,33,1,7,2,2,1,5,1,2,1,4,6,1,5,5,2,2,4,8,8,4,7,6,3,5,5,5,6,6,6,7,7,4,7,7,5,3,6,6,5,6,6,2,4
104,0,27,1,3,2,4,5,6,1,2,4,4,6,1,6,2,2,2,1,3,1,8,2,2,1,6,6,5,6,7,7,4,4,4,6,7,7,5,4,4,5,3,3,1,1
107,0,36,1,7,7,1,1,1,1,1,1,1,1,1,1,1,2,1,2,7,2,7,2,3,2,4,3,3,5,4,4,4,4,4,6,7,6,6,7,6,6,5,6,1,1
108,0,28,6,6,2,6,2,5,2,2,2,2,2,2,3,5,1,1,1,1,1,2,3,2,2,6,6,6,6,6,3,6,5,5,5,4,6,5,5,5,5,5,5,5,6
109,0,25,1,7,1,2,1,5,1,1,1,2,7,1,7,3,2,1,1,3,1,9,1,1,1,5,6,6,5,5,5,6,6,6,6,7,7,7,7,7,5,5,4,4,1
111,0,25,6,4,4,5,4,5,5,6,4,5,5,5,6,5,3,2,2,5,8,3,6,6,6,5,6,5,4,5,5,5,5,6,6,4,5,5,5,5,4,5,5,6,6
112,0,49,2,2,1,7,1,7,1,6,1,7,4,1,4,2,2,1,1,4,3,5,7,7,7,7,7,6,7,5,3,3,5,7,4,7,2,6,3,3,6,5,5,1,1
113,0,28,5,2,3,2,5,6,6,7,6,6,4,5,2,3,2,2,3,3,5,9,2,3,2,6,7,5,3,7,2,5,5,6,6,6,5,6,7,6,6,4,5,6,5
114,0,36,5,3,3,3,3,6,6,6,5,5,5,5,5,6,2,6,6,9,9,1,8,7,7,5,6,6,5,4,3,3,2,2,5,2,1,2,4,3,4,3,4,1,1
116,0,30,6,1,3,4,6,7,6,5,6,5,5,3,4,6,3,3,3,8,8,9,6,5,6,6,7,7,7,6,5,6,6,5,7,5,6,7,6,6,5,7,7,5,5
117,0,28,5,4,1,6,5,6,7,7,7,5,7,6,6,4,2,3,3,2,4,2,7,5,7,4,6,5,7,7,5,6,6,3,6,7,7,3,5,5,7,3,6,5,7
118,0,30,5,2,3,6,5,6,5,5,6,5,6,5,6,5,2,3,2,7,6,7,6,7,7,6,7,6,7,7,6,7,6,7,6,6,7,6,7,6,7,6,7,6,7
119,0,38,4,3,4,2,4,6,3,4,2,2,4,2,5,3,3,5,6,9,5,2,4,4,4,5,6,6,7,6,2,7,2,4,7,7,3,7,6,6,7,6,6,4,4
120,0,57,6,2,3,7,2,3,5,6,2,7,5,1,7,5,1,6,6,7,8,1,8,3,6,5,6,6,6,7,5,6,2,4,6,3,1,6,5,5,5,5,5,6,6
121,0,26,6,2,1,7,7,7,4,7,6,7,7,5,7,6,2,6,6,9,9,1,9,9,9,6,6,7,7,6,2,7,5,1,5,7,1,6,7,7,7,7,7,5,1
124,1,42,1,1,4,6,1,4,1,1,4,6,4,1,4,6,2,3,3,9,9,5,3,3,3,5,5,6,6,4,5,6,6,6,6,7,4,6,6,6,6,6,6,6,4
125,1,40,1,2,2,6,2,5,2,2,2,6,6,2,6,6,2,1,1,1,1,8,1,1,1,2,2,2,2,2,2,4,4,7,7,7,7,7,4,2,6,2,6,6,6
126,1,44,2,3,5,2,2,7,2,2,1,2,6,1,6,2,2,2,2,2,1,8,3,2,2,5,6,5,6,6,5,7,5,7,5,1,7,6,5,5,6,7,7,7,6
127,1,25,5,5,6,2,5,6,4,6,5,5,4,6,4,5,2,2,2,1,1,5,5,3,3,5,6,4,3,6,1,5,6,5,4,4,6,5,3,5,6,6,4,5,6
128,1,25,4,3,2,6,5,5,4,6,3,5,7,1,7,7,2,4,4,9,9,1,3,3,1,6,6,4,4,6,5,6,6,7,7,7,7,7,7,6, ,6,7,7,1
131,1,29,1,1,1,1,1,7,1,2,4,1,7,2,7,1,2,4,2,9,5,2,9,5,3,2,6,1,2,2,4,5,1,1,1,7,1,4,2,4,5,2,7,3,1
133,1,33,3,2,4,5,2,5,3,3,2,5,4,2,4,5,2,3,3,2,1,8,2,2,1,4,5,5,6,6,4,3,4,6,6,7,5,6,5,6,6,6,6,6,6
134,1,39,2,2,2,5,2,7,2,5,3,5,6,2,4,5,2,3,3,6,4,6,2,2,3,5,6,7,7,6,2,2,1,7,6,2,6,5,5,6,5,6,6,6,5
135,1,43,3,7,7,1,1,6,2,1,4,1,6,3,6,1,2,4,1,1,1,9,6,5,1,5,6,6,6,5,3,4,4,7,2,7,7,6,6,6,5,6,6,2,6
136,1,28,1,1,2,5,1,4,1,1,1,4,5,1,6,4,2,1,1,5,1,9,2,1,1,6,6,7,6,7,2,7,6,7,7,7,7,5,5,4,6,5,6,3,3
137,1,39,2,6,3,5,3,6,5,6,2,5,3,5,3,5,2,2,5,2,5,3,6,4,6,5,5,7,6,6,4,7,3,7,4,6,6,6,6,6,6,6,6,5,6
138,1,27,2,3,1,5,1,7,1,1,1,7,7,1,7,5,2,4,2,7,2,6,1,1,1,6,6,6,7,6,7,7,5,7,7,1,5,7,7,7,5,4,4,3,1
139,1,50,1,3,1,1,1,3,1,1,1,1,7,1,7,7,2,1,1,1,1,9,1,1,1,7,7,3,7,7,7,1,1,1,1,7,7,3,1,6,4,2,6,1,2
141,1,27,2,6,5,3,4,4,4,4,3,4,3,4,3,4,2,2,2,9,1,1,3,4,3,7,6,6,1,7,1,6,6,6,7,7,6,7,6,6,6,6,6,5,7
142,1,52,7,2,3,7,6,7,4,7,6,7,6,3,7,7,2,9,9,9,7,1,6,4,4,2,5,6,5,3,3,5,6,7,5,7,5,2,2,2,3,5,5,2,2
143,1,27,4,3,3,5,5,5,5,4,4,4,4,4,4,4,2,2,2,1,1,1,2,2,2,5,5,5,5,5,2,7,7,4,7,7,7,5,5,5,5,5,5,5,5
144,1,32,1,1,1,7,1,7,1,1,7,7,7,7,7,7,2,3,4,3,1,9,1,1,1,5,7,7,7,7,1,1,7,4,7,7,7,7,7,7,7,7,7,5,6
146,1,57,1,7,4,7,1,5,1,1,1,7,7,1,7,6,2,1,1,5,1,6,1,1,1,5,5,7,7,7,7,7,3,7,7,7,5,7,7,7,5,5,5,6,5
147,1,42,3,1,3,5,1,7,1,2,2,4,6,2,6,2,5,2,4,9,9,1,4,5,2,5,6,6,5,5,4,4,5,6,6,5,3,6,6,6,7,6,6,5,4
148,1,63,1,4,2,1,1,5,1,1,1,1,4,1,5,5,2,1,1,2,1,9,2,1,1,5,6,5,6,7,5,7,7,7,7,7,7,7,7,7,7,6,6,6,6
149,1,38,2,2,4,5,1,5,1,1,1,7,4,1,3,6,2,8,7,6,2,7,5,1,2,3,6,2,2,5,6,2,5,7,7,7,6,5,2,7,3,3,2,1,1
150,1,33,5,3,1,2,2,3,2,1,5,2,6,2,6,1,2,1,2,6,1,6,2,1,1,5,6,1,5,4,3,1,6,4,5,7,6,7,6,7,2,2,3,2,2
151,1,33,1,4,1,7,4,7,1,1,1,7,7,1,7,7,2,6,7,7,7,2,5,1,3,4,7,7,7,7,7,7,4,6,7,7,3,7,7,7,4,4,4,1,5
152,1,36,2,6,3,5,5,6,6,2,2,6,6,6,6,6,2,2,1,1,1,8,1,1,1,6,6,6,6,6,6,6,6,6,7,7,7,7,7,7,7,7,7,7,7
153,1,36,1,4,4,5,1,5,1,1,1,5,4,1,4,4,2,1,1,1,1,9,2,2,2,3,5,5,5,5,6,5,6,7,7,7,7,6,5,5,5,5,4,4,6
154,1,29,7,2,2,1,6,6,6,7,7,6,7,7,7,7,2,2,2,9,8,9,9,2,9,7,6,6,2,2,7,7,7,2,7,7,7,7,6,6,7,7,6,6,7
155,1,33,6,6,3,4,5,7,5,3,5,5,7,3,7,3,2,4,2,6,1,8,1,1,1,6,7,2,5,5,4,2,6,4,6,7,7,6,3,6,2,5,2,1,3
156,1,44,6,1,2,6,2,5,2,5,6,6,7,4,7,6,2,3,3,1,1,8,2,2,2,1,7,6,7,5,3,1,1,7,7,7,7,2,1,1,7,7,7,5,5
157,1,42,6,3,1,1,2,6,3,1,2,1,6,2,4,2,1,3,2,5,1,9,2,1,2,1,6,4,3,5,7,1,7,4,5,7,7,5,3,3,6,3,7,3,1
158,1,59,1,4,3,6,1,6,1,4,1,7,7,1,7,6,2,4,7,6,1,7,1,1,1,6,6,6,7,7, ,6,4,7,7,7,5,7,7,7,7,7,7,5,1
159,1,35,2,2,2,4,2,6,2,2,2,4,4,2,4,4,2,4,3,9,8,1,7,7,7,6,6,5,7,4,7,2,4,2,2,3,2,4,3,6,2,2,6,2,2
160,1,65,1,7,6,1,1,1,1,1,1,1,7,1,7,1,2,2,2,7,1,9,1,1,1,6,7,7,7,7,7,7,7,7,5,7,7,7,7,7,7,7,7,4,6
162,1,40,5,1,5,5,1,7,1,7,2,5,7,2,7,2,2,4,2,7,5,2,6,4,2,5,5,2,3,2,6,1,2,7,4,7,2,2,1,1,1,1,5,1,1
163,1,31,3,3,3,5,1,3,1,1,1,5,5,1,4,5,2,1,1,7,1,9,4,3,2,6,7,3,5,7,7,7,7,7,6,7,7,7,7,7,3,3,3,1,1
164,1,55,1,7,7,4,1,1,1,3,1,6,4,1,1,1,1,1,1,8,1,5,5,1,1,7,4,2,6,7,6,6,5,7,4,7,2,5,5,5,5,5,5,5,5
165,1,56,1,2,1,7,3,7,1,1,1,6,6,1,7,6,2,4,3,3,2,9,2,3,1,5,6,5,6,4,5,3,1,3,6,7,7,1,1,1,3,1,1,2,5
166,1,62,6,2,2,4,4,5,4,2,6,4,6,4,6,6,1,7,7,8,5,6,4,3,2,6,6,6,6,6,7,2,6,7,3,7,6,6,6,6,7,7,7,3,2
167,1,29,1,7,3,2,7,1,7,2,1,1,7,1,7,1,2,1,1,1,1,9,2,2,2,6,6,7,6,7,6,7,7,7,7,7,7,7,7,7,7,7,7,7,7
168,1,32,2,6,3,5,6,5,5,1,1,5,5,5,6,6,2,2,1,1,1,8,1,1,1,7,7,7,7,7,7,7,7,7,7,1,7,7,7,7,7,7,7,7,7
169,1,26,7,1,1,7,7,7,7,7,7,7,7,7,7,7,2,2,1,1,9,9,9,6,6,7,7,7,7,7,7,7,7,7,7,7,7,7,7,7,7,7,7,7,7
170,1,53,1,3,3,1,1,5,1,3,4,1,6,1,6,3,2,1,1,4,1,6,2,2,1,6,6,3,5,7,5,7,7,7,7,7,6,6,6,6,5,5,5,4,3
171,1,39,2,6,2,6,2,6,2,5,2,7,6,2,6,7,2,5,8,1,1,9,5,5,5,3,5,5,6,5,2,2,2,5,5,1,7,5,5,5,5,6,5,3,3
172,1,27,2,7,3,6,2,6,2,3,2,6,6,2,7,6,2,1,1,7,5,4,3,3,2,5,5,6,5,7,5,7,7,4,7,2,7,5,5,6,3,3,5,2,4
173,1,59,2,3,2,7,3,6,3,3,3,7,5,5,5,5,2,2,1,2,2,5,3,3,1,5,3,5,5,5,5,7,7,7,6,7,6,7,7,7,6,6,6,5,5
174,1,21, , , , , , , , , , , , , , ,3,3,4,9,9,1,2,2,3,3,5,2,2,6,5,1,3,4,7,6,2,3,3,2,5,6,6,1,4
175,1,49,4,3,2,7,1,7,1,3,2,4,7,2,7,6,2,5,4,5,3,7,2,5,3,6,6,6,7,7,6,6,6,4,6,7,7,5,3,3,7,7,7,7,1
176,1,27,4,2,2,2,3,3,3,3,2,2,5,2,5,3,2,4,6,2,2,5,6,1,1,4,6,5,6,5,4,7,6,6,3,6,5,6,5,5,3,3,3,2,2
177,1,66,1,7,7,4,1,5,1,2,1,6,6,1,6,6,2,2,1,9,2,9,1,2,1,6,6,7,7,7,6,7,6,7,7,7,7,4,6,7,7,6,6,6,1
178,1,41,2,4,3,5,1,6,1,1,2,4,6,2,6,5,2,1,1,8,3,8,1,1,1,2,3,1,7,5,7,6,7,7,6,7,7,6,5,6,5,5,5,3,5
179,1,33,2,7,2,7,1,6,1,6,1,7,6,1,7,3,2,3,7,7,3,6,5,2,2,3,3,2,3,7,5,2,2,7,7,7,5,7,7,7,6,6,6,3,1
180,1,55,2,6,6,2,2,7,2,2,2,2,5,1,6,2,2,4,4,5,1,9,1,1,1,1,1,1,6,7,7,7,7,7,7,7,7,7,7,7,7,7,7,2,6
184,1,30,1,3,2,5,1,4,1,2,2,6,2,2,4,2,2,6,6,6,4,5,5,5,1,5,6,2,6,6,6,7,2,7,6,7,7,7,6,6,5,4,4,2,6
185,1,31,1,7,6,4,2,3,1,1,1,4,6,1,5,4,2,2,1,2,1,7,5,2,2,5,6,5,4,6,6,5,6,5,4,4,7,6,5,5,6,5,5,5,5
186,1,60,6,4,4,2,2,5,1,4,4,1,6,1,6,2,1,5,3,9,6,4,2,2,2,5,6,6,6,7,7,4,4,3,4,7,5,3,3,5,5,5, ,1,4
187,1,32,4,5,5,4,4,3,2,3,4,4,4,3,3,3,2,2,2,6,6,6,7,6,1,4,5,6,5,5,5,5,4,4,4,3,5,4,6,4,5,5,4,4,4
188,1,70,1,7,3,1,2,3,1,1,1,1,7,1,7,6,2,1,2,1,1,2,1,1,1,5,6,5,5,4,6,7,6,6,7,1,7,7,6,7,7,6,7,6,7
189,1,29,2,6,2,1,1,5,1,1,1,1,5,1,5,2,2,2,1,9,2,8,2,2,2,5,5,5,6,6,5,6,3,6,6,7,5,7,7,7,3,3,5,2,1
190,1,46,4,2,3,2,2,6,2,2,2,2,6,2,3,2,2,2,1,9,2,3,2,2,1,4,5,6,6,5,6,7,7,7,7,7,6,6,5,5,5,5,5,6,6
191,1,37,1,7,2,6,1,6,1,1,1,6,7,1,7,1,2,2,2,3,1,9,1,1,1,5,6,6,7,6,5,7,1,4,7,7,7,7,5,7,4,4,6,4,7
192,1,41,3,4,3,4,4,5,3,2,2,4,5,2,6,4,2,2,2,2,2,8,1,1,2,5,5,5,5,6,5,7,7,7,7,7,7,6,6,6,5,5,5,5,5
193,1,46,5,4,3,6,1,6,1,2,6,6,7,3,7,4,2,3,1,4,1,9,1,1,1,6,6,7,6,3,2,7,2,7,7,1,7,7,7,7,5,4,4,5,6
194,1,56,3,2,2,2,2,6,2,2,5,2,5,4,6,5,1,3,5,7,3,3,6,6,6,5,5,5,5,5,5,3,6,7,4,7,4,4,4,4,5,5,5,5,3
195,1,25,1,7,1,7,1,7,1,6,1,7,7,1,7,5,2,2,2,7,1,2,2,2,2,2,3,1,2,3,3,7,4,4,4,7,3,2,5,5,5,5,5,2,4
196,1,49,3,2,3,2,3,5,3,2,3,3,5,4,7,5,3,2,5,4,5,6,3,4,2,6,7,7,7,7,6,1,6,6,4,7,7,3,5,6,5,5,5,5,5
198,1,34,4,1,2,7,4,7,6,6,5,6,7,6,5,6,4,8,8,8,8,2,6,3,5,6,7,4,7,7,7,7,5,4,6,7,3,6,6,6,7,7,7,7,4
199,1,60,5,6,5,6,1,6,1,5,1,6,7,1,7,1,2,2,6,8,3,6,1,2,1,2,5,1,2,4,6,7,1,5,5,1,4,4,5,6,3,5,7,1,1
201,1,35,2,1,4,4,5,4,5,3,2,4,6,2,5,2,2,6,8,8,8,2,6,6,4,6,6,4,6,6,4,7,5,7,6,7,3,5,5,5,5,5,5,3,1
202,1,50,1,1,1,4,1,5,1,1,1,5,5,1,5,5,2,2,3,4,1,9,1,1,1,6,7,7,6,7,6,7,6,7,7,7,7,7,7,7,7,7,7,3,5
203,1,48,1,2,1,1,1,7,1,1,1,1,7,1,7,3,2,2,2,1,9,9,2,2,1,2,6,7,6,6,6,6,5,7,7,7,7,5,6,7,7,7,7,7,7
204,1,42,1,1,2,6,1,7,1,1,1,6,5,1,5,6,2,1,1,1,1,9,2,2,2,5,4,7,7,5,7,7,7,4,7,7,7,7,7,7,7,7,7,4,7
205,1,48,2,5,2,5,1,6,1,2,1,5,6,1,4,4,2,6,6,6,3,6,2,2,2,5,5,5,5,5,6,4,5,4,7,7,5,3,5,6,3,5,6,2,1
206,1,48,1,1,1,6,1,5,1,3,4,6,5,2,3,2,2,1,2,5,3,9,1,1,1,3,6,6,7,7,7,7,1,7,6,7,6,7,7,7,5,5,5,3,5
207,1,41,2,1,6,1,5,7,2,5,7,2,5,2,3,1,2,9,9,9,9,1,1,2,1,6,6,2,7,7,3,5,7,4,4,3,1,1,5,5,2,5,5,1,1
208,1,60,1,2,2,4,1,6,1,2,4,4,5,1,6,6,2,6,8,8,8,1,3,2,1,6,6,6,6,7,6,2,6,6,7,6,2,5,5,6,5,5,5,4,2
209,1,31,1,7,3,6,4,6,5,1,1,7,6,1,6,7,2,3,4,8,1,3,1,1,1,7,6,6,6,4,5,1,1,6,7,7,7,1,1,5,2,2,2,2,2
210,1,38,1,7,1,3,1,7,1,1,1,1,6,1,6,2,2,3,3,4,1,9,1,1,1,3,6,5,6,7,7,1,3,5,7,7,7,2,1,1,5,6,6,6,1
211,1,32,1,3,4,5,1,4,1,1,1,5,5,1,5,5,2,1,1,1,1,9,1,1,1,5,6,6,6,6,6,6,6,6,6,7,7,7,7,7,6,6,6,5,5
212,1,48,1,7,3,3,1,5,1,3,1,2,6,1,6,2,1,6,6,7,4,6,3,2,2,4,5,4,4,5,6,6,6,7,6,1,5,7,7,6,5,5,5,3,1
213,1,45,1,7,7,1,1,5,1,1,1,2,4,1,4,1,2,2,8,9,7,1,7,2,1,3,6,2,3,7,6,5,7,4,5,7,3,5,5,6,5,7,6,2,1
214,1,39,1,6,1,7,5,6,1,3,1,7,6,1,6,7,2,4,9,2,1,8,7,5,4,5,5,6,6,6,3,2,1,5,6,7,5,6,6,6,6,6,6,4,7
216,1,32,2,2,2,6,2,6,2,6,2,6,6,2,6,2,2,1,1,9,1,1,2,2,2,6,6,6,2,6,6,6,2,4,7,7,1,6,6,6,1,1,1,1,4
218,1,19, , , , , , , , , , , , , , ,1,1,1,1,1,5,1,1,1,4,1,1,1,1,6,5,1,4,4,1,1,1,1,1,1,1,1,1,3
219,1,56,2,2,3,5,1,5,1,2,6,5,6,5,6,5,2,4,4,6,3,5,2,2,2,6,6,7,7,7,6,6,1,7,4,7,5,3,5,6,2,2,2,1,2
220,1,52,7,4,1,4,1,6,1,1,1,4,7,1,4,4,2,4,4,1,1,9,1,1,1,7,7,7,7,7,7,5,7,7,7,7,7,7,4,7,7,7,7,7,7
221,1,39,3,6,3,3,2,6,3,2,3,5,2,3,6,2,2,1,1,3,2,8,2,1,2,5,6,4,6,5,4,7,7,7,7,7,6,7,4,3,6,5,6,3,2
222,1,26,2,7,3,6,2,6,2,2,2,6,7,2,7,6,2,5,4,9,9,1,2,2,2,6,7,6,7,7,5,2,1,4,7,7,5,3,2,2,6,6,5,2,2
223,1,26,6,3,3,6,6,5,4,4,6,6,5,4,4,5,2,2,2,4,5,6,5,7,6,5,6,6,5,4,4,3,3,5,5,5,5,5,4,5,6,6,5,5,4
225,1,45,1,7,7,1,1,1,1,1,1,1,1,1,1,1,2,2,2,8,5,4,2,2,3,3,3,5,4,4,4,1,1,4,7,5,4,3,1,1,1,1,2,2,2
226,1,32,1,4,3,6,1,4,1,6,1,6,7,1,6,6,2,5,5,9,5,1,6,3,5,5,5,5,3,5,5,2,5,7,6,7,3,3,3,4,5,3,3,5,4
227,1,47,3,2,3,1,4,6,5,5,4,1,7,4,7,5,2,5,6,9,9,1,4,4,5,5,5,3,4,7,6,1,1,7,6,6,5,2,1,1,7,7,7,7,2
228,1,33,2,5,6,1,5,7,4,1,3,2,3,6,4,5,2,1,4,3,1,8,2,2,3,6,7,6,7,7,5,6,7,5,6,7,7,6,6,6,5,6,5,6,6
229,1,30,1,3,3,7,1,4,1,3,2,6,5,1,3,3,3,2,1,6,1,5,7,2,1,6,6,5,5,6,5,6,1,7,6,7,4,6,6,6,5,5,5,3,3
230,1,34,2,6,2,5,2,3,2,1,1,1,6,1,6,1,2,1,1,1,1,8,1,1,1,6,6,6,6,6,6,1,2,4,6,6,6,5,5,5,5,5,5,5,7
231,1,57,4,2,2,2,2,7,2,3,3,2,6,1,6,6,2,2,2,5,7,2,4,3,3,5,7,7,7,6,5,7,6,7,7,7,7,7,7,7,6,6,6,5,6
232,1,27,1,4,3,1,1,4,1,1,1,1,4,1,4,1,2,2,2,3,1,9,1,1,1,5,5,5,5,6,2,6,6,6,6,7,7,7,6,6,2,2,2,2,2
233,1,34,1,4,2,7,1,7,1,4,1,7,7,1,7,5,2,2,1,6,1,3,2,2,1,5,7,5,7,7,6,2,7,4,7,7,6,7,7,7,7,7,7,5,6
234,1,25,2,3,3,6,1,6,1,3,5,6,6,5,6,5,1,1,2,8,3,2,6,5,6,3,6,5,2,6,6,7,7,4,4,6,2,7,7,6,3,2,2,3,1
235,1,29,2,5,3,6,5,5,2,5,5,6,6,5,6,5,2,3,5,7,7,5,2,2,2,5,6,5,5,6,5,3,5,4,6,7,5,5,5,5,3,3,3,2,2
237,1,28,1,6,3,5,3,4,2,2,2,6,7,2,6,5,2,1,1,6,2,8,3,2,2,5,6,5,5,6,3,5,2,4,6,7,6,6,5,5,6,5,6,5,5
238,1,25,7,2,1,6,7,6,5,7,6,5,6,7,6,5,2,1,2,1,1,9,4,5,3,6,6,7,3,5,6,7,6,5,7,1,1,7,7,7,7,7,6,7,6
239,1,60,2,2,1,5,1,7,1,1,1,6,6,1,6,6,2,1,1,3,1,8,4,1,1,7,6,7,7,7,6,7,7,7,7,7,7,7,7,7,7,7,7,7,2
240,1,39,1,7,1,1,1,1,1,1,1,1,7,1,1,1,2,1,1,1,1,9,1,1,1,7,7,7,7,7,7,7,1,7,7,7,7,7,7,7,7,7,7,7,7
242,1,29,2,4,2,4,1,4,1,1,1,4,4,1,4,5,3,1,2,9,5,2,8,3,1,4,5,6,5,3,5,5,5,4,6,5,7,7,6,5,6,5,5,4,4
243,1,45,1,4,4,4,4,6,1,4,4,4,7,4,7,4,2,2,9,8,8,3,2,2,1,6,5,5,5,6,5,3,1,7,7,7,2,7,5,5,5,4,4,5,6
244,1,30,1,6,7,2,1,1,1,1,1,1,3,1,1,1,2,1,1,1,1,9,1,1,1,5,4,2,5,6,4,6,6,5,4,7,4,5,4,4,4,4,4,2,4
245,1,31,2,3,6,2,4,2,6,3,6,4,3,2,5,6,2,1,1,7,6,3,5,5,5,2,5,2,5,6,6,4,6,2,7,2,4,2,5,4,2,2,3,5,1
246,1,37,1,3,2,4,1,5,1,3,1,5,4,1,6,3,2,1,2,9,5,8,4,3,4,5,5,5,5,6,7,2,4,6,5,7,5,7,6,6,2,2,2,2,2
247,1,45,1,4,1,4,1,7,1,1,1,5,7,1,7,1,2,2,2,5,1,9,1,1,1,5,6,7,7,6,7,6,5,7,7,7,7,6,6,6,7,7,7,4,4
248,1,33,7,3,1,7,1,7,1,3,1,7,7,1,7,5,2,3,4,8,9,1,3,2,1,5,7,7,7,7,5,5,5,6,7,7,3,6,5,5,5,5,5,3,3
250,1,47,1,3,3,4,4,4,4,1,1,1,1,1,1,4,3,4,3,9,9,9,7,7,7,7,7,7,7,7,7,7,7,7,7,7,7,7,7,7,7,7,7,7,7
251,1,50,2,2,1,2,2,6,2,3,4,2,6,2,5,5,2,1,1,8,3,8,2,2,2,2,6,4,6,6,6,6,6,7,7,7,5,6,6,6,6,7,7,4,1
252,1,47,2,2,3,2,1,3,1,4,3,5,5,1,5,1,2,9,9,8,8,2,2,2,2,6,6,6,6,5,6,5,5,4,7,7,1,5,5,5,3,6,6,1,1
253,1,36,2,6,3,2,4,6,4,5,2,2,3,2,5,5,2,2,2,2,2,8,4,4,4,6,6,6,6,6,6,6,6,6,6,6,6,6,6,6,6,6,6,6,6
254,1,57,5,1,1,1,6,4,5,1,6,1,5,5,7,5,2,2,3,8,8,5,3,1,2,7,7,4,7,7,6,7,7,7,7,7,7,7,7,7,7,7,5,4,5
255,1,29,1,4,2,3,1,7,1,5,1,4,7,1,7,1,2,1,2,9,7,1,2,1,2,7,7,7,7,7,7,5,3,7,7,7,5,7,7,7,7,7,7,5,1
256,1,25,6,3,2,4,5,6,6,4,7,3,5,6,5,6,2,7,7,8,8,3,7,4,6,5,6,5,6,6,4,7,7,4,5,6,3,7,7,6,7,7,7,6,1
258,1,32,1,1,3,1,1,3,1,1,2,1,7,1,6,1,2,3,2,2,1,7,1,2,1,6,6,7,7,7,6,7,7,7,7,7,6,7,7,7,3,3,3,2,6
259,1,36,1,2,1,1,1,6,1,1,1,4,7,2,6,1,2,1,1,2,1,8,1,1,1,6,7,5,7,7,5,5,7,7,7,7,7,6,6,6,7,7,7,4,7
260,1,41,1,4,3,2,3,3,1,1,1,3,4,1,4,2,2,1,1,1,1,9,1,1,1,3,6,6,6,6,2,6,3,7,2,7,7,7,7,7,7,7,7,5,6
261,1,33,3,6,3,6,1,6,1,3,2,6,7,1,7,6,2,3,3,3,5,6,3,3,5,6,6,6,7,7,5,7,4,7,7,7,6,7,7,6,6,6,6,5,5
262,1,26,5,1,1,2,2,6,2,1,1,2,7,2,7,6,2,1,1,6,1,9,2,2,2,6,6,7,7,6,7,6,6,4,6,7,7,7,6,6,7,6,7,4,5
264,1,34,6,2,2,3,6,6,6,6,6,4,6,6,6,6,2,2,2,9,2,2,8,8,8,6,7,6,7,6,5,6,7,7,7,7,7,7,6,7,7,7,7,7,7
265,1,33,3,3,3,5,3,4,3,3,3,4,5,3,4,3,2,2,1,5,9,5,4,2,2,6,6,4,4,5,3,5,5,1,5,7,7,7,7,7,7,7,7,3,1
266,1,56,2,2,2,2,2,6,2,1,5,2,5,5,5,4,2,1,1,1,1,8,1,1,1,6,6,6,6,6,6,7,7,7,7,7,7,7,7,7,7,7,7,7,7
267,1,34,1,3,2,6,3,7,3,5,2,7,7,3,7,5,2,1,1,4,2,5,1,1,1,5,6,6,6,5,7,1,5,7,7,7,6,5,1,5,5,1,5,5,6
268,1,55,2,2,3,3,1,5,1,1,1,3,6,1,6,5,2,3,1,2,1,9,2,1,1,6,6,5,5,6,6,5,3,7,7,7,7,6,5,5,3,3,3,2,2
269,1,24,1,7,4,5,5,6,4,4,5,3,4,5,4,5,2,2,2,7,7,4,5,6,4,5,5,5,5,6,5,4,5,6,4,5,4,5,3,4,5,5,4,5,4
270,1,30,4,3,3,6,6,6,5,5,4,6,6,6,6,6,2,3,3,5,5,5,4,5,6,6,5,5,4,4,3,6,6,5,4,6,6,6,6,5,5,5,5,5,2
271,1,32,1,4,5,2,1,6,1,5,1,2,7,1,7,2,2,3,4,7,6,5,2,2,1,6,6,5,7,6,7,6,6,4,7,7,6,5,5,5,3,3,3,2,1
273,1,42,7,7,6,3,5,6,5,1,1,2,6,1,6,6,2,2,2,1,1,9,1,1,1,7,7,7,7,7,7,7,7,7,7,7,7,7,7,7,7,7,7,7,7
274,1,43,1,7,7,1,1,7,7,1,1,1,7,1,7,1,2,1,1,1,1,9,1,1,1,6,7,7,6,6,5,1,1,6,6,7,7,1,1,1,7,7,7,1,1
276,1,35,1,7,7,1,1,1,1,5,1,1,1,1,1,1,2,2,2,9,9,9,1,1,1,7,7,7,7,7,7,7,7,7,7,7,7,7,7,7,7,7,7,7,7
277,1,24,3,6,6,3,4,3,2,4,3,2,4,3,3,4,2,1,3,5,3,4,5,3,2,3,4,2,4,3,2,3,5,3,3,3,2,5,2,3,3,2,4,3,2
278,1,45,5,1,2,4,3,6,3,1,4,3,5,3,5,4,2,2,4,5,3,5,5,4,3,3,5,5,5,5,3,7,1,7,6,7,4,3,3,3,6,6,6,3,5
280,1,30,2,1,2,4,5,5,5,2,5,4,4,6,5,5,2,3,5,8,8,4,5,5,4,6,5,5,6,5,6,6,6,6,6,6,5,6,6,6,5,5,6,6,6
281,1,32,5,3,2,3,3,5,3,4,4,4,3,2,5,4,2,1,1,5,2,7,2,1,1,3,6,4,5,7,4,3,5,5,3,6,5,5,4,4,7,7,7,5,4
282,1,34,1,1,3,7,1,5,1,2,1,7,6,1,5,7,2,2,2,9,9,1,7,2,1,5,5,3,5,7,7,3,7,4,7,7,1,7,5,6,3,3,2,1,1
283,1,35,6,4,1,1,1,7,1,1,5,1,7,1,7,2,2,1,1,1,1,9,1,1,1,5,7,5,6,7,2,7,5,4,7,7,7,7,7,7,6,6,6,5,7
284,1,40,2,5,2,4,1,4,1,3,1,3,6,1,5,4,2,3,3,3,3,4,2,2,2,6,7,4,6,7,5,7,7,7,7,7,6,7,7,7,6,6,6,6,6
285,1,25,3,1,1,7,1,7,1,1,1,7,7,2,4,1,2,2,2,9,9,1,4,3,3,3,6,3,6,7,6,6,6,1,6,6,1,5,6,6,6,6,6,6,6
286,1,38,2,4,3,5,2,5,2,3,2,5,5,2,5,4,2,2,1,5,2,7,2,2,4,6,5,5,5,5,5,6,6,6,6,6,6,6,6,6,6,5,4,5,5
287,1,35,4,5,2,5,1,5,1,3,1,5,7,1,6,5,2,1,1,3,1,9,1,1,5,6,6,6,6,7,6,7,7,7,7,7,7,7,7,7,7,7,7,5,1
289,1,44,6,3,2,5,4,5,6,7,6,5,6,1,1,1,2,2,2,1,2,9,6,7,4,5,6,7,7,7,6,7,6,7,7,6,7,7,6,7,4,6,7,6,5
290,1,39,5,2,1,2,4,4,4,1,4,4,5,6,5,1,1,1,1,1,1,9,3,1,1,4,5,3,4,5,6,7,7,7,2,7,7,6,6,6,6,6,6,1,1
291,1,47,1,2,1,1,1,7,1,5,1,1,7,1,4,1,2,7,2,1,1,9,1,1,1,5,6,7,6,7,7,1,2,2,3,7,7,1,1,1,5,5,5,1,3
292,1,38,1,1,4,4,4,4,4,4,3,3,3,3,3,4,2,2,2,1,1,1,1,1,1,7,7,6,7,7,5,1,1,7,7,7,7,1,1,1,6,4,4,5,7
293,1,36,2,1,3,5,2,5,4,3,5,5,3,5,3,5,1,4,2,8,2,4,4,2,4,6,6,5,5,7,7,7,2,4,4,7,7,7,7,7,6,6,6,3,2
295,1,44,5,2,5,2,2,5,2,2,5,2,5,2,5,2,2,3,3,8,5,3,3,2,2,5,4,6,6,5,7,7,3,4,6,6,2,7,6,6,6,6,6,5,4
296,1,34,1,4,1,4,1,7,1,6,1,4,6,1,7,4,2,2,2,4,3,3,1,1,1,7,6,7,7,7,7,5,1,7,7,7,6,7,7,7,7,7,7,5,7
297,1,38,1,7,3,6,3,3,1,1,1,6,5,1,5,2,2,2,2,3,1,9,2,1,1,3,6,6,6,7,6,7,7,7,7,1,6,6,7,6,6,6,6,6,7
298,1,44,5,3,2,2,2,4,2,3,2,2,6,2,6,2,2,4,4,7,2,7,2,2,2,1,5,1,1,1,6,3,7,5,2,7,7,6,5,7,5,5,6,2,2
299,1,44,1,1,1,6,1,5,1,1,1,6,4,1,4,4,1,1,3,9,5,6,3,2,1,5,7,5,6,7,5,1,1,4,3,7,7,5,3,7,3,2,7,1,4
300,1,28,2,6,6,2,2,6,2,2,3,3,3,2,3,3,2,2,1,1,1,8,1,1,1,6,6,5,3,4,5,5,5,4,3,3,4,5,4,3,4,5,4,3,4
301,1,56,1,7,7,1,1,1,1,1,1,1,6,1,4,4,1,2,2,8,1,9,2,1,3,4,6,6,6,7,6,6,6,4,4,7,7,6,6,6,6,6,6,6,6
302,1,66,2,2,2,6,2,6,2,6,6,6,4,6,4,6,1,9,9,9,1,9,2,1,1,2,7,2,6,6,6,7,7,1,4,7,7,1,1,1,4,4,4,1,1
303,1,62,2,3,3,1,1,4,1,4,1,1,5,2,5,5,1,2,3,7,2,7,1,1,1,4,3,5,5,4,7,1,1,3,1,7,7,5,4,6,4,5,5,2,1
304,1,33,4,4,4,4,4,4,4,4,4,4,4,4,4,4,2,2,2,2,2,8,7,3,3,6,6,5,5,5,5,4,4,6,1,7,7,6,2,5,5,5,5,5,5
305,1,31,2,6,7,2,2,4,1,1,2,2,6,1,6,5,2,2,2,3,2,8,4,2,4,5,6,4,5,6,5,6,5,6,5,2,4,5,5,6,5,5,6,4,5
307,0,30,1,1,3,2,1,5,1,1,1,2,6,1,5,6,1,2,1,8,1,6,7,5,4,5,7,5,2,5,6,2,2,4,5,6,7,6,3,1,5,7,5,1,1
308,0,30,7,4,5,5,2,7,2,2,2,6,5,3,6,6,2,2,2,1,2,8,1,1,1,6,6,6,7,7,5,6,7,6,7,2,5,7,7,7,7,7,7,6,6
309,0,35,3,3,3,4,4,6,3,2,4,4,5,1,4,3,2,1,1,8,1,8,2,4,5,4,5,3,5,6,5,3,5,3,6,4,2,5,6,3,5,4,4,5,6
312,0,34,1,2,2,7,1,6,1,2,1,7,7,1,7,5,1,1,1,9,6,7,5,4,2,7,7,7,7,5,4,6,4,7,7,7,5,4,5,5,5,4,4,3,3
316,0,39,5,1,2,7,2,5,2,1,2,7,5,2,5,6,2,1,1,2,1,9,4,3,2,6,3,7,5,2,6,7,7,6,7,7,7,6,7,7,6,7,7,6,6
318,0,25,3,4,5,5,4,4,3,2,3,5,5,4,6,2,2,2,2,6,4,3,4,4,4,5,6,6,6,6,3,6,5,5,6,5,6,5,5,5,6,6,5,5,5
321,0,30,3,6,7,2,1,2,2,5,5,5,6,6,5,5,3,2,2,7,8,4,7,6,6,6,5,7,2,7,3,5,6,6,6,5,6,6,6,6,6,5,6,5,5
322,0,32,1,1,1,7,4,7,4,7,4,7,7,1,7,3,2,5,5,9,9,1,8,8,8,1,7,7,1,7,7,7,1,1,7,1,1,7,7,7,7,7,7,1,1
323,0,33,2,1,2,7,1,5,1,4,2,7,6,2,6,5,2,1,1,8,7,2,8,3,4,4,6,2,6,7,5,1,6,4,4,4,6,5,5,5,6,3,3,2,1
324,0,32,2,2,1,6,1,5,1,5,3,7,5,3,4,7,2,1,2,9,9,1,7,4,3,5,5,6,5,6,7,2,7,7,6,5,1,5,5,5,5,5,5,3,1
326,0,45,1,7,7,4,4,5,1,1,1,1,5,1,5,2,2,1,1,1,1,9,2,2,2,5,6,6,7,6,6,6,6,7,6,7,7,6,5,6,6,6,6,5,5
328,0,31,5,2,4,3,4,3,4,6,5,4,3,5,6,5,2,1,1,1,7,5,6,6,7,5,6,5,3,4,2,5,5,4,6,5,6,4,3,4,5,6,4,5,6
329,0,43,1,7,2,1,1,6,1,1,1,1,6,1,6,5,2,4,5,2,1,9,3,3,2,5,5,6,5,6,6,7,7,7,7,7,6,5,7,7,7,6,6,4,6
331,0,39,1,1,2,1,1,6,1,3,1,1,6,1,6,4,2,2,1,1,1,8,2,1,2,5,5,7,3,3,2,7,7,4,4,1,5,7,7,7,7,7,7,5,5
334,0,50,5,3,2,6,5,5,3,5,5,5,4,5,4,5,2,5,4,5,7,3,7,6,4,3,4,3,2,5,3,4,3,3,6,6,5,5,3,4,4,3,4,5,3
335,0,30,1,7,2,6,4,5,1,1,1,6,6,1,6,2,2,2,1,1,1,9,2,2,2,5,5,5,6,6,5,6,6,4,7,7,7,6,6,6,6,6,6,6,6
336,0,34,6,4,5,4,5,4,3,5,6,4,5,4,5,4,2,2,1,8,7,7,7,5,6,5,3,3,5,5,4,5,4,3,5,4,5,4,5,5,4,2,5,4,5
337,0,37,6,2,2,4,5,5,5,7,5,3,6,6,5,7,2,1,1,7,9,8,6,9,5,5,3,7,7,7,7,1,1,5,4,5,6,3,6,7,4,3,5,7,7
338,0,26,6,4,6,4,6,4,6,4,2,4,1,4,2,6,2,2,2,8,5,1,2,3,4,6,7,4,4,6,5,6,6,7,4,2,4,6,7,7,7,7,6,7,7
339,0,47,5,2,2,4,2,4,2,6,2,4,5,2,5,6,1,2,2,7,7,2,8,4,2,3,5,3,5,3,7,5,4,4,4,3,5,7,5,5,6,3,3,2,2
340,0,66,2,4,3,4,1,5,1,1,4,4,7,1,7,5,2,1,1,2,1,9,6,2,2,5,6,6,7,6,2,5,3,6,7,7,7,5,3,5,5,3,3,5,5
341,0,25,6,4,3,6,5,5,4,5,6,4,6,4,5,4,2,2,2,8,6,7,3,4,3,6,5,5,6,5,4,5,6,5,4,6,5,4,5,5,4,5,6,5,4
342,0,29,1,1,2,6,1,7,1,6,6,6,7,6,7,7,2,2,4,9,4,2,5,2,2,7,7,7,7,7,2,2,1,4,6,7,3,7,7,7,7,6,6,5,2
343,0,62,2,6,2,2,1,5,1,2,2,2,4,2,4,2,2,1,1,3,3,3,8,2,6,2,6,2,5,6,3,2,2,5,7,7,3,3,2,2,3,2,2,2,2
345,0,27,5,5,3,6,3,3,5,6,4,3,5,4,6,5,2,2,2,6,5,3,4, ,3,6,3,3,4,5,3,3,4,5,4,6,4,3,5,4,3,5,6,5,3
346,0,53,5,5,3,5,5,4,7,6,2,6,5,2,4,6,2,1,1,9,9,1,9,9,9,5,5,6,6,4,2,6,6,2,5,6,3,4,5,5,4,4,4,4,2
347,0,32,4,4,3,4,5,3,5,4,5,5,4,5,2,5,2,2,2,7,3,5,4,5,3,4,5,3,5,4,5,4,5,3,4,4,3,3,4,4,3,3,6,4,4
349,0,32,4,2,4,5,5,5,4,4,5,6,6,5,5,5,2,2,2,6,3,3,2,2,3,5,6,5,6,6,6,5,4,4,5,5,5,7,7,7,6,6,6,5,5
350,0,26,4,4,3,4,5,6,5,5,4,5,5,5,5,5,2,2,1,7,7,3,7,7,7,5,6,6,6,6,5,4,4,4,5,6,7,5,4,4,6,6,6,4,3
353,0,34,1,4,3,6,1,5,4,5,3,6,6,3,7,5,2,3,2,7,7,2,2,2,2,5,6,3,6,5,3,6,6,7,7,5,2,5,5,5,4,3,6,3,2
354,0,26,1,1,1,1,1,7,1,1,5,1,7,6,7,1,8,8,8,9,9,1,7,5,7,6,7,7,7,7,6,7,7,4,4,6,1,7,7,7,7,7,7,5,5
357,0,27,2,6,6,5,5,6,2,5,2,6,6,2,5,6,2,2,5,6,4,6,4,2,3,6,6,6,6,3,6,6,6,6,6,7,5,5,5,5,5,5,5,5,5
358,0,43,1,6,2,4,4,7,1,4,1,4,7,2,7,6,2,4,3,9,9,1,8,7,6,4,6,4,4,5,5,6,2,7,7,4,2,2,2,2,3,3,3,3,3
359,0,42,2,6,3,1,3,7,2,4,2,1,7,4,7,1,2,2,1,1,2,9,2,2,1,1,4,6,5,4,7,6,4,6,6,6,6,4,3,3,5,5,6,6,4
360,0,44,5,3,2,4,5,6,4,5,6,4,3,5,6,5,2,1,1,1,1,1,2,2,1,5,4,3,4,5,6,5,4,3,5,5,6,5,4,3,4,5,6,4,3
361,0,39,5,5,2,5,5,5,5,4,6,6,6,5,4,6,2,3,2,6,5,3,6,3,4,5,5,6,6,5,3,6,4,6,6,6,6,5,6,6,6,6,5,6,2
362,0,71,6,2,2,7,6,7,7,6,2,7,6,6,6,7,2,2,2,1,1,9,2,4,8,6,5,6,7,7,7,6,6,6,6,6,6,6,6,7,7,7,6,6,6
363,0,24,5,3,2,3,2,5,3,5,1,5,2,6,3,5,6,4,7,6,2,6,6,3,6,5,2,6,3,5,3,5,2,5,2,5,2,5,2,5,3,6,4,6,2
364,0,29,5,5,4,2,5,3,4,3,3,6,5,3,5,4,2,5,5,6,5,7,6,5,5,5,5,6,4,5,5,3,2,5,5,5,6,6,4,5,5,3,4,6,5
365,0,32,2,2,4,1,2,7,2,2,1,1,7,1,7,5,2,2,1,3,3,7,5,4,5,5,6,6,6,6,3,5,5,7,7,1,1,5,5,6,6,6,6,5,6
366,0,34,2,4,2,7,5,4,5,2,4,7,7,1,7,6,2,6,6,7,6,1,7,6,7,4,3,6,7,7,5,7,7,4,6,4,1,3,2,2,1,2,2,2,3
368,0,32,5,2,3,6,5,5,5,5,6,5,6,5,5,6,2,2,2,3,9,9,7,8,7,6,7,6,6,6,7,6,7,6,7,6,7,6,6,6,7,6,6,7,6
371,0,30,4,6,5,4,3,4,4,1,3,1,3,4,1,1,1,1,1,7,5,6,4,4,4,3,4,5,4,5,4,1,1,1,1,1,1,1,3,1,3,4,4,5,4
373,0,45,1,1,1,7,1,7,1,1,4,7,7,1,7,7,2,3,1,1,1,9,1,1,1,6,6,5,7,7,6,1,7,7,7,7,7,6,5,6,6,6,6,5,6
374,0,29,2,2,2,5,6,6,1,4,1,5,7,1,6,2,1,1,2,2,2,7,2,2,2,6,7,7,7,6,3,7,2,4,4,7,6,5,5,5,6,6,6,2,2
375,0,49,1,6,3,6,2,7,2,3,5,6,6,4,6,7,2,2,2,1,5,2,2,2,2,6,7,7,7,7,6,7,7,7,7,2,5,7,7,7,7,6,7,7,7
378,0,29,1,3,2,6,1,6,1,5,4,6,6,1,6,6,2,1,2,8,8,2,8,1,3,5,6,5,6,6,2,7,3,4,7,7,2,7,7,7,4,2,3,2,1
380,0,31,1,4,2,7,1,6,1,1,1,6,7,1,6,5,2,2,1,6,2,2,4,1,5,7,7,7,7,7,7,5,1,7,7,7,2,6,5,6,6,6,6,6,4
381,0,31,1,7,1,7,1,7,1,2,1,7,6,1,6,7,2,1,1,9,9,1,8,2,3,6,7,7,6,2,2,7,5,4,7,6,2,6,5,5,6,5,5,2,4
382,0,43,6,2,4,3,4,3,5,3,3,5,5,2,4,4,2,3,5,7,5,4,7,7,5,5,6,4,4,4,6,4,3,5,5,3,3,6,4,3,5,5,2,5,5
385,0,27,1,3,2,5,1,7,1,1,1,6,7,1,6,6,2,1,1,1,1,9,1,1,1,1,6,7,5,6,2,7,7,4,7,1,7,6,6,6,6,6,6,5,5
387,0,57,4,3,2,6,4,6,3,3,4,6,6,4,6,6,2,4,4,4,2,6,2,3,3,4,5,6,6,5,5,6,6,6,6,6,6,6,6,6,6,5,6,3,2
388,0,21,1,7,7,6,4,7,5,7,5,7,7,6,7,1,2,1,1,5,5,8,8,5,8,7,4,5,3,6,4,5,6,2,7,3,6,3,7,7,7,2,5,4,6
389,0,29,1,1,1,7,1,7,1,1,1,7,7,1,7,7,2,2,2,7,1,9,1,1,1,7,7,7,7,7,5,6,7,4,7,7,7,7,7,7,7,7,7,4,4
390,0,38,5,4,5,5,6,5,2,3,4,2,6,3,3,1,2,2,1,7,5,1,2,3,3,6,6,2,2,5,2,5,1,1,4,6,6,4,4,3,2,2,2,1,1
391,0,32,1,4,2,2,1,7,1,1,2,6,6,5,6,6,1,1,1,1,8,9,7,2,2,5,6,5,6,4,3,7,5,4,1,7,7,6,6,7,2,4,2,2,6
392,0,30,2,2,5,4,1,5,2,5,4,3,4,2,4,4,2,4,5,4,5,4,7,7,6,4,5,6,5,6,5,7,6,4,5,4,4,5,5,5,4,5,4,4,2
393,0,40,1,6,2,6,1,6,2,2,1,6,5,1,5,5,2,5,6,1,1,9,2,1,1,7,7,5,6,7,5,7,7,7,7,7,7,7,6,6,5,5,5,2,2
394,0,62,3,2,2,1,2,5,1,1,1,1,7,1,7,4,2,1,2,8,3,7,4,2,2,6,7,7,7,7,6,6,5,7,7,7,7,1,1,1,7,7,7,6,1
395,0,33,3,4,2,2,2,7,2,6,6, ,6,5,7,2,3,2,2,3,2,6,2,2,7,5,6,5,6,5,6,2,2,2,7,3,6,5,5,6,5,6,5,6,6
396,0,42,4,4,3,4,4,5,4,5,4,4,6,4,5,5,2,6,6,7,5,2,4,2,2,5,5,6,6,5,5,6,6,6,6,7,5,6,6,6,6,6,6,5,1
397,0,25,6,3,2,5,6,5,6,6,4,4,4,5,4,5,2,1,1,6,7,3,9,9,9,6,6,5,6,6,5,6,6,5,6,5,5,5,6,5,6,5,5,6,5
398,0,36,1,1,5,1,1,4,1,1,1,1,6,1,5,3,2,1,1,7,8,2,7,6,7,5,6,5,6,7,6,6,5,7,7,7,2,6,5,5,6,6,6,3,2
399,0,35,1,1,3,5,6,5,4,6,3,5,6,3,5,3,3,5,7,9,9,1,9,9,9,6,6,6,6,5,5,6,1,7,7,3,1,3,3,3,6,6,6,2,4
400,0,33,5,1,1,5,5,7,7,6,7,5,7,5,7,5,2,6,4,5,1,7,5,5,4,7,7,7,7,7,1,7,7,7,7,7,5,6,2,2,7,5,5,5,6
